number,l1_t,l1_s,model_height,lon,lat
mh0,31.766949,5.0933456,700,-171.4768340942662,77.44887555543262
mh1,131.56781,19.027304,1100,-159.7481762789487,74.91002728462932
mh2,336.51953,17.522243,1600,-163.497078650981,75.07550516703235
mh3,37.87453,10.170832,700,-162.685670379647,75.68327462297884
mh4,47.89167,24.01876,600,-160.2477553098041,76.13532942472185
mh5,18.032085,29.726593,700,-162.8260725544345,76.11736884039644
mh6,26.944336,21.802866,1000,-160.1227966295521,76.91124776901582
mh7,624.10815,29.6584,2100,-158.8293575325748,78.07160202705575
mh12,216.5452,13.421379,2200,-172.8559884176679,78.79476298569516
mh13,512.76385,10.971916,1100,-175.1425816845177,50.2837642142147
mh14,228.59839,5.0216866,900,-175.1665551613758,50.09348894716371
mh15,137.01454,7.228383,1200,-178.1978585493631,48.67540778389483
mh16,171.65764,6.6558795,1000,-176.4002259778837,48.35226957455991
mh17,71.345055,4.7762637,1200,-177.3584772998155,46.95369312811483
mh18,183.024,10.133887,1000,-179.5086387223011,49.27759072184717
mh19,116.046745,6.400242,700,-174.7149240061002,49.9517637763396
mh20,161.38766,5.0743346,1400,-174.4422346679405,49.65777982997174
mh21,129.42308,6.150342,900,-175.4026273496356,49.4889606333114
mh22,68.98832,5.688733,900,-174.7714527608463,47.00749061133163
mh23,61.301674,2.681284,900,-173.9352763201761,45.84156191354495
mh24,98.14479,3.726825,1200,-173.9597422444884,45.3914153060779
mh25,252.12524,9.594106,1200,-176.933979650663,43.59011735319597
mh26,322.43076,12.682223,1700,-176.9381610191499,43.7488903616646
mh27,249.2871,12.376614,1300,-176.9436968672883,43.94959696563134
mh28,198.0679,8.111562,1100,-177.0076064242303,44.13317186565487
mh29,228.98714,13.2205925,1100,-176.9585484288039,44.44416964159579
mh30,105.23745,3.5774608,1000,-179.7528693374646,43.95221692562713
mh31,64.01096,2.9296217,900,-179.1824561279676,45.39566656852625
mh32,97.65071,2.841397,1000,-179.7405172461487,45.75005686310042
mh33,169.29692,8.811651,700,-178.2244756169628,46.36301392743125
mh34,139.54321,5.882373,1100,-178.9052314585139,46.27357319439467
mh35,116.21687,6.365404,1300,-179.0216007231236,46.85187130543433
mh36,148.00989,6.394854,1000,-177.5475468380836,46.15269314252914
mh37,72.93154,4.22377,1000,-179.4599606400287,47.53542506604113
mh38,135.68106,6.473992,900,-179.4215572598967,48.03336579361555
mh39,89.49387,3.9246924,1000,-179.1801092834709,48.3066458257027
mh40,102.70009,4.744071,1000,-177.9009370618789,48.27096615086825
mh41,176.9137,7.5051,1100,-179.9321179397911,49.26625112859033
mh42,184.86421,8.676734,1300,-177.0851867549375,48.98957509821462
mh43,179.2328,6.2064476,1200,-174.3998248655128,43.69126851249548
mh44,346.2881,15.423801,1400,-174.1525180996591,43.38780406820769
mh45,292.52826,8.889601,2000,-174.1052955799883,44.45963788035411
mh46,176.70738,5.978299,1100,-173.1319666023304,46.29725796629842
mh47,112.16108,5.643829,900,-173.1919584261901,46.50814493198057
mh48,117.90905,4.272827,900,-172.568029633715,47.23912227291811
mh49,190.13113,6.268177,1200,-172.5561695014246,47.07936913717938
mh50,125.83965,3.8369236,900,-171.8604903279032,45.62072974305507
mh51,194.47397,6.815953,1200,-172.1433573491297,45.0824031955925
mh52,445.20203,14.201171,800,-170.8875059392709,45.57426360512029
mh53,183.74648,5.098015,900,-172.7063579854461,48.00985323765325
mh54,67.93971,2.8366587,800,-171.3928788941287,47.7551741385746
mh55,84.06841,3.1572983,400,-172.1019531002224,47.68893284475762
mh56,265.6174,10.535406,1000,-172.4045437453389,49.07226830434075
mh57,265.67966,10.762961,1000,-172.5035400642861,49.18541338307391
mh58,128.53954,5.7320805,900,-171.5808890313347,49.07631174585327
mh59,113.66576,7.808857,1100,-172.0209676247785,49.23259772914288
mh60,86.44108,3.4994385,900,-170.9257270140383,49.35469025372507
mh61,94.93092,4.8498516,1000,-174.317642575334,49.98529437316144
mh62,235.2071,10.171385,900,-176.0694096173352,43.32064802871287
mh63,303.2916,14.273701,1500,-175.8083922510116,43.22256217838657
mh64,480.24078,20.90017,1200,-174.94290397998,43.53862555374334
mh65,248.97798,6.0402684,1300,-174.7514733418406,43.74542220574564
mh66,291.19373,12.894351,1000,-174.998327903634,43.94988497585746
mh67,217.1086,10.431252,1100,-174.7851275885162,44.21395512014175
mh68,399.3388,15.134567,800,-175.4316455034844,44.18286966007086
mh69,238.28958,14.434888,1000,-175.3067225461357,43.97441176692055
mh70,311.6164,9.5456085,900,-175.1759789273875,43.84648200759483
mh71,254.1859,7.4287567,1100,-175.1520720922097,43.72792160303332
mh72,315.7033,11.733345,1300,-173.4482481359878,44.34811403063478
mh73,409.29895,14.906832,1500,-172.6509420937384,44.52369355096429
mh74,448.65988,16.46623,1400,-172.6374202040574,44.62452583839961
mh75,287.09775,14.966033,1200,-173.1612263286275,45.0757814436987
mh76,291.08875,10.706169,1200,-172.6781067971207,45.0609108192603
mh77,585.6732,13.655391,600,-173.6991107292189,52.77445299619585
mh78,548.19226,9.515666,1400,-173.9551578049406,52.76834645838278
mh79,99.43374,4.8639235,700,-174.2418181192087,53.20296974816825
mh80,432.48257,6.210902,500,-172.6149033935752,52.99165822868585
mh81,442.91208,5.976978,500,-172.9545878933628,53.14440786775333
mh82,327.18802,7.01109,1000,-173.1939252688096,53.27108456028172
mh83,163.38136,4.5663295,500,-173.3587568586989,53.31364522744077
mh84,256.20132,6.6133404,600,-173.4678207456084,53.22184276465766
mh85,272.94354,8.617614,600,-172.5735456410173,53.39641409688311
mh86,583.0337,12.311961,1200,-172.039545684877,53.47061570982504
mh87,119.38115,7.4145107,600,-171.8386675076665,53.87745211826849
mh88,89.6202,9.528467,700,-171.5115170008563,53.91344659327443
mh89,500.17334,12.651949,1000,-171.2565385614023,53.74954202209894
mh90,227.79628,12.917418,1600,-171.193352008367,54.14834816150013
mh91,537.2276,12.168026,1000,-171.020095725443,54.10287012739635
mh92,363.9631,12.492208,400,-169.6140803289886,54.33191064743946
mh93,344.80295,15.171974,1500,-168.2445056621158,52.28693141177228
mh94,652.29877,13.431386,1400,-168.0714159944822,52.1066112290933
mh95,298.80725,11.643035,700,-167.5813321007269,52.39469907600306
mh96,450.80142,7.552234,1500,-166.8419405136508,52.45847512672212
mh97,330.55844,24.598919,2100,-164.0143238392108,53.29381456754552
mh98,574.5057,16.395416,1000,-162.4006444000341,53.4966065027693
mh99,990.6968,14.407199,1500,-163.6187526173632,53.46468218233183
mh100,1116.6919,19.695978,1900,-162.8730921162096,53.62785309846874
mh101,1315.6991,18.559258,1700,-162.0041210331729,53.8949571247851
mh102,1107.8961,37.177334,1500,-161.6782013386849,53.94706097111013
mh103,881.17,29.068888,1200,-161.3908278182344,54.05104565018699
mh104,999.3088,15.95172,1000,-160.5130316873208,54.19366347682463
mh105,1073.775,12.59891,500,-160.3455552491788,54.18643807021
mh106,699.8804,17.184082,600,-159.8801357083963,54.1124133406355
mh107,987.9603,11.7042265,1100,-159.3775134190437,54.01967156436288
mh108,929.9655,11.83689,1000,-159.0911150283966,54.09174324472378
mh109,707.2381,13.733332,500,-158.7677695772564,54.40978454871626
mh110,1277.416,22.021126,2100,-158.4991050128025,54.2230367417697
mh111,673.9828,15.42657,2600,-156.8120408624137,54.86364459787643
mh112,830.5877,15.102681,900,-156.180194771909,54.84719354632622
mh113,1061.5118,21.039196,600,-156.3506985234674,54.78209901611739
mh114,1317.8787,19.032368,900,-152.6602558264267,56.15147894444475
mh115,791.19714,19.107794,700,-153.1866406883816,56.01333982813203
mh116,612.3982,16.974442,600,-150.5523173347015,56.98117267579858
mh117,743.82983,9.954666,1500,-150.2850371221587,57.02444277828409
mh118,1284.0682,28.20335,900,-150.7492379653847,56.71339854915291
mh119,17.094807,16.949184,400,-154.8447549263364,57.58669744202575
mh120,147.56561,18.960081,1800,-156.1715111565473,57.099333013722
mh121,101.46141,18.21045,1100,-156.1455858153884,57.22722823690567
mh122,57.45534,21.366999,500,-156.1019304034917,57.34497660301008
mh123,96.26577,21.694584,1400,-156.5593367025157,56.89736035495233
mh124,69.74974,17.001818,500,-156.8563174418227,56.75967864470718
mh125,61.02148,16.514906,400,-157.0357003127629,56.72672283725169
mh126,55.525547,17.073956,1500,-157.3614266038049,56.31580429637971
mh127,45.943848,14.110947,400,-157.6915568525829,56.21205884603707
mh128,36.225906,13.441068,500,-157.9941305816324,56.09708499509037
mh129,34.502518,10.730613,500,-157.7765809256434,56.10667102138277
mh130,77.754166,13.168858,1700,-159.4842027069279,55.53795657328958
mh131,53.982597,13.867135,400,-159.8411980798392,55.39763043340904
mh132,32.113667,9.903531,400,-161.2375280547177,55.06515452469437
mh133,31.036175,12.341711,400,-161.8687993780542,54.71500586693929
mh134,943.3077,19.096859,800,-162.3164372874216,53.9581852253004
mh135,34.405144,12.181127,700,-163.3526894538441,54.50847298932346
mh136,17.551353,9.8014555,400,-163.6129371423964,54.4596866208305
mh137,29.680826,11.509345,1600,-163.8350314098365,54.40673600161855
mh138,19.96762,15.996685,400,-164.6702225508145,54.23743355549077
mh139,31.068962,18.67958,400,-164.7815114271064,54.33702843102272
mh140,346.69855,7.2656727,1000,-172.8759952322653,50.46704085538198
mh141,100.94348,6.584646,1400,-172.1768183263328,50.16728149950718
mh142,126.07565,3.0473974,900,-170.2604122854006,50.68869845370097
mh143,646.8718,14.4850645,600,-167.5161764254294,51.63643211633502
mh144,65.60034,4.8207016,700,-165.8874437123066,51.41788745577936
mh145,52.408966,2.446183,800,-167.626869718539,50.55961795984651
mh146,13.821915,2.5197818,800,-167.512315452657,49.33686227391676
mh147,25.707329,2.1908202,800,-168.4509835787798,48.88367927462047
mh148,179.33017,8.566499,1000,-166.6797199120369,51.59888288975187
mh149,446.0501,8.515977,1000,-166.6287030892592,51.74680836927951
mh150,398.18814,9.79113,700,-167.6953965621474,51.48702635499203
mh151,98.88718,5.6869464,600,-167.9611609154219,51.18141192742889
mh152,88.76814,5.4032354,900,-167.9839214595022,50.14545193933883
mh153,40.396507,3.9921105,400,-166.7782936256575,50.20407203359859
mh154,54.56337,4.42735,900,-169.3021729010343,48.54424427092479
mh155,101.08682,6.824919,800,-169.6522905581155,48.59248600311997
mh156,75.13843,4.484947,600,-170.2736237839733,48.8667163493122
mh157,50.543774,4.7689,1000,-168.4756959033126,47.93598275507875
mh158,179.58644,4.0170803,900,-168.9542209485813,47.41111134266283
mh159,136.2707,5.95495,700,-169.0213710283688,47.2821232971886
mh160,79.923935,5.3059955,900,-168.0730211329993,47.06529272200473
mh161,58.36724,3.2797344,800,-168.046374726069,46.92000907779089
mh162,69.63189,5.4787064,1000,-167.5500375988889,47.47922297396204
mh163,49.88898,4.8367915,1000,-167.9199272820674,48.60353523671528
mh164,17.179121,2.543913,700,-167.1206373867386,48.69897255843546
mh165,24.512127,2.5396369,500,-166.7687637294733,48.40758588441663
mh166,66.08031,4.1626606,1100,-167.0657933563094,47.49359480590909
mh167,20.248566,2.9271147,800,-166.2742982611686,47.56106772637739
mh168,35.312737,2.635749,800,-166.2916621200647,47.64296153944505
mh169,22.190134,3.498226,800,-165.9218839587967,48.27071976257913
mh170,39.651585,5.709548,1200,-165.3786340427015,48.10519802285716
mh171,24.397385,3.1676073,900,-164.9541895458973,47.58163337824983
mh172,45.75428,4.8820777,900,-164.5552914169903,47.73131161782436
mh173,105.08144,5.3632145,1200,-164.4854498205248,47.66789941377952
mh174,72.417915,3.2227888,900,-164.035507034667,47.15292311570748
mh175,95.26682,7.576117,1400,-164.2314982227734,46.68143835399768
mh176,81.424995,5.5158453,1000,-164.289159677528,46.52709769815624
mh177,62.060707,3.4818826,900,-164.5299315395476,46.37604148379316
mh178,56.649364,3.9697084,800,-164.9136170417582,46.22332418131836
mh179,34.049126,3.6267226,900,-164.8421929076315,46.57959390279232
mh180,35.46476,3.78755,1000,-165.5521187356747,45.93580398186228
mh181,85.03811,7.362642,900,-166.6929424532759,45.71669043643049
mh182,54.55215,7.153384,1200,-166.9165928802379,45.85996334530404
mh183,232.33095,9.851139,1200,-166.8254490331112,45.17653694541004
mh184,272.0104,9.840432,1200,-167.5582009343946,44.98437848924456
mh185,196.82384,8.377022,1000,-167.7850741875816,45.23719194949157
mh186,167.0875,7.7177176,900,-167.2819622301431,45.22752525725283
mh187,189.4141,9.965294,900,-167.5971812239644,45.42324323996417
mh188,131.40773,7.0253334,900,-166.4785075911673,45.26998770617178
mh189,114.575005,6.406876,1200,-166.0587169179766,45.56489753076929
mh190,194.91774,7.8330655,1000,-167.1809169252091,45.04604821989819
mh191,203.68158,9.312769,1200,-169.5223475055644,45.80172394424798
mh192,206.67647,9.652294,1500,-169.721870066198,45.51250617058425
mh193,345.4581,11.630983,1100,-169.7644035916731,45.16565758885167
mh194,305.28168,12.54105,1000,-170.1035266821943,45.21005596183161
mh195,147.64539,5.691032,1300,-170.0395767344755,45.82072425999628
mh196,73.3221,3.1778128,800,-175.1958307788188,44.82421079646334
mh197,190.00735,9.394233,1200,-175.265977092052,44.31949042859636
mh198,175.38477,8.679708,900,-174.9167836846201,44.68644273412411
mh199,289.6934,10.737499,1200,-173.7226719681993,43.53245260274812
mh200,243.8305,9.474765,800,-173.9561168985078,43.60993052260915
mh201,157.28192,5.2095976,1000,-174.0129219819646,43.73303471088558
mh202,125.821915,5.9960713,1000,-172.6014991587682,42.03149815005664
mh203,237.71695,12.316107,1100,-173.0162390840573,42.55593329814439
mh204,193.72182,7.8778563,800,-175.4853575544585,43.4031163135013
mh205,60.13181,2.6733809,800,-175.305531845591,45.92971101596972
mh206,48.310825,2.8709736,700,-175.8920110035712,46.08796911483665
mh207,49.7337,2.9652057,800,-176.0940477839202,45.33157714545656
mh208,183.64441,8.861746,1000,-178.5609276827725,43.49151622276387
mh209,165.75801,6.8754544,1100,-179.1269280885449,44.15388841814483
mh210,110.62636,7.1029277,800,-178.7271643157116,43.83741131345713
mh211,112.544395,5.790091,1100,-179.4697399130809,43.3439214519537
mh212,230.9088,10.348112,1300,-179.2045301202735,42.12593801901906
mh213,300.59027,10.768617,1300,-179.1213062168532,42.64644127737039
mh214,171.19759,9.024237,1100,-179.4981162825186,41.92863092819362
mh215,259.65552,6.710057,1000,-179.7007448136581,42.46022555656088
mh216,260.42072,10.360392,900,-179.7509691325995,42.15013317831662
mh217,519.18835,16.009314,1300,-179.8915295155503,41.92491860899008
mh218,556.4144,16.151968,1400,-178.442692600289,42.53631195610379
mh219,363.87875,15.774184,1100,-179.859542121678,41.68393422734899
mh220,277.86407,10.321454,1200,-178.8148448770613,42.83002117920483
mh221,288.50577,10.151276,1300,-177.8831243733654,42.86354352427252
mh222,213.33405,8.08682,900,-177.8927749519839,43.06847426004961
mh223,237.49652,7.447678,1100,-179.593511169855,39.71815817795889
mh224,147.79886,6.43393,800,-179.857214241412,39.73790058601114
mh225,127.582146,4.0237446,800,-178.2016414907511,38.26268804848859
mh226,131.47325,4.9334793,1200,-177.5824996256264,37.26211297540866
mh227,92.35845,6.378165,1000,-178.188594431214,37.28488864054513
mh228,168.33192,6.7253656,1200,-178.0856272582312,36.97834131967719
mh229,178.15633,8.424908,800,-178.3348659738796,35.82253160852556
mh230,126.18714,5.4776955,1300,-178.3934423490144,35.62886638181131
mh231,116.14846,7.4524717,500,-178.7098450959799,35.88164232842758
mh232,59.056778,4.401387,800,-179.1941116476327,35.31583473555267
mh233,281.42252,8.600971,1000,-179.7637175677021,35.00003941018264
mh234,429.02176,12.976655,1600,-179.2861354987525,34.44653128426894
mh235,434.49103,8.853972,1100,-178.2450510122734,34.24108191920479
mh236,214.84325,12.160251,700,-177.9225682901346,34.35308038188278
mh237,298.14395,5.6453624,500,-178.241633315009,34.41402027001944
mh238,127.43048,6.933665,900,-177.9769063597778,34.76178162080292
mh239,432.1627,10.67495,1600,-177.4467706913501,34.75414802532204
mh240,73.88459,4.650763,1000,-178.071783296183,35.52671080458227
mh241,138.0921,8.154569,1000,-178.0595872602906,35.80941478859227
mh242,275.44092,8.135856,800,-177.4162549549445,35.43481378354757
mh243,119.870346,3.7474449,1000,-178.4339362715094,34.91621366877789
mh244,290.52518,11.42892,1700,-177.0631832293385,36.07506164000417
mh245,333.26248,8.657958,1100,-176.1594164404583,36.1740647576145
mh246,224.98509,13.927068,800,-176.7255409225903,34.67688926014578
mh247,268.39368,7.53507,1100,-176.1292521369111,38.2648893009016
mh248,158.86768,6.72609,1400,-176.113385588753,38.77240319643873
mh249,112.209946,5.8878126,1700,-175.4955514714418,38.54079898963194
mh250,104.59822,8.175398,900,-176.3292418547269,38.6237351752531
mh251,109.14882,7.7683563,1300,-175.4871586956467,38.36396281041566
mh252,160.10632,6.0180345,1700,-175.5324926797534,38.07451535087787
mh253,76.23192,3.3323343,1100,-175.2094673886124,39.76235322892693
mh254,57.95931,3.0175626,1000,-174.3787281618539,40.02360670397252
mh255,62.545376,3.6062057,1100,-174.1569065249445,39.76024365968208
mh256,155.73163,7.4331856,1100,-174.1119935113155,38.83009191660747
mh257,87.78794,7.5411673,1000,-174.0401031902963,38.65762385596314
mh258,131.36502,6.9557695,1100,-174.4582584906488,38.48047993820228
mh259,258.96634,13.813615,1000,-173.8586022123909,38.12715419107555
mh260,187.69078,9.816355,1000,-173.5042451598457,37.69602325676166
mh261,195.4176,9.762175,1000,-173.5300463854219,37.90350020623979
mh262,182.79813,7.846387,1200,-173.837615722096,36.9205303124388
mh263,251.37344,13.768127,1500,-173.3122933262949,37.29255771549262
mh264,407.56696,26.859795,1500,-174.0498635568268,37.35634369339827
mh265,76.164955,6.19586,1000,-174.8240790448939,34.44494075569383
mh266,91.44594,4.627158,800,-172.26567300528,34.13879719100601
mh267,79.110245,4.5694795,600,-172.1176697621345,34.22718129545835
mh268,79.22499,3.6088145,600,-173.2577121314226,33.83299110883449
mh269,69.21165,3.467972,600,-173.4591735598122,33.76470366749525
mh270,69.40928,3.1457572,800,-171.2770590129445,34.50443522072305
mh271,64.06417,2.695581,800,-170.8797066279299,33.93963866409138
mh272,88.422104,3.5398667,800,-171.7939461867607,33.96308994835217
mh273,99.54305,4.3035975,900,-171.6434908525175,34.02937760675036
mh274,155.93904,8.242,1000,-172.0812444496869,34.84623430498699
mh275,116.66172,6.8833237,800,-172.150073101003,34.62770559283125
mh276,539.65985,13.766205,1400,-179.574467672665,31.4892587111044
mh277,375.05942,8.019373,1400,-179.3763239308151,31.47140126471411
mh278,403.33887,10.375278,1600,-179.4862841295939,31.06526142228857
mh279,286.97974,5.1270156,1000,-179.3926847706016,30.86973410354283
mh280,70.85786,3.5474813,700,-179.3319324620331,30.5007089981402
mh281,103.92968,6.050205,800,-178.8566884979082,30.36132580314409
mh282,158.1633,8.999761,1000,-178.8216505248795,30.19533923139678
mh283,116.71276,6.848507,1000,-178.6036863497554,31.98937820493374
mh284,169.26614,11.300973,1000,-178.3273010755643,32.31957740273429
mh285,118.4795,10.143411,900,-178.1478653340727,32.37390698402988
mh286,90.293816,4.678795,700,-178.3726204236608,30.46632378869033
mh287,149.39584,6.6849384,800,-177.8430362126679,31.33248220791679
mh288,81.77321,4.7946167,800,-177.5942530406692,31.42241818871767
mh289,128.16962,5.353275,1200,-177.4563061996449,31.71342578477863
mh290,169.75552,6.933123,900,-177.1811312149738,31.76898027833137
mh291,100.790016,3.8946245,800,-176.390789196548,30.75816014020135
mh292,146.66809,7.4181085,800,-176.6056040121027,30.85558130047667
mh293,242.99365,5.6466537,1400,-176.2322107552296,31.39876433470263
mh294,216.05673,11.960445,1000,-177.1022847844135,32.27278775927001
mh295,127.72186,6.6295366,1000,-177.2430308871569,32.07614249774222
mh296,189.91867,8.365383,1300,-176.8559260814517,32.77647917453844
mh297,125.81504,7.1764507,900,-176.9606722962099,32.13117494282594
mh298,89.879364,4.2607594,900,-179.0236350196203,31.85112667658449
mh299,223.33798,9.091084,900,-179.4466567254881,31.93496342688626
mh300,134.16986,7.0430737,1200,-176.4683515223052,32.9543121522903
mh301,160.74048,8.08102,1500,-176.865729033331,32.35425035442418
mh302,108.18383,6.8511047,900,-177.0492199944759,32.06854870659165
mh303,322.34857,8.365848,1000,-177.3149552727622,32.36837815387032
mh304,210.89261,4.723685,600,-175.7062195149284,31.1484266484968
mh305,88.933556,4.191132,700,-175.5025022467181,31.2145694131211
mh306,176.92094,10.681815,900,-175.7155513825059,30.91700385200712
mh307,113.40913,4.303681,1000,-175.4535000319184,32.02028847159232
mh308,532.4601,11.952402,1500,-177.7948720858017,34.19946683531106
mh309,555.4818,23.936054,700,-176.702841753656,34.09534679595041
mh310,535.6667,14.00759,700,-176.8118172427963,34.17303076636781
mh311,182.42061,7.0563097,800,-178.4981847037016,36.43734979369663
mh312,266.02283,12.25082,1600,-175.9968614466564,37.68373947515641
mh313,321.2044,11.21113,1000,-175.5871457422578,37.15279467926485
mh314,464.04654,10.298253,1500,-175.5785223981654,35.89482280052307
mh315,178.31015,6.5958376,1400,-176.0585863042924,35.2862212605967
mh316,292.1294,17.4939,900,-175.4910146238407,36.67959934359882
mh317,169.37184,8.265626,1500,-174.456886544861,36.25907026258789
mh318,303.5884,5.3473077,1300,-172.2370418395176,36.9009563717245
mh319,190.91335,10.446236,1100,-171.6230155309207,36.91035544607197
mh320,146.22757,6.626874,900,-173.1177063257832,37.11971986345922
mh321,241.2479,12.460954,1800,-172.6338725257104,37.39591976847549
mh322,157.66452,6.4257984,900,-171.7549254668673,37.36701051274023
mh323,429.6829,17.783056,1600,-171.1989385286786,37.75238702906451
mh324,182.07095,12.408629,1200,-171.3540409140575,37.90547937435019
mh325,403.06412,14.973879,1000,-173.4784492902071,37.37236491986567
mh326,355.4327,17.175825,1000,-172.2625044680566,37.69372292777877
mh327,302.1402,16.560791,900,-171.7854258134876,37.81534035911044
mh328,206.31197,13.178474,1200,-172.090706709521,37.79501420347642
mh329,267.4978,16.354637,600,-172.4888467767686,38.00835967651127
mh330,359.46063,14.61154,1000,-172.4982062660104,37.56735005605546
mh331,602.66425,20.26963,1100,-170.4094732635009,38.13554113913752
mh332,288.14886,13.219272,1100,-169.3346373262751,39.43174334270667
mh333,292.72952,10.988216,1000,-169.7047316288532,38.48730348910979
mh334,352.05777,18.04893,500,-169.8977865114033,39.21999788722426
mh335,96.06314,5.6802907,900,-170.9115448675275,39.66926546003212
mh336,58.386063,3.4823594,1100,-170.8744099308409,39.98079021093061
mh337,91.62547,5.0002728,1000,-170.4701243079997,40.12292394049754
mh338,49.9592,3.1251338,800,-171.3065445313649,40.12488691251698
mh339,120.00517,3.9796872,1100,-171.5970790512897,39.87253631162718
mh340,180.65025,4.524489,1100,-171.7628098442106,39.80911079801309
mh341,96.83919,4.891565,1200,-169.3606035302529,40.36638099275694
mh342,108.49439,5.6290617,900,-172.3789112749337,38.8335127662184
mh343,78.38089,4.9040666,900,-172.6089008622805,39.57324084467933
mh344,77.65081,4.3424106,900,-172.7957853528905,39.49166094856774
mh345,114.711464,4.0308433,800,-172.1399224847304,39.46907088177883
mh346,110.93004,3.4810288,800,-172.1099025861798,38.9842563733852
mh347,75.613686,3.6521914,1100,-173.1851606726747,40.40576675432953
mh348,47.655308,2.1594605,800,-174.1685737448814,40.22462090425523
mh349,70.045975,2.577139,700,-173.3211749524019,40.94203930449049
mh350,439.15906,20.325712,1600,-176.8906107951781,39.38049232685572
mh351,387.72052,15.344585,1200,-177.1450736336821,39.29470152751669
mh352,246.33746,14.727964,1300,-176.6729023428608,39.64637284252868
mh353,67.43875,2.607095,1000,-178.7754695882582,40.60615219220726
mh354,174.42883,8.5216875,900,-179.1462679476945,40.56918910731414
mh355,283.75394,13.266875,1600,-177.7783022665016,39.73078240227241
mh356,124.42076,8.040961,400,-179.1629623793794,41.06304773989603
mh357,136.77708,6.418458,800,-175.9926103590667,39.04845351336259
mh358,171.29568,10.488209,1400,-176.5051511447524,39.47779804588821
mh359,213.995,11.927707,900,-176.3292428809815,38.43138426098846
mh360,111.01945,7.103152,700,-176.4138915577174,39.27228868935901
mh361,95.240395,5.939801,800,-176.3690973455639,39.09875936899991
mh362,269.80893,16.852964,1200,-176.1716193858734,36.99172702691821
mh363,209.32024,11.434911,1200,-176.2169367163399,36.42517058947896
mh364,100.183,3.4475088,900,-171.8043244608201,41.43711334654042
mh365,98.05611,3.638132,900,-171.2612048413643,41.47195636852234
mh366,156.51674,5.2460537,800,-170.9630987069076,41.69283694029073
mh367,304.49512,6.653116,1000,-172.374046358293,42.37119054380638
mh368,402.56244,10.529093,800,-173.7995532826258,44.35680984714229
mh369,187.37045,6.6192718,1500,-173.5555358250144,45.088917129662
mh370,155.11522,5.7455683,1200,-174.1906915257574,44.99079725478467
mh371,63.23383,4.357187,1200,-178.9872012597751,47.07768970295159
mh372,184.54207,7.152744,1200,-178.6718718083546,46.71686014591319
mh373,141.69182,4.2629304,1000,-178.4607995921486,46.88543520716784
mh374,186.0196,8.631011,1400,-179.5767013119528,47.03383143652697
mh375,369.3777,11.413517,1100,-179.5855924381978,46.862461730503
mh376,119.12199,6.6575284,800,-177.6373537010159,48.70428100014407
mh377,84.131035,5.8079643,500,-175.2398922082825,48.3242350389538
mh378,111.15518,6.3052297,900,-175.12493766101,46.92662042066939
mh379,125.16278,7.0255566,1000,-175.1536166064019,47.1498835312205
mh380,207.84705,10.000158,1100,-174.9907317012292,49.66545750948267
mh381,159.26874,6.8691335,1200,-175.4014453852541,49.27611062815228
mh382,70.59652,5.231538,800,-168.1450561026595,47.74839183080799
mh383,151.68814,5.2033014,1200,-168.8730649205486,48.33203561147936
mh384,156.07333,5.4314227,1000,-168.0840409732907,45.45953578718476
mh385,181.28947,5.4086995,1200,-169.1644392171106,44.07450909164144
mh386,243.76282,9.49756,1200,-170.6828537745185,43.53205896507225
mh387,181.08713,9.336814,800,-170.0464292816657,43.83274723230881
mh388,183.44135,14.029376,800,-169.8472953298701,43.86150767293297
mh389,152.4291,7.462803,1000,-169.7329051240933,43.85465432975658
mh390,150.13171,7.562637,1000,-169.5378064955077,43.8927895376212
mh391,192.06438,8.5862875,1000,-169.5658192056955,43.31912856361432
mh392,132.56891,5.6711636,800,-171.8606291870349,43.26521120732702
mh393,125.64673,5.130587,900,-171.7688397245433,43.44448712359
mh394,299.71576,9.553027,1000,-172.7672450458488,43.45166445061614
mh395,186.5307,6.218111,1300,-171.6772384705435,43.75038499789362
mh396,70.67542,5.737243,900,-170.6421737044205,40.0906360411179
mh397,220.00177,11.078273,1100,-167.5540235606732,39.77417173781981
mh398,173.84137,9.661107,1100,-168.0010107077344,39.66029427120821
mh399,211.57997,8.972373,900,-168.365977936577,39.62456752774178
mh400,51.412483,2.7761097,600,-167.637267683052,40.9159172827503
mh401,305.1387,5.4723997,1100,-166.5861519248201,40.85285181609915
mh402,75.1482,4.917258,900,-165.8178871068086,39.46382762696877
mh403,118.77161,5.484874,1200,-164.508527250933,39.70277351216867
mh404,95.961426,3.4113603,900,-165.0146498326586,39.27385900074986
mh405,289.13232,11.061217,1100,-165.5534457646539,40.83086772491988
mh406,177.77663,7.6166873,1300,-165.5113566657451,40.68690975101381
mh407,124.156525,4.6667113,1100,-164.5974759656791,38.28721669538623
mh408,113.655624,5.1430197,1000,-162.812550470268,39.81436539493896
mh409,85.17602,3.123188,700,-162.0181217801181,40.86865216851555
mh410,58.523247,3.5136104,800,-162.5179844919134,40.50526879634246
mh411,80.60624,3.1966991,800,-163.9933520209862,39.24717283985075
mh412,109.17597,5.618387,900,-161.1002755322583,39.45280835555712
mh413,88.420654,4.406,900,-160.9336152050795,39.5296062911596
mh414,114.80811,4.383104,800,-160.4616762403049,38.92190777826183
mh415,133.9125,4.838774,900,-162.3224477749748,38.57372847307072
mh416,142.83562,6.783296,1100,-162.9184650317762,37.85147464308432
mh417,180.18187,6.9963355,1400,-160.1114823267277,39.39150544530771
mh418,130.1452,5.8291264,1300,-165.4410691870758,41.4919488962664
mh419,242.95491,7.505627,1600,-165.2426541798323,41.29266777061217
mh420,105.18605,3.9415553,800,-167.4051973310657,41.92426056530893
mh421,67.1709,3.8526545,700,-167.0709355668803,42.88553591180469
mh422,130.72507,6.8474045,800,-166.1413013986072,42.62585334515835
mh423,214.28131,7.5733805,1200,-165.6212767548622,42.31479158728519
mh424,166.32593,6.5319247,1500,-163.5301215194805,42.47889797055088
mh425,96.673775,5.2110257,1000,-163.3829973645199,42.51303342681114
mh426,82.33714,3.7742157,900,-163.197660351279,42.74026112775973
mh427,97.19029,3.9544692,1000,-163.4026460982377,42.73366894926427
mh428,78.24986,5.0977197,1200,-163.9635791212687,43.12644875821976
mh429,71.838776,3.082861,600,-164.5064014719471,44.12901012880546
mh430,47.203217,3.125644,800,-166.1253025716503,45.05225048383636
mh431,61.07291,2.9434345,900,-165.8208456500877,44.33125619710922
mh432,15.569834,2.4970887,700,-163.0070987746992,44.72855249918004
mh433,45.786495,3.1394045,400,-163.4236865012564,44.20883980247204
mh434,274.1116,11.057098,1800,-162.0701846926063,41.69061125519627
mh435,117.27416,4.3755646,1000,-160.5159672859562,43.56333051440545
mh436,77.52449,4.5279117,1000,-160.1408100597646,43.75190048659495
mh437,44.44289,2.724028,900,-161.7392016110185,43.05054205343868
mh438,184.80812,8.041262,1200,-158.3450316717387,42.72232836889338
mh439,146.6945,11.21063,1200,-158.6824845004322,42.58240273270294
mh440,221.817,8.065635,1000,-158.9650684321643,42.58678364046303
mh441,257.56555,11.8048315,1000,-159.4218355709697,42.28724980479535
mh442,155.20354,7.0230794,1400,-159.9837789514808,43.51198408138374
mh443,51.09106,3.8663328,900,-161.6447937219821,44.25851505156418
mh444,83.406746,5.1057196,900,-161.2117704092907,44.00480764325267
mh445,133.67181,5.242158,1000,-164.8861342677267,41.00325767951215
mh446,129.25839,4.800039,800,-164.002957820719,43.35132460359746
mh447,40.40628,3.062455,500,-162.2715586239273,46.24830582686551
mh448,76.36657,3.5925827,1100,-161.1916386420572,46.57222812021206
mh449,21.985987,2.4072762,800,-162.6212412168565,48.17465098076795
mh450,73.806404,5.9065485,1000,-164.348968160349,48.82123132877058
mh451,38.41548,4.368272,1000,-164.2302979855783,48.92159596251479
mh452,35.28016,3.390249,800,-163.6924058460513,49.04017638344986
mh453,36.207146,6.1011024,1300,-164.0571853953157,49.10797204109262
mh454,26.875021,2.7940078,1000,-163.3422475511572,49.5178696638224
mh455,56.315994,2.553263,800,-164.5697729742496,49.317131501819
mh456,49.374996,2.4174664,700,-164.7038445324388,49.0521337581856
mh457,13.432443,2.2942858,700,-160.3256980022505,49.7707360057221
mh458,28.223331,2.3615837,800,-161.0982470450612,49.3934147859636
mh459,73.39413,4.5654917,900,-161.8707796480441,50.92853943096624
mh460,23.534826,2.254853,600,-162.3142540298057,50.78996169631723
mh461,48.288746,2.5577364,600,-162.5100353049902,51.85482168307692
mh462,50.084442,2.5971127,700,-162.732550882013,52.17134389291963
mh463,98.317085,1.9140704,700,-160.3036368263138,52.93385733278027
mh464,43.09675,3.8754165,900,-163.1804990176783,52.02613546230502
mh465,95.89772,8.051832,1400,-160.7595201298933,52.22214180812212
mh466,49.491184,4.3371,900,-160.6911127483699,52.358498952524
mh467,17.567507,3.1302357,700,-158.8420890773047,51.9108627947099
mh468,19.055536,3.1237748,800,-158.7936570632126,51.9985443643975
mh469,30.036404,2.5522063,800,-157.9400411709946,52.06880273066394
mh470,26.365377,2.8284163,800,-158.4424467223759,50.64408354517478
mh471,25.834377,3.1716704,900,-157.6616353723071,50.88004175284505
mh472,25.22664,3.7303765,800,-156.9303890979681,51.35757478933933
mh473,32.357674,2.4406548,700,-155.9683170186641,50.87306593226958
mh474,67.80071,3.7868521,800,-155.8431967014832,50.08117235651466
mh475,71.61942,3.4732227,700,-155.9143424372707,50.25433508734201
mh476,26.993744,2.524598,700,-156.1057745388275,48.96188495887716
mh477,43.05114,3.3532956,800,-156.0301360238192,48.51240917632774
mh478,69.5794,2.9063072,900,-156.9382725551043,47.80375982746723
mh479,67.18538,3.5382366,1100,-155.8263591404094,47.50113844593917
mh480,40.780186,3.400893,1000,-158.5663297253355,46.87949613991779
mh481,78.91334,5.360641,1200,-158.3177182116002,47.27274806023686
mh482,59.611668,3.0531895,700,-159.2906961707847,46.946302199068
mh483,55.698486,2.8068204,700,-159.2016719080838,46.68837644080777
mh484,67.50861,3.2605667,400,-159.6557049013357,46.04996921111844
mh485,38.168262,2.9073873,1100,-157.8405759707323,43.95316273877624
mh486,35.786186,4.240535,600,-159.8700664570644,46.63982867790804
mh487,52.039402,2.8813996,500,-159.7640227335798,46.38789125831731
mh488,58.41212,4.4554353,800,-158.3327295972581,45.47018761978196
mh489,60.483997,2.6243975,800,-157.724100357108,45.88519191427324
mh490,75.06821,4.7875867,1200,-155.0358213758955,46.1464950274862
mh491,65.060295,2.6079652,800,-156.7026935323825,44.22113273522582
mh492,67.02865,5.3382726,1400,-157.4472152015489,45.21247663417255
mh493,42.318527,3.296248,900,-156.214520425506,44.18178615060734
mh494,102.46083,3.422352,1000,-154.2496451814281,43.85864927329111
mh495,112.601585,5.0208683,1400,-154.8650388694979,43.55592089293979
mh496,329.6367,12.244585,1800,-152.6275232737829,43.75400585069356
mh497,152.54636,8.270143,1500,-152.6018871449098,43.94328594084683
mh498,152.97385,3.5991094,1000,-153.0910076709721,44.39817353748165
mh499,80.86395,3.6435888,1000,-151.4782806856765,44.54387378883392
mh500,48.585552,2.790019,700,-151.8286212283722,45.25925519728547
mh501,77.11764,3.9080164,700,-150.465090173498,43.87741648421777
mh502,257.48447,8.550914,900,-152.9207699453711,44.29306343950939
mh503,84.516525,4.9360967,1300,-152.055343127976,45.92513830209703
mh504,73.21206,7.1574435,1100,-152.2818428615189,46.13937769721434
mh505,139.81648,7.3517303,1200,-150.9731164015018,46.81730405470759
mh506,54.453697,3.044691,400,-151.2681095953722,44.63374295216553
mh507,136.73112,7.905324,1100,-151.4830835372868,47.73043063193225
mh508,157.44879,6.0691094,1100,-150.5834846070064,47.92954929883908
mh509,90.5794,6.2070527,1200,-150.0963571690291,47.21988633571709
mh510,120.731995,7.6745753,1300,-150.2602841280048,47.22469763317352
mh511,148.1572,5.4007473,1000,-151.1731115888795,48.21638036012588
mh512,180.2206,9.9679365,800,-151.1754018187736,47.79143655889896
mh513,63.201977,4.8522434,800,-152.0936719690369,47.72543892428475
mh514,79.90982,5.5342045,800,-151.7210995911704,48.3418937076626
mh515,64.495995,3.8918638,1400,-151.9670909746709,48.27854340344819
mh516,96.46709,5.277218,700,-152.3217823535154,47.89536289165218
mh517,153.93811,10.353313,1400,-153.2446163819853,48.0504545290927
mh518,96.13336,8.920689,1700,-153.4885429169363,48.21236253909756
mh519,92.708466,13.945351,1200,-153.4874053346757,47.98544048594243
mh520,25.981695,3.0167034,700,-154.8389233035642,47.10972130058188
mh521,36.183258,4.6894827,1100,-154.4632165437627,49.05587104761347
mh522,36.999123,5.3939257,900,-154.7740945318558,49.71327295272994
mh523,40.59124,3.8099,800,-155.2712048551382,49.98277006231264
mh524,77.52666,5.514939,700,-152.5544180799241,48.96158175763435
mh525,68.83846,4.313469,800,-152.7832826955856,49.35410735069152
mh526,15.306686,2.4442816,800,-153.2647505394683,49.7845771951364
mh527,38.85961,3.0451145,800,-152.5964359511549,50.23706861500546
mh528,20.245308,2.658322,1000,-153.2354441036472,50.09207102395723
mh529,24.962408,3.8975213,800,-153.5397481545919,50.16243934152027
mh530,38.699623,7.6670794,900,-154.8820623625679,50.83549868489713
mh531,40.91158,5.8510222,900,-154.6700283695646,50.84534868087909
mh532,137.8999,10.964683,900,-154.0405152892549,51.70287024032285
mh533,170.18408,11.272995,1000,-153.9504291988659,52.2133269383163
mh534,46.65774,8.077132,800,-154.1769767790259,52.21622259519867
mh535,232.80838,8.61685,800,-153.4308124146634,52.15721698664431
mh536,19.688248,6.146897,900,-156.6012735074909,53.09745319136842
mh537,78.138016,3.8950155,900,-153.3924769910228,53.27571758311537
mh538,90.23807,4.2874713,500,-152.7725921950952,53.45543009107628
mh539,93.879776,3.5443978,700,-152.5525131772049,53.48783658829126
mh540,85.4084,4.0165253,900,-153.6457981092296,54.42404455870746
mh541,135.49828,5.492868,1000,-153.9407046911703,54.44939760279943
mh542,142.34009,6.453479,800,-153.9418922814089,54.62953169476805
mh543,300.0618,10.135997,700,-153.8871005942839,54.92314870254004
mh544,81.515854,4.3393693,1300,-152.4524878070827,53.89042219464007
mh545,140.63489,6.624696,800,-151.2816531234552,54.68128993203808
mh546,123.76705,5.0309553,900,-150.9070793697642,55.03135338861262
mh547,118.37634,6.912831,700,-150.601320261705,55.02831479396868
mh548,115.95336,5.9074807,800,-150.3972693562887,55.03508051589569
mh549,95.60453,2.936876,900,-150.0903799650821,49.32855310000767
mh550,118.578316,6.2699013,900,-151.7269109551404,49.61865122455016
mh551,135.31512,9.1052065,1100,-151.8460653548651,49.36219558749687
mh552,137.80687,7.43677,400,-151.15439976963,49.59542286946206
mh553,46.101765,3.119731,900,-153.3429586970703,47.46606029866258
mh554,54.037437,2.9745305,400,-154.6111893874663,45.72694091359745
mh555,52.472675,2.1305923,700,-154.7779100641928,45.67984518008336
mh556,67.627335,3.0602293,800,-153.617902279034,44.59140028895806
mh557,91.3178,4.974857,900,-157.0482494222102,44.08366464334204
mh558,96.29082,4.396072,800,-153.6166190126402,42.88301629069462
mh559,72.74911,3.1996946,1100,-154.8466013819917,42.84294926095977
mh560,110.4841,5.58082,900,-154.6994319659331,42.35316610409205
mh561,46.044575,2.9172244,900,-154.2161104408056,41.76206872978656
mh562,72.05342,2.0542948,1000,-156.8892706648138,40.62891998281198
mh563,83.00895,3.5230768,900,-156.2564932809649,41.9813831210479
mh564,67.16293,2.7379165,600,-153.6518248271094,42.09799435739104
mh565,120.45509,5.6525707,1000,-154.0058323283845,42.56895811910018
mh566,201.89856,8.445175,1400,-152.5358513206748,43.55366773578699
mh567,184.4552,7.332801,1300,-152.0932666968348,43.49884484873033
mh568,62.531624,2.616189,800,-151.0758158892849,42.65242177296609
mh569,74.341385,3.8727858,700,-152.9907594810514,41.89816755418887
mh570,51.089252,2.6454997,900,-151.1170724928098,41.68569260331335
mh571,63.788357,3.0372326,800,-151.044311658222,42.90013220265763
mh572,103.12504,5.522035,800,-152.6494684925494,41.43756049755292
mh573,112.20379,3.6291184,900,-152.0497353433959,41.60102285027751
mh574,180.57568,5.9802737,1000,-151.9981318010506,43.37961295708157
mh575,82.96877,3.8682086,1100,-153.4170523217295,42.47266584409813
mh576,62.11826,2.7336187,900,-152.5940192861118,41.72047783347937
mh577,101.12519,4.9284782,900,-153.4929096633139,40.7126244439714
mh578,217.7395,9.850648,900,-154.8004429444574,39.46875776048992
mh579,294.46042,8.394096,900,-154.4809866726673,39.54969037483774
mh580,190.19159,6.2333493,1300,-155.5517249454083,39.30290039728001
mh581,291.53757,8.905923,1500,-156.3692342069949,39.18900715533232
mh582,79.637985,3.4834802,1100,-156.0935223554222,37.66235474738877
mh583,129.75175,5.0731254,900,-157.5615864262859,38.24234132764738
mh584,257.0834,11.3821945,1100,-155.8186485603478,38.34252364906127
mh585,231.7337,10.192421,2000,-157.1474774631779,38.63703655819954
mh586,227.07669,7.0504494,1000,-156.0283457678881,37.88431776017117
mh587,143.55592,4.167477,800,-157.1626310161886,40.25177146951908
mh588,93.15766,4.8048162,700,-155.3296882447176,37.08540248105698
mh589,315.9632,13.534645,1100,-153.9261434156179,37.85969561200124
mh590,134.42252,5.296809,700,-156.6707071455421,38.39437592715155
mh591,228.97844,8.9383,900,-158.2503035491173,39.23277736712905
mh592,61.865612,3.4762046,700,-154.7114294718024,40.49111299212576
mh593,66.31341,3.5149612,900,-162.8642720518185,42.40036524970195
mh594,65.50515,5.724692,900,-151.6499216238185,46.06299375445603
mh595,95.747505,4.581502,700,-152.7258119850149,42.85734944809746
mh596,85.667564,2.9902468,600,-153.23015764332,41.28552127312137
mh597,101.30002,4.2068033,1200,-152.4205825351863,38.58957729242451
mh598,55.97792,2.2685945,900,-151.7777058212543,37.42000054952143
mh599,174.6547,8.33544,1400,-151.2309032308807,37.84367256129799
mh600,120.56079,6.2446656,500,-151.3517074131119,37.73735480013389
mh601,162.58179,6.692432,1200,-150.6859923495763,38.31399049085798
mh602,129.81726,4.6702323,1000,-153.240450899468,36.59853592335333
mh603,59.95662,2.7323558,400,-155.8070484639021,36.67573312513909
mh604,91.37536,3.2585971,900,-160.0496827359089,36.27870544594725
mh605,139.27934,3.5881243,700,-158.942160356636,36.30131485875346
mh606,174.62067,4.1941133,1200,-158.6823832034146,36.45101363730693
mh607,167.76907,3.5669749,700,-158.5017096846133,36.4525093301113
mh608,53.76126,3.22472,400,-163.1487905461526,36.45086125266813
mh609,86.21232,4.0912476,1100,-161.6098121466221,35.86129705662781
mh610,70.57444,3.1142793,500,-161.3263815781666,36.08851416590942
mh611,146.04008,6.3695607,1300,-166.8278983952099,36.34590924847991
mh612,94.09008,4.267929,800,-166.5582536291643,36.45435089284472
mh613,95.01019,3.6795616,1000,-166.1190318051958,35.29614672228723
mh614,109.22592,4.7653217,900,-163.7081446472583,35.54770625866142
mh615,140.96318,5.8556085,500,-169.171300754669,33.91953440573825
mh616,186.57233,6.67959,1000,-167.5342443663372,33.56012175871769
mh617,111.96743,4.5935388,800,-167.5195196398561,33.38669812727905
mh618,126.789085,5.3666987,1100,-167.2315261521487,33.54429451270032
mh619,219.33647,9.144086,1100,-167.250385723098,33.69354225673649
mh620,270.44418,11.132847,1400,-166.5195947934722,34.04712442754108
mh621,70.15926,3.383082,1000,-166.4756549415661,32.81446729096159
mh622,60.160767,3.3881896,900,-166.7347514535289,32.68921983272056
mh623,63.90455,2.5917583,900,-167.0043461196797,32.66542582043397
mh624,229.85258,9.276782,1200,-165.5504416170038,32.56397960286798
mh625,292.30603,9.626719,1400,-164.3123967218883,32.24145216562908
mh626,223.6623,8.5999,1100,-164.4760743357862,32.24886327722361
mh627,284.5593,10.096615,1300,-164.6328636923347,32.19184750819381
mh628,184.63763,9.612623,1600,-164.8468682991516,32.19369163449707
mh629,183.99948,6.3023343,1700,-164.7853798082445,31.42199701393407
mh630,173.00703,10.48377,1100,-163.6779301725289,32.97745683010324
mh631,448.12994,14.659064,1100,-163.8005381949901,32.97073563761894
mh632,456.45004,13.207918,1400,-164.1377458960605,32.90306637060018
mh633,273.26062,13.070277,1600,-163.6296618143614,32.76115253902302
mh634,614.8714,22.59445,2600,-163.8702365774099,32.18413617869803
mh635,165.71819,5.7939706,1600,-164.5359542046844,32.66739744136311
mh636,157.24246,4.6226664,1100,-166.0885177467788,32.96014130176366
mh637,55.83422,3.2357008,900,-165.2024061661596,33.92553251769734
mh638,70.58602,3.5544226,1100,-164.5991766669886,33.76211490506572
mh639,89.537674,2.8241997,800,-164.1391460107789,33.8062951117135
mh640,131.5612,5.646008,1400,-163.2879714510304,31.28892693101953
mh641,143.63448,9.434682,1100,-162.1643834179546,31.45285182515577
mh642,293.09293,10.720534,1700,-161.435512558775,32.12130798663701
mh643,276.2993,12.566674,1100,-162.4832007762591,32.49912928164211
mh644,122.97725,3.7928245,1100,-160.6961155070017,31.94814211391671
mh645,97.13781,7.655863,1500,-159.5498705100398,32.70433462538649
mh646,141.03197,2.308661,900,-158.745159921288,33.29071745886249
mh647,122.926575,3.8032207,1000,-158.2799820193105,31.72625592725986
mh648,67.02322,2.5198452,800,-158.6002514764906,32.5145598769121
mh649,57.677338,3.2992952,800,-157.1243441244587,35.7843897670546
mh650,78.79425,3.3070188,500,-156.9886733580698,35.87337528956655
mh651,116.823524,2.6466603,900,-153.1813239018599,35.54378186275503
mh652,77.53209,2.5286753,700,-153.9958338183339,35.52634268603813
mh653,121.48596,2.3848176,500,-154.5248777420485,35.48237264056817
mh654,77.37862,2.6401997,500,-151.5613589220902,35.79401272981327
mh655,128.24635,3.3114333,1100,-150.2005761537785,36.16593303679559
mh656,116.83257,4.650164,1000,-150.1072373370187,35.83907799404303
mh657,45.937435,2.5991688,700,-150.510275635608,34.79941195718826
mh658,59.003933,3.6672368,900,-151.2420623959866,34.19137035778785
mh659,54.236156,3.6032932,600,-152.1006694654042,34.22291438702291
mh660,52.36698,3.2913532,800,-152.3363180313493,34.18950037821617
mh661,55.38937,2.751689,800,-152.4646601754818,34.37777445835534
mh662,68.98434,3.6121054,900,-152.262250314561,32.05489143796796
mh663,157.51358,6.3727045,1000,-151.3260593609414,30.25586957199785
mh664,98.5263,4.3214903,900,-151.5188390168115,31.70533705532408
mh665,57.930714,2.5360074,800,-153.7826619012533,31.3598912193063
mh666,89.63468,3.612878,1000,-151.5200158692549,31.39871158218916
mh667,55.43534,3.0916338,1000,-151.44203995629,32.02203919458415
mh668,59.237038,3.6088157,800,-155.2910081365795,35.03946705118378
mh669,87.259476,3.2073517,1000,-160.5102603829573,31.06478184019995
mh670,59.59936,3.8926013,900,-176.945214209897,48.54081320130742
mh671,522.74316,9.891466,1000,-178.1375651715585,49.97399476043343
mh672,483.57953,21.629822,1100,-176.9413954073762,49.23366115003302
mh673,301.92554,12.518676,1000,-176.8709611272115,49.3706385076249
mh674,223.14505,8.0131,900,-176.9434205912665,49.47771599138395
mh675,164.87445,5.2743993,1000,-169.6784190683419,47.33173141696467
mh676,38.951187,2.7441747,700,-167.0082091917687,47.69264398291984
mh677,34.03754,2.938502,600,-166.6198660762607,47.08300036248917
mh678,41.48384,3.3444285,700,-165.2432207256301,50.84559603397421
mh679,13.924712,10.122555,900,-156.4480024476448,52.74668504673433
mh680,150.23921,7.5829697,900,-152.1467132845403,53.93018523797834
mh681,132.40675,9.056958,600,-151.7901447217259,53.40755423881038
mh682,55.20151,3.745818,800,-150.3922066432194,53.38833630986868
mh683,82.41099,4.6943073,700,-150.5389849165724,53.13538663253204
mh684,75.856926,5.9577074,1000,-151.5661242517234,54.41774723618497
mh685,61.967686,5.6124334,700,-151.3079833878661,54.35048534672102
mh686,87.72786,6.4217377,700,-151.2811076388231,49.1250580925821
mh687,101.3525,6.2966924,900,-151.1592838642564,49.12943235213564
mh688,56.163246,3.2710154,400,-155.9557849929292,41.37320234904069
mh689,88.46699,4.2779255,600,-153.2688091867088,42.57664587684376
mh690,77.13502,3.8383942,800,-151.0918092599713,34.49738129518009
mh691,42.828533,3.5680215,700,-166.3149359474008,37.88913890290564
mh692,129.21713,7.9180894,900,-164.2589666630716,38.43997485156112
mh693,77.51472,3.2603369,600,-166.2799900418161,35.19043091653259
mh694,82.113815,3.4721558,900,-166.465899043406,35.99376804859794
mh695,84.62331,2.7828844,600,-166.8080933824128,35.60489726342842
mh696,114.853355,5.750368,500,-166.0323452636215,35.13932276143884
mh697,274.58432,13.416522,700,-178.8630816282081,33.29430016451995
mh698,50.16697,2.5640676,600,-172.4818064272388,33.92356426773997
mh699,91.6899,5.1679797,900,-169.1197810167498,33.97332653632856
mh700,42.194736,1.967972,500,-169.187620010879,32.31471706404037
mh701,53.15461,2.0825639,700,-157.9050524847845,35.04643183881056
mh702,66.45349,2.672285,600,-157.7398693566539,31.22138491399
mh703,55.203682,2.6901278,800,-157.6197893973637,31.21330142443378
mh704,79.633644,4.871785,600,-151.6071902631466,31.7302515199748
mh705,74.127464,4.0741115,600,-152.8207792128367,34.35554049532141
mh706,71.80583,2.1663268,500,-151.5135081242403,37.10548448594063
mh707,148.22707,6.509624,1000,-150.6570051151779,39.3294658848333
mh708,80.22038,3.52269,700,-152.882089049148,42.17437949598431
mh709,67.31822,4.892793,1400,-151.8233673260738,48.30613107944399
mh710,71.21077,4.243002,800,-151.3675787369912,53.28045164136994
mh711,84.524124,3.9299657,700,-151.4974998290851,53.24812254207323
mh712,182.02353,8.56816,800,-152.0316258038644,53.83446336386886
mh713,134.32877,5.0122166,700,-150.7801399297349,55.05556604530845
mh714,434.01523,19.875408,400,-158.7237988684751,53.68819298769146
mh715,79.54786,4.588309,800,-160.7249691961086,52.81007373858328
mh716,51.95579,3.3210914,1200,-164.901614730997,51.62638294998769
mh717,425.778,8.182378,700,-165.890971875553,51.89972592814335
mh718,91.443405,4.014567,500,-176.7190120010889,41.73395143888659
mh719,51.585865,2.2690434,800,-161.2153201496949,33.43759855838772
mh720,61.31977,2.7015736,700,-160.7497336303891,34.73394387637965
mh721,86.47764,3.555366,500,-161.0529887818577,34.30145773792374
mh722,70.263145,2.6849794,400,-160.2999154711443,34.88983516766369
mh723,75.82435,2.6646411,900,-157.9104172731306,31.71328127734795
mh724,62.37634,2.5987659,700,-157.7400464404038,33.10949465336885
mh725,117.88697,6.395129,400,-158.3745822229481,35.88484942915477
mh726,42.461864,2.5688493,900,-176.272142200664,29.72454466351435
mh727,77.53245,3.5579545,1100,-171.9221943592013,30.14923389439733
mh728,39.048195,3.7132387,800,-173.3114171529434,29.09107545934081
mh729,58.17974,3.9551833,900,-173.1117595281793,29.0867177829093
mh730,44.19748,2.388906,700,-172.8637116090273,28.99389108953119
mh731,19.269817,2.0466626,600,-175.8863726438948,29.5566021175121
mh732,91.364136,2.7979097,1100,-172.0158307775653,29.81007240726198
mh733,64.97451,3.8369756,1000,-171.6917094853876,29.41930392017021
mh734,40.221317,2.392721,800,-172.0007434738538,28.78507808823275
mh735,84.41518,3.4494536,900,-164.6835778417655,30.08628469689271
mh736,103.978905,3.544214,1000,-164.9433638860666,29.40534385094612
mh737,76.88092,2.8335972,700,-165.2276501825686,29.76416135145768
mh738,84.14623,3.257864,800,-162.356642858032,29.62652489238564
mh739,129.7018,8.790124,400,-161.3927742637849,28.92835759186898
mh740,93.840324,6.128067,600,-161.9228764717737,30.13788688176617
mh741,92.42903,5.9883833,400,-162.2449485976767,30.08045068911319
mh742,41.50737,2.3455007,500,-162.9169514335868,29.94489442269553
mh743,44.88774,2.1479676,600,-162.852786217314,29.97664318158946
mh744,147.14262,8.78588,500,-161.8765480840559,29.22417164873315
mh745,108.9606,4.7209773,500,-161.6975565428086,30.60139631270048
mh746,38.117588,2.7127037,600,-162.5629287771114,30.55638225841686
mh747,57.804386,3.711828,400,-162.4032611267717,30.69233827416967
mh748,79.66188,3.0494702,400,-159.744047515579,30.22387323294881
mh749,73.93454,3.4462328,800,-159.5893304226857,29.03356575787427
mh750,146.21092,7.162438,700,-158.7515678389126,29.05525451942653
mh751,144.81882,7.3340826,500,-158.8108791187408,29.05112086225008
mh752,108.34852,4.820122,800,-158.2746704623205,29.24546585996402
mh753,152.0653,7.3679667,1100,-159.7244469894328,27.96562852575103
mh754,108.12953,6.5511527,800,-159.8118366891153,27.88138339276887
mh755,87.18383,6.025145,400,-158.6543734177767,28.49841757578901
mh756,127.81416,5.5123086,1000,-158.2182799089816,27.82312127009409
mh757,138.43306,6.5972495,800,-158.092939230289,27.84357524429788
mh758,70.694244,2.9327278,700,-157.7268165522748,27.7826680816141
mh759,65.71183,3.69912,600,-156.46952632586,27.50432222719314
mh760,52.14727,3.4210095,700,-155.5052140126009,29.3826854466013
mh761,78.16226,6.1558375,700,-155.9575879734119,29.11230992507255
mh762,81.615395,2.7267663,600,-154.9960420033423,30.40831445487402
mh763,89.07472,3.6074963,700,-153.9134228519518,30.07583664061746
mh764,54.352707,2.5891545,400,-155.9197793667699,30.18422505501852
mh765,59.717,2.5282917,700,-151.9052028160573,28.66512439779116
mh766,79.038574,4.0001764,500,-152.5507406558052,28.62538371590011
mh767,57.590103,2.6442318,700,-152.3746555574141,28.48226445925173
mh768,67.590416,2.8954897,600,-152.2011887419718,28.6853265105966
mh769,236.45732,13.141085,400,-152.928945952339,29.3066260070167
mh770,98.94437,3.60893,400,-154.4831756312894,30.10475076556159
mh771,103.449715,3.860267,400,-156.3150557956441,30.17611776345374
mh772,107.34805,6.3961225,400,-164.4357354016209,25.34189150776738
mh773,40.772224,3.1878002,500,-163.3092035942997,25.68548505614099
mh774,719.47925,24.338596,1700,-166.3700496353379,24.09651528053506
mh775,78.80656,3.9985998,400,-177.0803569435749,2.853047376474105
mh776,65.687935,3.323666,600,-174.5676763017893,1.358040568476721
mh777,60.14122,3.2851734,800,-173.0343582782801,1.205561593728741
mh778,46.06593,3.2932239,800,-172.5435827374371,0.8712168545672067
mh779,96.48157,3.8935392,900,-174.2265122666835,2.67769373386739
mh780,73.17767,3.6051235,700,-176.4108051713013,3.033017175179938
mh781,38.685146,4.9016533,600,-177.6360903809933,4.328757952403602
mh782,60.0862,6.2377334,1200,-174.4889379495851,3.893477560535651
mh783,170.40524,7.017496,800,-173.1312831988452,1.856824218475186
mh784,71.862305,2.7591233,900,-171.0860871499596,2.038917416356828
mh785,152.99954,6.4937897,900,-175.468202722074,3.936978562954621
mh786,189.69026,5.5719748,500,-175.6286406398595,3.906317009690528
mh787,74.20891,6.8576584,900,-174.583514471691,4.894113302901048
mh788,73.21604,4.8054256,1300,-173.7434125386027,4.817164665390749
mh789,89.25498,4.7657213,900,-174.2389394245212,4.767220329824466
mh790,81.64399,3.8698192,900,-173.3189951364062,3.014543432718454
mh791,203.47816,12.363525,1100,-176.0342203941513,4.083084721024533
mh792,177.28146,12.776365,1200,-176.0979912622424,4.19141081277675
mh793,137.67004,6.271539,1500,-172.4395884048041,2.331081311980374
mh794,66.13967,2.8904886,800,-172.3307564996668,2.552604150622092
mh795,146.82626,7.1051264,1000,-173.8025984880341,5.25833841765692
mh796,91.45716,5.702371,1100,-179.5634619627491,4.577938332239818
mh797,383.1113,5.3701973,900,-177.8932612731586,6.176975564192162
mh798,239.56007,6.9961004,1400,-177.6876814533811,6.326974901342052
mh799,188.783,6.78945,900,-177.3356578422001,6.224434828163573
mh800,248.52336,6.853034,1100,-178.8066422621444,6.132454674833953
mh801,45.552303,3.35811,700,-177.041499554718,2.257822820849612
mh802,65.08527,3.2346945,900,-173.4529971219409,3.920361495049534
mh803,171.16103,7.997699,2000,-172.8032319647781,4.336225525406443
mh804,88.24257,4.244114,1000,-176.5020584185777,4.960688505002746
mh805,126.638145,5.3695855,900,-176.6577414602185,5.733896207379407
mh806,206.10855,11.351627,900,-179.1936157856999,5.184917367869953
mh807,184.56235,12.7952385,1000,-176.3848167831192,4.258111306669017
mh808,68.22023,5.813639,700,-176.8336176065939,5.546681817503413
mh809,52.432858,3.425556,1300,-177.2634562764507,4.702912961477082
mh810,76.59641,5.093682,1300,-177.3566611379005,4.894849689673299
mh811,101.53095,5.521857,700,-175.159847989954,3.938082733239825
mh812,515.2697,12.525506,800,-177.559594294978,5.699437312436497
mh813,455.79742,12.684018,1100,-178.4826204259301,5.854440620922371
mh814,364.88358,4.80922,1200,-177.578454920876,7.460106971010457
mh815,210.49408,5.5769715,1200,-175.5983261725108,6.984187760945368
mh816,224.94437,5.007859,1200,-175.4809067253856,6.872690696325574
mh817,427.84122,4.837566,900,-176.3715009630284,6.629455376290733
mh818,144.00223,9.3103075,1300,-174.4413517951162,3.766878217378713
mh819,118.07953,5.3086886,1300,-174.8020309580891,4.755020374642084
mh820,38.996433,2.271656,800,-174.7684789581675,0.4655197372292078
mh821,118.89974,4.537019,1100,-173.3242468599838,0.6280801619951792
mh822,74.3888,4.325412,1100,-173.6153291303033,0.2774290106208315
mh823,88.99654,3.0953379,400,-170.437682926839,0.9362364593354257
mh824,50.60386,2.1439955,700,-170.3483461843137,0.7596240187579356
mh825,101.6399,3.5787108,800,-169.7254329233705,0.184576195917686
mh826,92.05114,3.0120409,1000,-173.1144312654019,0.0266485171750393
mh827,93.856255,3.3895333,1100,-173.0723648143463,0.2810007884979197
mh828,119.02643,4.461644,1000,-171.2453632414842,0.1520619542312388
mh829,41.342678,2.4680588,1200,-170.9063691402828,1.817248516277095
mh830,92.569115,4.114515,800,-170.9626094050192,2.268120804949509
mh831,156.38498,8.377006,800,-169.0634763019318,0.960972086912936
mh832,61.40266,4.5842547,900,-167.7719909451473,1.314763812443615
mh833,64.66431,3.9770653,900,-168.9589044981121,1.920062436441692
mh834,126.23926,3.8348122,800,-168.8300544712513,2.6261186636683
mh835,141.66032,6.8033385,1000,-166.3937395781485,0.333283628707056
mh836,53.173794,3.4595854,700,-165.0308087078689,0.9108478572974776
mh837,66.13713,3.4705186,800,-165.2078246023666,0.8198485875844849
mh838,30.164902,2.4938996,600,-165.6844540912494,2.337700121309596
mh839,24.503077,3.0448954,800,-164.9872895693342,2.350717605997529
mh840,16.586948,2.617931,1100,-163.2490656569984,2.211463050003884
mh841,17.713377,3.7287123,900,-165.4705167176242,1.648085032929562
mh842,12.568075,3.7891269,700,-165.4387091451962,1.875265897008059
mh843,9.29955,3.2617266,800,-165.3760221615941,1.893843648386486
mh844,7.038368,2.557715,900,-165.3227607633928,1.912453771671817
mh845,50.116657,4.1744895,800,-167.6573349078878,1.316750655616452
mh846,55.423035,3.4944487,700,-167.43434440858,1.547918799589353
mh847,65.620255,3.7134798,500,-167.1336862215706,1.869778015600211
mh848,21.113295,7.2176685,700,-165.7172099596895,0.311582515686011
mh849,61.247738,4.460306,700,-163.0824546539313,0.1869235779370794
mh850,185.13316,17.522818,1300,-162.9914080409505,0.4931670586607338
mh851,71.44568,3.1507056,900,-161.5871789988508,0.31242142678472
mh852,50.616165,3.2294548,400,-162.315683933372,0.1538839931758038
mh853,492.78766,16.816647,2000,-157.6088943078759,0.2451684310361982
mh854,662.72327,13.206162,2100,-158.6362331164388,0.7263577336946148
mh855,46.99346,7.005034,900,-158.2699992540497,1.459823089750676
mh856,576.3414,13.814833,1500,-157.4076583899644,1.474108289302405
mh857,179.99835,6.982605,1800,-156.3251949044673,1.897404258989685
mh858,28.524485,3.784245,800,-155.2219837866996,0.8887642437518173
mh859,91.43545,4.365107,900,-152.8937144035737,0.1653085477373707
mh860,53.566887,5.852136,1100,-150.8883333787141,0.7445099829077959
mh861,65.77698,11.313253,1300,-151.4361872467262,0.4699770426357198
mh862,72.07152,3.1123724,1000,-154.4686175349925,0.9139993501963872
mh863,74.00295,5.0928574,700,-155.0782666164976,2.882879219986819
mh864,59.224007,4.540195,800,-154.7700335576686,2.915230821507513
mh865,54.807335,3.935122,1000,-154.2923941768057,2.939210550971541
mh866,38.879158,3.8726695,800,-154.144537206272,4.314289018966014
mh867,98.753975,4.699147,1100,-151.8940160814277,7.645002205074791
mh868,149.20834,10.413406,500,-151.9078146230833,6.964195015001748
mh869,107.45556,4.5661445,900,-152.0380616993415,7.85350790767325
mh870,64.592636,3.048478,1100,-151.8634742510437,4.573095992460898
mh871,32.48074,3.6920786,700,-152.3272632251447,4.529700941654606
mh872,63.52883,3.6296096,1000,-152.017877477219,8.1615198614461
mh873,35.275093,3.0363743,700,-152.2990077325701,8.143617391160989
mh874,110.307465,2.8246515,900,-150.9998394465762,7.189648779850346
mh875,43.207146,4.446864,900,-153.4236881786338,8.654226862506766
mh876,90.30829,4.570258,700,-155.2755679832572,10.15520659457869
mh877,138.28502,4.251259,900,-150.339682147499,11.83567387645981
mh878,85.50106,4.291864,1100,-151.1030705523701,12.25217601791203
mh879,74.84488,4.222644,1200,-151.5665426442802,11.20545712904531
mh880,49.140804,3.8280091,700,-155.8104596945022,11.36582556505959
mh881,77.72501,3.8013082,1000,-154.214341374597,11.46153508472283
mh882,73.24862,6.1580267,1100,-153.8775255916363,9.7327306084016
mh883,50.728737,3.1596057,900,-154.3408336986578,10.74946701435753
mh884,68.106575,4.1516294,600,-154.7434405698824,11.62776111174031
mh885,164.63556,3.6710515,600,-156.2850923162818,11.38738386023996
mh886,55.868248,3.248136,700,-155.3954779795388,11.60554163674185
mh887,61.72915,3.606671,800,-156.0330762981896,9.412360563526857
mh888,49.36305,3.000285,800,-156.5390721893614,10.56140722913521
mh889,108.125916,4.9384985,800,-155.9654594802671,10.24295558340501
mh890,88.862976,4.554866,700,-155.7316690182826,10.26778862517294
mh891,41.5975,2.1962812,800,-155.7221047867458,10.80542986930371
mh892,88.19696,4.38983,700,-157.0687638072152,10.15283112563021
mh893,53.672943,4.0085344,700,-154.7817948739849,9.817484190769417
mh894,88.370705,3.1781762,800,-155.0737056557407,10.90527076098112
mh895,81.920525,3.4797938,600,-155.1445958094471,11.05992889346232
mh896,63.216457,4.3515434,700,-157.162000456153,11.8009875720672
mh897,54.21661,3.1339924,800,-156.4694483446235,12.258347276609
mh898,39.99545,2.3555286,400,-156.1021256560317,8.02016571067268
mh899,35.941467,3.0494967,600,-156.1295376262569,6.606081134186546
mh900,39.18755,6.327365,500,-158.310559242399,3.743848648311705
mh901,79.45809,2.9555655,800,-156.3268830325929,9.219301101797406
mh902,50.22416,4.310477,800,-157.3048894149869,10.15140250527276
mh903,53.680904,2.9580672,1000,-159.8821363005298,11.99348593914343
mh904,259.49265,7.1240277,1100,-159.170407378032,12.13630689576255
mh905,158.90605,3.915105,1100,-159.0997511491975,12.43670146739503
mh906,75.955376,4.5169024,900,-158.8477536179459,12.90140317321486
mh907,100.83381,2.8984919,900,-159.7870780121779,12.21598466799665
mh908,81.0015,3.3968782,1300,-159.8313670140719,12.50036059163922
mh909,161.89694,7.2905145,1000,-160.1921277671385,12.53993454443018
mh910,141.10725,7.1206107,1200,-160.4109057443993,12.55939262594243
mh911,107.20906,4.3279505,800,-159.8690751910042,11.21237324296476
mh912,34.156265,4.773871,800,-160.5703449326612,11.23626705483398
mh913,132.28006,6.801943,700,-159.2832765953465,11.94640088500783
mh914,80.82776,4.0025363,600,-163.2931895765439,13.16573847035939
mh915,75.24991,2.8503923,1100,-164.5302962059198,15.81626172684279
mh916,29.115208,3.7238169,800,-163.3399306730029,21.55420785976464
mh917,29.586485,3.4307163,600,-163.3968303357434,21.75837622684075
mh918,29.561148,2.7428272,800,-163.6680965481466,21.62684917364079
mh919,63.645382,2.557528,700,-163.8369255342463,21.19376151095433
mh920,40.75159,7.374445,800,-164.308642607076,21.86074197324701
mh921,37.148975,2.5753448,800,-164.5588440909089,21.09366309065978
mh922,13.232639,4.3451552,500,-165.0053048548623,21.50354772924048
mh923,43.24624,6.0414124,600,-166.115346109101,22.21135187769293
mh924,49.292828,6.5868034,700,-166.2510059761083,22.16515615413998
mh925,63.20053,3.975244,700,-166.9352171272843,21.46485910370022
mh926,38.294224,8.558449,700,-166.3709183779671,22.12468701719592
mh927,91.647194,5.4864664,700,-166.510543966991,21.88030400444125
mh928,26.939812,10.404291,800,-166.6105064306162,22.04376300033759
mh929,80.42598,2.8693137,800,-167.9239217657328,20.67830171483183
mh930,52.172245,2.5761232,700,-167.6789311011037,20.75632749289642
mh931,67.97989,8.302069,800,-166.7930202845724,21.79732219075487
mh932,59.35395,3.7898076,500,-167.1931665824828,21.25470660849877
mh933,68.206116,8.252819,400,-167.5078309969759,22.89501492417688
mh934,16.706758,3.726959,800,-167.4406076527293,23.08538982124702
mh935,51.049435,2.7762117,900,-168.3262350632877,23.38421881648273
mh936,466.44257,21.706459,1900,-178.9810144682813,18.65511630034085
mh937,251.04768,7.9381514,1200,-179.3583118048827,18.05263260035054
mh938,468.40765,28.616783,1000,-176.962467977855,17.14151935728155
mh939,290.09805,12.653251,1400,-178.1173197953148,18.15829386207458
mh940,194.35959,9.230733,1100,-177.885628161144,18.01074915408789
mh941,91.776054,3.8173425,1300,-176.3216026303425,12.53892034995485
mh942,255.68008,12.488161,900,-176.0631035884452,12.39565566471671
mh943,176.57129,6.291992,1100,-175.7965467975117,12.38352372394056
mh944,196.2085,11.697276,1400,-179.5192849605003,13.13634209952462
mh945,250.42258,8.359932,800,-179.7579929018753,13.32272151667973
mh946,140.45752,5.513679,800,-179.8351742678486,13.63374682906231
mh947,228.54482,8.030476,700,-177.3466179435545,12.84747319756025
mh948,114.31294,5.441989,1200,-176.0536287890883,13.79051854841761
mh949,267.88727,7.1086535,900,-176.6244232486733,12.13022422684838
mh950,336.44522,15.651057,1900,-177.2190537340344,10.21546532912927
mh951,376.95718,6.8008466,1000,-176.4431972826612,8.60501923992964
mh952,226.61374,7.84455,1200,-176.5638357756912,9.568044640244535
mh953,219.98312,6.8316607,900,-175.9535004979812,7.610138168690633
mh954,169.30977,3.8196523,900,-176.247022045738,7.973522394150573
mh955,160.78355,7.243648,800,-177.2994763814664,6.994651490522967
mh956,224.27293,12.703653,1000,-177.0127363547547,10.12148049733707
mh957,187.47505,5.23595,800,-177.2378059795483,6.587185274150784
mh958,253.67807,5.992923,1200,-177.7209754433862,5.811980292291893
mh959,203.20778,6.60016,700,-177.446822580696,6.538426061092339
mh960,140.22008,5.2733455,900,-176.3161036065721,9.376891529467764
mh961,148.21584,7.3657694,1100,-175.3721159564358,10.72645596022327
mh962,187.6879,6.7521615,1300,-175.2852028756957,10.58394916644644
mh963,116.292885,3.915822,900,-174.1710523720398,11.30762752497515
mh964,86.83381,3.182225,900,-173.6405154251341,10.01948104684581
mh965,42.887173,2.7026,900,-173.6136512573387,9.716744355884618
mh966,46.295414,2.4965577,800,-173.6337992660924,9.530397371151237
mh967,189.32976,5.5388994,1000,-176.4470360125508,11.69774057381082
mh968,148.1058,7.6588674,900,-172.4868846817286,11.60141394657395
mh969,126.152756,3.9778845,700,-172.8926047334087,11.94625094202837
mh970,89.48121,6.5816417,1200,-171.4798642193432,11.84707286418059
mh971,113.50939,4.2727094,800,-172.1274098437817,11.88489110317497
mh972,759.67523,15.431815,1300,-169.8207282444451,10.94312962137862
mh973,278.35742,5.4170723,800,-176.6203564619605,20.68754862549808
mh974,100.727394,5.7758327,400,-174.6354609398188,19.20099371152103
mh975,148.93398,4.0696816,700,-174.5892855643431,19.5915134417809
mh976,157.7199,3.9357743,900,-174.4198322769073,19.60932770045979
mh977,99.815605,4.404072,900,-174.2858130241694,19.7930803974651
mh978,26.347279,4.0098996,800,-174.1000716744224,19.98520524270076
mh979,209.80888,4.7983937,1000,-175.2379219828564,19.62043963229354
mh980,43.42686,2.7154896,800,-175.412935505346,20.04091689922631
mh981,34.68111,3.9426877,600,-175.5373522951976,19.89497613491546
mh982,357.9963,21.90956,500,-174.0992329870665,18.67552866539625
mh983,273.07892,15.56028,1300,-174.2166053749246,18.53131592577571
mh984,342.67172,12.419479,800,-174.0094970107103,18.03702612784735
mh985,196.34387,15.886358,800,-175.1322050360268,17.71376638072481
mh986,177.64378,6.9172926,1000,-175.8240867869623,16.8872726109496
mh987,418.9308,9.258195,1300,-174.3842185739292,15.6597449730939
mh988,96.24195,5.4958034,1000,-172.5838530448613,14.89986376371004
mh989,334.68573,9.004725,900,-174.7991731035611,17.18378598516467
mh990,306.95175,11.828068,1600,-175.4666643373826,17.84147517796869
mh991,316.45474,11.4359045,1100,-177.0989250582392,20.02843760090601
mh992,227.5523,12.265764,2000,-178.7577634522818,21.14733826325746
mh993,277.4279,9.957926,900,-179.1754545379009,19.98536725145062
mh994,186.9093,6.980067,1200,-177.9288059316169,21.16381399694609
mh995,35.27437,3.1734703,1000,-178.3487554762795,22.60006404080223
mh996,172.90787,5.679616,1200,-178.829116072122,22.07612576760104
mh997,127.96401,5.1071515,1000,-178.5402241709431,21.81156051213448
mh998,65.23367,4.0120754,800,-179.3219970009087,22.88163988028031
mh999,68.157974,3.3568165,800,-179.7920263460268,22.83612424414536
mh1000,77.23021,2.9651551,900,-179.4960654415672,22.56985649936104
mh1001,67.35514,4.121204,600,-179.2113707066381,22.51452823324969
mh1002,99.31429,5.3391237,1400,-179.1179043449297,21.82145481503215
mh1003,273.86258,6.803881,1300,-178.9855491140795,20.48199376985044
mh1004,79.110245,8.21769,700,-178.9636683962315,19.07924516135397
mh1005,89.04613,5.699824,1100,-177.0765932549142,19.47223880676638
mh1006,19.130825,4.186016,1000,-176.7962197551252,20.99977908251001
mh1007,26.423653,4.9936433,900,-178.6810991436899,24.65520540224081
mh1008,28.007963,3.2572184,800,-177.6367326344462,22.8179384229432
mh1009,16.997053,2.4363725,700,-178.3744930680602,23.04140454661963
mh1010,50.071774,3.867321,700,-177.2582309997604,23.13179095735886
mh1011,21.955584,2.9837399,600,-176.017105216796,21.42763249082005
mh1012,25.208904,2.7988665,1000,-174.6889961552885,21.90474246963509
mh1013,56.164696,2.4855301,500,-174.7934602535951,20.5257233847714
mh1014,58.667667,3.9358773,400,-173.3324555124519,21.56094168806669
mh1015,42.048504,2.541525,900,-175.0643452849324,20.46511816805393
mh1016,221.33234,7.8291216,1300,-174.8064181658954,19.70903870212133
mh1017,33.919903,3.1010008,900,-172.021574551259,21.59041650195191
mh1018,51.026993,4.7378097,400,-171.9129258406793,21.38698936363936
mh1019,137.74461,5.313248,900,-172.2839195485496,21.24895471418772
mh1020,25.837997,2.7928083,900,-170.6968035772885,21.58672897202715
mh1021,178.81111,8.568018,1000,-171.4326585313497,20.51104802878024
mh1022,154.52359,12.843892,1000,-171.9031400616953,19.56690164704544
mh1023,38.98087,4.0232162,1100,-170.3060728989851,21.99101818618509
mh1024,53.53105,3.8755178,800,-169.5976611275877,21.95739644354538
mh1025,52.40607,3.775673,700,-168.1325103820317,20.80067346225468
mh1026,162.10834,6.6217675,1000,-168.1318055766272,21.80525074541587
mh1027,47.17571,13.321227,700,-167.7157396960773,22.09042176964689
mh1028,118.308655,19.61304,1300,-169.5823150254828,18.65884087070511
mh1029,391.13672,13.79593,1300,-169.4684036535044,18.81993897336174
mh1030,127.58431,9.805086,900,-167.7255443318458,16.84337972331916
mh1031,90.02343,4.1406565,1000,-164.7020519880172,11.40013756506957
mh1032,658.67633,20.622889,900,-165.6568073017936,9.975918156085951
mh1033,295.76892,10.2952385,1200,-165.7750917458429,9.80159895938877
mh1034,75.55324,4.866162,900,-165.5941772295334,9.232573151396831
mh1035,71.90972,4.7586765,700,-165.7263957992035,9.085599841673488
mh1036,84.84699,3.7680867,1000,-167.1108749411338,12.11886200127091
mh1037,198.13992,5.930123,1200,-167.3479396430428,10.94947177451376
mh1038,46.82316,5.1642838,800,-167.5730674891483,8.897435667554717
mh1039,34.224678,4.683546,900,-167.7445894209584,8.914370513163147
mh1040,145.80988,6.9738116,1400,-168.3418956928902,7.713503114102094
mh1041,73.024925,5.4130306,800,-167.1737853206221,6.416828613586568
mh1042,141.28426,10.1774435,800,-165.644059727155,5.920252334360817
mh1043,40.2995,2.947486,900,-163.7533707484388,6.50569425314629
mh1044,66.983765,4.2866607,700,-163.9643951885112,5.889273864200873
mh1045,85.403694,3.58785,700,-163.558712786461,4.13875404439693
mh1046,105.85749,6.5894,1100,-165.9856348344108,6.032330695256612
mh1047,110.75123,7.157819,900,-167.6555284550136,2.824405852924396
mh1048,106.27628,6.6935534,900,-167.6036998635091,0.1632281881334658
mh1049,46.869488,3.0045264,700,-153.0067040257474,3.716678453900588
mh1050,54.519936,3.7245634,800,-153.2425607814645,3.988439815338685
mh1051,53.818813,4.2544107,500,-154.7250436212866,6.418847672862629
mh1052,45.35721,3.163623,700,-154.8152712086475,7.546720537460802
mh1053,42.24867,2.6824076,700,-154.7645375906609,7.741285715099163
mh1054,106.99551,5.511416,800,-155.846346659805,5.977553463874728
mh1055,77.73696,5.1499357,700,-152.0309689425451,8.760249499301274
mh1056,68.754486,4.45469,800,-152.0595645147775,8.96889017113159
mh1057,69.6127,5.008849,700,-151.9449646237195,8.761666499644484
mh1058,60.983147,2.9550195,800,-152.503614884919,8.16840791896423
mh1059,143.04375,3.9225667,700,-155.2111766450342,12.42667234704392
mh1060,73.73473,6.2802873,800,-152.4369357434373,11.75794192654211
mh1061,30.061018,3.1684856,1000,-157.4468921579815,9.81992127825668
mh1062,78.60784,3.6525724,700,-156.6674507385549,6.591945466239965
mh1063,89.786705,2.887529,800,-167.8497392341706,26.60897914293281
mh1064,756.15094,27.813568,1000,-168.3967652118362,26.0440139952749
mh1065,35.479965,2.8423514,700,-170.0478741536987,23.66124641062578
mh1066,321.97577,17.563465,2400,-169.0627979839655,24.8176960818232
mh1067,35.470554,3.508145,800,-178.1794138187542,4.419554842470208
mh1068,51.120018,2.1638536,900,-173.3058542697502,0.232641967620821
mh1069,57.477173,3.211703,900,-171.9113403013835,1.093730749565679
mh1070,100.42262,3.8392916,600,-168.0382876415771,3.223748535150821
mh1071,77.4206,5.404231,500,-168.1369218836628,3.128785780179387
mh1072,123.29614,5.196083,800,-169.5672084452243,3.530169978977514
mh1073,128.96556,5.2061586,900,-169.4622951261411,3.582041418253314
mh1074,87.519005,4.5352488,700,-167.9479654686561,1.453921947902942
mh1075,64.04716,3.627421,800,-168.0803563560205,1.504708653110423
mh1076,74.229904,4.3248196,600,-168.3257322330143,1.623558723104467
mh1077,75.05445,3.8624995,700,-168.4003373229756,1.633482108357323
mh1078,61.120327,3.2762103,800,-168.4817367528522,1.657296380175344
mh1079,59.897255,2.9281971,700,-168.809053449171,1.855089147381358
mh1080,86.77843,9.280289,800,-169.0734402108782,1.996204418239168
mh1081,205.02628,10.457207,700,-168.4448946047215,0.5436110291239573
mh1082,142.03822,7.0557637,900,-168.2139504776364,0.5702898055141479
mh1083,108.00068,5.4189515,900,-168.2962286134758,0.743437400966395
mh1084,168.57082,7.6468797,800,-168.0552746221861,0.7327445605732582
mh1085,326.2947,17.216335,400,-168.1032950649652,0.861868007356688
mh1086,174.83531,6.6842766,1500,-168.1548556138316,0.987920411611226
mh1087,118.5099,8.667162,800,-166.2484010787396,0.9519842791920212
mh1088,37.3162,4.1228023,600,-165.7251455893836,1.204127565280876
mh1089,85.13765,4.7539716,700,-166.0258186231266,0.984237759408107
mh1090,61.34004,3.7878773,500,-165.6733043362023,0.5345741128051561
mh1091,100.237656,6.30993,700,-166.1103757323564,0.9200455289113352
mh1092,122.45313,7.7711644,800,-166.2323286284557,0.8423969567360874
mh1093,43.490204,3.393086,400,-165.4679335227142,0.9541955678521252
mh1094,493.43793,29.346825,2500,-162.839867548355,0.8525963112097872
mh1095,907.6194,44.664932,2100,-161.9949071188776,1.206972402305356
mh1096,158.86334,4.2950425,700,-163.2460333302109,1.332559625514777
mh1097,58.60034,4.5690165,500,-162.2850139990103,1.676882661073025
mh1098,11.852113,3.6610746,800,-166.390073375827,7.660464121252489
mh1099,161.3569,6.014151,800,-165.7929229508154,5.797443897946412
mh1100,64.72077,3.0056882,500,-168.0941517357981,12.16376705930166
mh1101,78.15575,4.59013,700,-162.3602487878779,11.53925138589151
mh1102,77.84555,6.780945,900,-161.3204123485314,12.38541861169946
mh1103,59.46652,5.7333407,800,-161.1917558331246,12.40140859720452
mh1104,42.67108,4.792857,700,-160.4868250328676,11.46859558088686
mh1105,42.61353,3.9746783,700,-160.5556194521473,12.08062914504105
mh1106,77.710175,2.6294093,800,-160.926294871072,13.66789185126129
mh1107,76.09075,3.4409294,500,-160.7927667174886,13.69839985995291
mh1108,77.1104,3.1774375,600,-160.6596695202746,13.69635054217745
mh1109,109.72,8.173244,500,-161.4747373908295,12.38211515527963
mh1110,108.40137,7.02988,1200,-163.0109040668004,11.94509132581268
mh1111,961.0953,13.556746,1500,-162.7159227226996,23.51208730501532
mh1112,33.374786,2.951532,600,-164.6824522867627,20.81155144158132
mh1113,42.339886,3.1857767,700,-164.8256254736195,20.82608980131814
mh1114,49.190033,3.2093842,600,-165.0510489089617,20.78347129165749
mh1115,51.83526,2.8358707,600,-165.1610963172677,20.75694319347125
mh1116,26.142046,3.1760364,600,-164.1727413290659,20.93192495845434
mh1117,78.818146,7.682472,600,-166.5321900344051,20.37484463504684
mh1118,28.664927,3.0893419,500,-163.9541644471303,20.94584509069156
mh1119,88.074615,3.607167,900,-162.0106440300785,17.69700808850729
mh1120,42.297535,2.6333811,800,-160.6822610595507,16.18841476055077
mh1121,61.73277,2.1296155,600,-161.1839142471099,15.02007014238413
mh1122,75.06893,3.236408,700,-162.2755177604416,11.63073614390507
mh1123,64.38451,3.8080237,900,-161.1779133845769,8.627152609122675
mh1124,21.196909,2.853887,900,-161.2898041009886,9.938649158834762
mh1125,26.79394,3.9125628,700,-161.316236679091,10.01718290277269
mh1126,98.85713,4.9554048,900,-167.8624614950915,0.3446251766011492
mh1127,62.197166,2.6147313,700,-166.0069764578763,8.844664082026055
mh1128,87.840065,4.8728046,800,-162.5944373988932,11.3847874407585
mh1129,19.890945,2.4193351,700,-161.9033861017812,11.09117034296437
mh1130,107.39113,3.71815,800,-160.8853632428444,10.8791657273373
mh1131,56.483948,3.6059291,800,-161.0742429415572,11.17909110626721
mh1132,87.13388,3.4072573,400,-162.6067418191514,10.4519110648014
mh1133,129.78577,6.0488276,700,-162.8043746860992,10.43834003107056
mh1134,164.44698,5.3088684,700,-163.6657694464313,9.777400204442015
mh1135,137.19914,4.882801,800,-163.9574628111104,9.208920203618934
mh1136,147.4568,6.159053,800,-158.5655917966739,13.81454121839993
mh1137,51.850822,2.8420954,800,-160.9390112655761,14.8704848964777
mh1138,40.497856,2.287811,400,-160.1596317558592,16.66181032240071
mh1139,20.391178,3.8846726,1000,-159.1573815429157,19.95199282868322
mh1140,26.372253,4.2670064,600,-159.328484694293,19.80391629998286
mh1141,141.68422,4.713911,700,-156.3808557266674,22.1776494178591
mh1142,108.13714,4.340449,700,-156.7409737965292,22.31897184547746
mh1143,166.98688,5.969909,900,-156.7636676069064,22.11187698185905
mh1144,324.77048,7.125423,1000,-157.0067057570849,21.86217683147891
mh1145,71.54052,4.263001,1000,-156.9982509578211,22.4889769430641
mh1146,216.26848,10.178309,700,-157.1635834512358,22.24701809029745
mh1147,260.78195,10.286616,800,-156.8653340355694,21.97321439274819
mh1148,175.85605,7.7768106,500,-156.7147603096797,21.90179139729564
mh1149,99.04173,3.8415792,900,-156.9162533604207,22.67128615348605
mh1150,252.91252,7.1038823,700,-156.9715833504833,22.2582466425713
mh1151,143.92802,5.5293646,600,-157.0907606421996,22.36708503361448
mh1152,140.28342,4.844111,800,-156.9648455472057,22.3325643714992
mh1153,312.1423,10.564321,800,-156.9311013616989,22.13547357914896
mh1154,201.39905,6.808926,400,-157.0803670857326,22.29959336937277
mh1155,424.21182,11.787724,400,-157.071081964022,22.21166086960831
mh1156,124.43126,10.627779,400,-157.2755883093689,22.2292768210858
mh1157,62.52402,2.710454,1100,-154.5227260520393,22.40610112030468
mh1158,90.35969,3.6287076,700,-155.1878090067418,22.16163744171685
mh1159,97.063965,4.7712965,1200,-157.2284320623971,23.9662320159575
mh1160,68.38203,3.4870994,700,-157.8283839088972,24.75840518137527
mh1161,13.647449,2.8826525,700,-160.0519181230467,23.8528108123726
mh1162,16.756348,2.7547135,1000,-160.1580194739939,24.02797600190581
mh1163,20.299603,3.19312,700,-158.6699519313567,23.89624410819037
mh1164,43.241535,2.744995,700,-158.3396940619798,23.98402412160343
mh1165,21.393454,3.791678,700,-158.6973843100442,24.0234647849431
mh1166,27.260149,4.9159827,900,-159.0766426612811,23.89907880900921
mh1167,60.75185,6.7444263,800,-158.3695002610403,22.32314930849952
mh1168,20.875847,3.2933638,500,-160.7333331303726,23.6170295616459
mh1169,47.18657,3.7268808,600,-161.065264399226,24.12927291158798
mh1170,20.414707,4.0976434,500,-159.545349088861,23.8633174755144
mh1171,12.588707,3.097257,700,-159.6251166953263,23.87262643781794
mh1172,11.862247,2.5612082,700,-159.8157820057274,24.48003567454666
mh1173,29.549202,4.055151,700,-160.0634470176812,24.3977889738749
mh1174,65.51347,4.5288386,700,-160.2471483650647,24.88049247161346
mh1175,37.115673,2.5879364,700,-159.3476820102009,25.31637491242716
mh1176,65.46606,3.7968655,800,-158.0764814240462,25.36546546257262
mh1177,34.519676,3.1450164,500,-158.9240868397933,23.41993763779053
mh1178,27.974663,3.2910154,500,-158.8690172722235,24.05003079986413
mh1179,20.14577,4.0588737,600,-159.149000119779,23.79424264228595
mh1180,23.939138,4.5763273,500,-159.2661157442856,23.81205399390334
mh1181,47.295517,2.7431166,800,-157.6786021187353,23.53861534658604
mh1182,30.187704,2.347993,700,-157.3225215627466,23.55042730191063
mh1183,64.57418,2.9917753,800,-159.2144355931374,24.31661761710191
mh1184,87.33585,3.011408,800,-154.1701916361623,24.27043615541866
mh1185,61.423653,4.153388,700,-154.9353222805728,23.4785593201509
mh1186,62.906254,3.8732924,600,-155.0197876705853,23.54315017492182
mh1187,83.138535,3.91104,800,-155.4228685270319,24.47100637670856
mh1188,98.32649,3.8298748,600,-155.325798031425,24.48668016846069
mh1189,130.39243,5.0430183,800,-155.8665542950311,24.74222239687259
mh1190,85.017845,4.1916265,700,-154.7699485995064,23.8507921250437
mh1191,92.20787,3.6695485,600,-154.6093130460667,23.9351815995666
mh1192,75.178246,2.6632338,700,-153.2431695228893,23.96951288342986
mh1193,81.432236,2.4988775,600,-153.3215395354261,24.02103167108337
mh1194,73.65945,3.5664864,400,-153.0892392148525,23.5666649196382
mh1195,69.32856,3.3767824,700,-151.9199991848895,25.09737616782197
mh1196,71.19195,2.8322122,600,-152.067754995476,25.12626424696498
mh1197,38.486065,2.063222,600,-153.076362735181,25.7055635249325
mh1198,48.17907,3.2511244,600,-153.1074933851236,24.94567907100407
mh1199,43.83443,1.7318475,800,-151.6972099756945,26.15161884318638
mh1200,73.06402,3.6248703,600,-150.9311778612052,25.35164042156475
mh1201,54.756298,2.5665529,500,-150.5405481055378,24.91275194804804
mh1202,65.527954,3.1787672,400,-151.0223235882397,25.47495329290539
mh1203,60.174156,2.7710323,600,-150.5138195787683,24.86541073865551
mh1204,55.578316,2.307854,600,-150.1561968053238,24.64251540191814
mh1205,71.289314,3.0501215,600,-150.2888142992673,21.44827198608855
mh1206,70.86763,4.4680862,1000,-150.6539115896339,21.24797571972142
mh1207,55.341953,2.8114104,800,-151.6075146364298,20.36447812601137
mh1208,101.12881,9.94317,800,-151.2963774220979,21.11171162557283
mh1209,61.012825,7.7220616,700,-151.7112414759069,21.13131723616678
mh1210,222.02188,8.386327,1700,-153.844134533411,19.13576233586892
mh1211,45.157043,2.6963005,600,-153.4961869007042,18.45853349423228
mh1212,443.4306,15.738766,500,-154.6786332166562,19.18014941081082
mh1213,167.51642,7.4427557,600,-156.095372338385,18.57614053537464
mh1214,204.16734,13.591842,500,-157.3010274370926,19.97519288174047
mh1215,192.73293,9.774613,1000,-157.6129361362976,19.98017045360096
mh1216,49.83505,4.6574626,800,-158.8365752009323,20.16597451864682
mh1217,69.46973,4.821761,500,-162.9382513966531,18.11715116748285
mh1218,83.99276,5.5036316,900,-163.6326476233315,17.75702612724
mh1219,213.7579,10.217918,1100,-164.6793256756264,18.70296326530086
mh1220,150.79446,7.208873,1100,-167.2682443252352,16.1440893346017
mh1221,210.10461,6.9332647,1600,-169.3702140278406,14.80327214041037
mh1222,575.3078,12.255051,1000,-169.6247073359021,14.6163339309456
mh1223,258.36295,7.208161,1400,-171.5260525826591,8.74613074413066
mh1224,85.497444,8.42778,700,-171.7744537458404,9.03976697312932
mh1225,46.2708,2.9256177,900,-171.7112406545434,3.177710980778966
mh1226,80.54507,4.5381637,800,-173.6669620857844,3.544900336783995
mh1227,111.486015,6.610762,900,-173.8363838834742,3.6270177522845
mh1228,122.42381,12.423302,1100,-175.6324285140671,5.711029296862666
mh1229,72.29883,4.341301,800,-177.110840760535,3.046472093819137
mh1230,67.305916,3.9399166,800,-177.3473507901828,2.627519614907563
mh1231,327.00958,6.4723077,1300,-177.7371117793408,11.57262399819435
mh1232,153.80128,6.712975,1000,-176.1390973006446,14.75767075644866
mh1233,92.54196,8.10535,1200,-175.7511534810439,15.78581108634573
mh1234,126.92953,7.003984,900,-173.7146148773399,14.9461799648084
mh1235,118.79151,6.370459,1700,-173.9143039281225,15.39478585016341
mh1236,96.23471,4.877776,1200,-173.6336595178192,15.99596186483644
mh1237,211.76277,11.928764,1300,-171.1176259751465,16.13055071298795
mh1238,545.81616,8.95492,1200,-169.9763243215166,16.94259121663352
mh1239,62.64528,5.9416065,900,-175.7874731305109,24.52304061917041
mh1240,344.7418,11.599752,900,-168.6888274734374,23.97200286073389
mh1241,53.363827,4.6717176,800,-169.6096110268102,24.03098985642454
mh1242,363.8297,6.7495947,500,-162.4916243091424,22.68902652955448
mh1243,392.868,8.701682,800,-159.6848593365279,22.5866817509428
mh1244,29.662134,2.3442261,700,-160.6712527815637,23.9216760545657
mh1245,41.946068,2.65808,800,-160.7689185438707,23.93631391234013
mh1246,41.989506,3.0440547,700,-158.1276845317897,24.75417701981375
mh1247,76.81214,3.637774,900,-158.0990661996994,24.20295378604052
mh1248,139.21852,5.3629446,800,-156.7229936284397,24.62344787441371
mh1249,53.512592,3.4136345,500,-157.2314027397894,24.65629415820384
mh1250,186.7714,8.869251,1400,-156.151045828481,25.4451974928139
mh1251,89.90398,4.71922,500,-156.5892170507252,25.52674275816407
mh1252,57.623768,2.6101503,700,-152.1758674148184,25.23614278427837
mh1253,51.08889,2.969509,400,-152.04356984921,26.3844090693971
mh1254,85.86918,3.0058613,600,-150.8492924464743,27.62075838669001
mh1255,56.70257,2.8970797,600,-151.8576888156541,28.04075776114972
mh1256,73.82414,2.7686968,800,-154.3587497795177,26.37504517825882
mh1257,64.31067,3.5326524,400,-153.1632999971424,27.09706925069641
mh1258,66.425255,3.5081542,1000,-173.7699277908993,6.989739347276636
mh1259,53.316048,3.4897497,700,-175.941955507195,3.325810089201369
mh1260,181.22867,6.434808,900,-179.6035106560553,4.860706929822521
mh1261,83.47516,6.3833237,1000,-170.0875775338439,8.347125345196352
mh1262,103.26548,4.932534,700,-169.8987080186773,7.280443795846366
mh1263,147.57553,5.6968474,1000,-168.2373204945408,2.880795172619126
mh1264,188.29744,5.822429,600,-168.1370786778579,2.822331091272956
mh1265,358.58948,38.538826,2000,-159.8105417611008,4.58988869452848
mh1266,491.73636,13.249228,900,-159.9858418181158,2.029592442404728
mh1267,409.8819,27.624159,2600,-159.8906495852638,4.880595866942949
mh1268,704.8879,38.387844,2600,-159.5470097786787,3.523775680248491
mh1269,918.70685,69.281944,2600,-164.1948599384952,0.4621007842122439
mh1270,103.11454,6.0112457,800,-164.6937930020799,4.982317799621759
mh1271,125.93955,5.2274647,800,-164.8530881718315,4.987496640658586
mh1272,57.184708,4.6579385,800,-167.6415203678138,17.30086687640839
mh1273,87.99752,4.1651564,900,-165.1222939406464,16.5659230033847
mh1274,369.56284,8.777346,700,-177.0015163717999,12.50808821060357
mh1275,156.67926,9.67469,1200,-178.0521852648506,15.3649433369037
mh1276,167.89105,9.325587,1400,-179.3884414387927,14.43943911534951
mh1277,108.621445,4.912101,900,-176.0719386598001,13.49924636721208
mh1278,285.09247,6.8890676,1200,-176.6575877127106,8.335126362367259
mh1279,248.71591,7.645264,800,-176.3373202848766,8.194936516356975
mh1280,229.25246,11.968195,1300,-176.1821117040421,8.352910374338727
mh1281,118.56022,5.9956417,600,-175.6521870008337,4.050847358270102
mh1282,65.57139,3.7466474,900,-175.8142548179678,2.037247340305224
mh1283,122.5429,7.1722946,1000,-166.1715684509429,4.348268192003303
mh1284,116.578835,4.80047,1100,-165.9720733335288,4.402596194621341
mh1285,16.173225,5.7090187,900,-161.8020711638802,2.191063323937329
mh1286,231.76646,6.44147,1500,-159.9653869090652,5.347164251482805
mh1287,47.266922,7.776125,1500,-153.5882710285871,2.731013196377888
mh1288,64.46233,5.633161,500,-151.4652085102634,3.003230153153145
mh1289,92.5264,8.235664,900,-151.6113687576444,2.749152648557694
mh1290,71.73887,6.963861,1100,-154.1476967603051,2.704496170518592
mh1291,130.49232,4.6808324,1000,-154.5962161774766,1.92271396922245
mh1292,288.32028,9.540738,1000,-157.7399795304135,2.16428643006646
mh1293,812.18933,23.73337,2100,-157.9157619825483,2.822167671660782
mh1294,165.56816,12.424693,800,-158.0085990514714,2.409859607035145
mh1295,95.25705,7.965416,800,-158.8311168023673,3.211711507553007
mh1296,242.98514,14.873098,1700,-158.4630598730003,3.084277220387715
mh1297,271.07074,15.8760395,1600,-158.0869213112582,2.556012300060928
mh1298,195.29237,11.223132,800,-160.2158692857981,2.096053842118808
mh1299,754.50586,14.438787,2600,-157.7780902093866,1.602759093998236
mh1300,745.16156,14.702769,2000,-156.286873789895,0.3978832289334261
mh1301,251.1608,9.67206,1600,-160.3501594031476,5.255807905282157
mh1302,151.34157,17.61529,1500,-161.1190430851448,6.022101219583956
mh1303,528.78125,12.318769,1300,-161.4534418482615,6.399432256447034
mh1304,483.0746,12.281662,1500,-160.7938949198424,6.530482506788166
mh1305,702.95294,20.410002,2100,-162.1771984729646,7.09462899841625
mh1306,303.0393,12.272237,2000,-163.5912958123881,7.753427740034981
mh1307,391.566,7.614783,1300,-168.2530465416866,10.76801674144712
mh1308,222.2177,9.398627,1400,-179.9598783771619,12.28520852163266
mh1309,657.96277,11.989694,2100,-175.9213074533578,28.12294508756377
mh1310,76.400955,4.2309213,1000,-159.4391297062091,27.97606134108748
mh1311,352.42987,12.321011,800,-160.9764225887171,27.76265294482885
mh1312,98.47164,3.4008818,900,-156.3025706834283,27.32280165441091
mh1313,72.30534,4.2903543,700,-152.7274617463251,28.59356098035311
mh1314,259.16797,7.3847227,1100,-150.6034402005655,29.85834006914177
mh1315,95.125656,4.186241,900,-150.6783223709629,16.99956783709541
mh1316,124.90326,4.8371067,800,-150.8054550157628,16.9879374616097
mh1317,329.611,5.0964594,1200,-157.8993509119296,16.87184433069713
mh1318,300.6652,16.837797,1400,-157.3455089612352,19.34813727713779
mh1319,201.93874,8.617271,1300,-176.6697806184404,19.13172555061282
mh1320,563.47864,16.096413,1600,-174.2903742361955,18.74078989480338
mh1321,344.87354,13.958177,900,-173.7230099909133,19.23429933573208
mh1322,126.67687,7.306035,1700,-170.2541172756508,17.79751079123319
mh1323,491.24643,10.0551,1900,-176.1452008639769,17.41896976441146
mh1324,152.09572,5.822036,1000,-153.1072541115259,9.673945284553504
mh1325,73.855995,5.6236587,800,-150.2628646606249,10.13641442269718
mh1326,206.69383,9.337947,900,-179.5138351884818,-3.462244618821774
mh1327,171.8017,6.6947737,1000,-179.2496920309266,-3.077887879666025
mh1328,174.02487,9.199091,1400,-179.0836797251256,-2.096212054468097
mh1329,150.03433,3.2195086,800,-175.8904531478667,-0.1500861236508076
mh1330,127.53799,8.599279,1400,-176.3407611434175,-4.305226021275069
mh1331,224.93025,9.390369,1700,-176.5082173847649,-4.774800935385669
mh1332,349.71045,16.549614,1500,-176.1961538170808,-5.201802520626476
mh1333,155.84094,7.5594363,900,-178.1405505508154,-6.825810913221352
mh1334,270.84598,16.054886,1500,-177.6245064827157,-6.743814998396789
mh1335,190.63861,7.567052,800,-176.7714577190393,-7.146917901703107
mh1336,326.27335,14.783264,800,-177.3157745124723,-6.086368955536791
mh1337,241.58995,11.129876,400,-177.3227115162101,-5.831220642807507
mh1338,110.29624,8.051898,1000,-176.6110645003339,-6.972608747491753
mh1339,195.8639,6.5174847,1100,-176.5620978038679,-6.041771209529661
mh1340,251.32965,9.323064,1600,-176.409507357328,-5.522265767529079
mh1341,297.7409,12.724781,1200,-176.7123036831667,-5.679024983768598
mh1342,50.52459,4.460129,900,-176.5927054862894,-1.252148364597325
mh1343,112.87921,4.2521605,1000,-175.4096105579129,-1.270997006406651
mh1344,82.899994,4.3911734,1000,-177.3318842425667,-1.063246578579812
mh1345,528.04596,12.834407,2200,-174.6957132402237,-4.122597820163141
mh1346,214.12349,9.784956,1200,-176.1696987530996,-2.431031736030671
mh1347,240.69048,6.816874,1000,-176.0453612698906,-2.500951045800556
mh1348,287.57263,14.448008,1400,-175.7598720879514,-5.573539094141585
mh1349,298.05652,13.037668,1000,-176.9584423404398,-5.814817791986895
mh1350,262.13315,10.91906,1300,-178.3963803877908,-5.640635053220051
mh1351,154.71922,7.897376,1500,-176.8062192981034,-7.02320458166486
mh1352,165.12892,6.8115377,1000,-178.7798579013966,-9.72457019848885
mh1353,288.86194,12.025824,900,-178.5709634268114,-9.641591271841106
mh1354,263.2831,9.906917,1200,-179.7212328931977,-10.89570217574781
mh1355,153.7716,5.499199,1100,-178.544720638292,-10.49033057700142
mh1356,140.89767,4.459578,900,-178.7061105255343,-10.60551270004809
mh1357,560.05035,22.589645,1000,-178.8799666174012,-12.03348772256708
mh1358,416.4497,24.744467,1500,-178.6125872479516,-12.63494258934151
mh1359,225.51265,8.590346,1400,-176.8972169242251,-10.17374479783435
mh1360,115.58018,5.73101,1200,-176.5063792756511,-9.765403713177143
mh1361,191.31133,6.000683,1200,-176.2834417495227,-10.69090128221242
mh1362,104.596954,7.070218,1400,-175.7560586706459,-10.94501765254919
mh1363,114.60613,5.7516775,1600,-175.8422332474719,-11.17811443362167
mh1364,228.34357,7.273607,900,-176.2625570591908,-10.15172933784214
mh1365,91.672165,4.0503697,800,-176.0176991316421,-10.6796522401923
mh1366,84.96608,4.802625,700,-177.7540757861106,-10.72873765697964
mh1367,226.96448,5.3188353,900,-175.5982456686078,-9.377445282788132
mh1368,263.93646,5.3289046,1000,-175.684752329543,-9.508300383756032
mh1369,163.35457,10.454737,600,-175.4055475816968,-10.90306791944165
mh1370,113.92655,8.661147,700,-175.0235591587009,-10.68883707000394
mh1371,236.99013,8.647196,900,-174.781655474912,-10.73748354360199
mh1372,285.94397,10.75736,1000,-175.7327760696813,-11.31737715209346
mh1373,190.6701,5.35607,1300,-175.5599738197737,-11.11945855597093
mh1374,251.72581,9.214026,600,-175.4683878316497,-11.2990285457049
mh1375,147.76953,7.0122676,1000,-175.504632317229,-11.41978497937617
mh1376,204.0678,8.941954,900,-175.6778810668873,-11.49090988968661
mh1377,196.41608,7.712348,900,-175.7966432244007,-11.50393727932203
mh1378,106.34216,7.0097914,600,-175.7051114498813,-11.65172327141368
mh1379,81.99292,5.327495,800,-175.9200264077369,-11.70914247020492
mh1380,40.176434,4.892241,900,-174.5995589510308,-11.0155882599433
mh1381,86.143906,8.195613,1200,-174.4082490363411,-10.98758163929444
mh1382,364.7681,15.832563,2300,-176.0813404860104,-12.25357725501329
mh1383,48.480583,4.5693784,900,-174.0717913422265,-9.667227803926677
mh1384,118.479866,4.231477,900,-173.8964057653035,-9.492657855539544
mh1385,64.289314,3.6349847,1100,-174.3203486925425,-9.73052018127836
mh1386,161.87523,7.5111456,1000,-173.8799466804745,-9.184672475949045
mh1387,78.2933,3.479207,700,-174.3420927026673,-9.980191638660104
mh1388,162.76149,5.7665005,800,-174.3941276906829,-10.27177464086727
mh1389,252.62077,10.305791,1100,-173.6444030364519,-10.43022925342198
mh1390,219.63329,8.791231,800,-173.7358010907889,-10.30548941501539
mh1391,366.30753,14.351691,1100,-172.9923927880689,-4.504365504296977
mh1392,433.5577,16.048382,1000,-172.8504888311245,-4.376409066959538
mh1393,100.35711,5.9342866,1300,-172.8895125375913,-3.809100391546862
mh1394,172.20059,7.8763723,1600,-172.5506184300125,-3.72606308994367
mh1395,209.37454,15.645421,1800,-173.7872257254452,-4.856937134916127
mh1396,115.798805,4.449913,900,-170.7891952262163,-6.599614778482723
mh1397,107.75454,4.745002,900,-170.8908754935562,-6.758954698926416
mh1398,83.308655,3.7438598,1100,-171.0117722716109,-7.577035459855823
mh1399,125.16531,5.3549247,1200,-171.3346449966224,-7.426942117814508
mh1400,250.67268,7.7735105,1400,-171.5733997347344,-7.516490679062736
mh1401,361.50607,8.935816,1100,-170.4864479921429,-7.273634915779783
mh1402,164.36372,8.466593,1300,-173.100397809396,-7.527091681621052
mh1403,230.58157,7.737526,1100,-172.6380042622041,-7.523584294338373
mh1404,331.18445,11.030266,2400,-172.0146888680951,-8.045930924344704
mh1405,312.38373,7.494431,1500,-172.6161862032258,-8.922665877064684
mh1406,177.03569,8.836839,1300,-174.9409639267669,-7.145284623183341
mh1407,128.09143,8.570729,1600,-172.5241384707884,-7.238219061940065
mh1408,203.98528,10.966723,1900,-176.0716757164848,-4.899946896271125
mh1409,318.9074,10.4511385,1300,-175.7185341490443,-7.320839627669305
mh1410,272.2779,9.2789,1300,-174.9008501565384,-7.874375693858664
mh1411,287.89587,10.303034,700,-174.7597229281718,-9.579791327153982
mh1412,106.42143,5.712426,900,-172.9119398857614,-9.744887020955922
mh1413,118.54918,5.1683145,900,-173.0625549262013,-9.931774062298938
mh1414,179.54355,7.310242,1000,-171.6167581344272,-10.24715741557218
mh1415,326.09055,8.00651,1600,-171.754991810125,-10.37877634652624
mh1416,144.24294,11.517362,700,-172.7472326616869,-10.82203388640306
mh1417,240.08275,19.167522,1400,-173.0565132017123,-10.7900399173249
mh1418,236.53334,21.72944,1300,-173.2001485723667,-10.69077044399705
mh1419,25.241482,6.1495275,1300,-172.9915271599067,-11.49185880865135
mh1420,20.349915,4.55423,1100,-172.4146780137855,-11.54052811906271
mh1421,14.911785,5.359959,900,-173.1730217445389,-11.60835313454534
mh1422,33.530434,4.9216495,900,-172.1774244003967,-11.35065921805871
mh1423,24.762966,3.9275405,600,-171.9756839635065,-11.44932700304564
mh1424,43.81271,3.2577028,900,-172.6357735799309,-12.46897431784872
mh1425,89.90941,6.0276704,600,-172.8214087450713,-12.89239103013765
mh1426,208.74889,10.320391,1000,-172.7569152500276,-9.077023429906667
mh1427,310.00638,17.05453,900,-172.8545790319427,-9.288003380288362
mh1428,231.31201,6.835628,1500,-170.8978209130771,-9.774454027273936
mh1429,129.186,6.3559833,700,-171.0342461164317,-8.760824643489602
mh1430,108.95517,7.8120646,1000,-170.9122175673543,-8.687978935658418
mh1431,267.68423,8.34353,1300,-170.7233716040726,-8.551753612208332
mh1432,160.40747,6.535192,1200,-170.1017675273955,-8.901289331226447
mh1433,136.29532,7.108778,600,-171.0238422428548,-8.563546442868505
mh1434,242.24837,10.3881645,600,-170.8096638461764,-8.305925254157946
mh1435,143.6971,6.4841614,1200,-170.9486517069386,-8.428315396431213
mh1436,29.175655,4.268628,800,-170.1435384833381,-11.47037228003039
mh1437,99.48803,5.931233,1300,-169.6121592114104,-11.15419608157536
mh1438,245.7232,12.764894,1600,-170.5004347150242,-9.108861303224392
mh1439,413.31564,13.961088,2300,-170.5325576704043,-8.871254767882782
mh1440,554.4211,10.839747,1600,-170.9695550410499,-9.366294902274127
mh1441,188.31209,8.54729,600,-171.5310581960053,-10.14491423376235
mh1442,142.09903,7.999523,700,-171.7084466048407,-9.997704847835644
mh1443,139.85811,5.1874933,1000,-169.2440738240047,-9.914981925505115
mh1444,214.69104,9.330497,1300,-166.5858275227556,-11.0952721345253
mh1445,506.21558,11.502354,1400,-168.5534633687357,-10.60592660423387
mh1446,291.1032,8.655701,900,-168.5753306989607,-10.77322583628957
mh1447,383.36755,11.593567,1000,-168.7581888543764,-10.61802176470783
mh1448,693.56104,12.080472,1100,-168.7625383333004,-10.78939644940025
mh1449,198.41719,5.509254,1100,-168.6291131371802,-6.747669915645417
mh1450,217.56467,10.763777,1300,-169.3393503426682,-8.61823191505478
mh1451,391.03537,12.186953,1600,-168.285555272785,-7.511001588348633
mh1452,208.06459,9.55275,1600,-167.3527286767076,-8.414863906783708
mh1453,245.83832,10.25506,900,-169.569004749468,-9.334222722656111
mh1454,346.01877,11.991279,1800,-169.6423247874596,-9.600945667816047
mh1455,93.20653,5.243646,1200,-166.2721151425799,-1.091471150591383
mh1456,109.3374,4.0272527,800,-166.4221285973867,-1.197447865421219
mh1457,100.55981,4.428232,700,-166.5187270896533,-1.346644903608054
mh1458,176.83334,13.079727,900,-166.9544636842622,-1.727947474607644
mh1459,283.3764,13.957617,900,-167.1378335844624,-1.645915593201897
mh1460,132.35825,6.3166428,1100,-168.9594247425959,-2.918978289569425
mh1461,252.21066,9.000297,1400,-168.2270962347289,-3.285499234311796
mh1462,155.00735,6.0393806,1200,-164.2087493259979,-0.2599864947031956
mh1463,36.302704,3.3272345,900,-162.9050038346395,-1.114679431529541
mh1464,41.188843,3.362361,1000,-162.3364871799656,-1.451364708982173
mh1465,276.79303,10.735916,900,-165.362854765602,-2.260809225139359
mh1466,112.48503,6.4857445,1200,-161.8628626841644,-3.01681118256351
mh1467,185.93707,5.391502,1200,-161.5644770800628,-3.122967456684352
mh1468,108.14474,3.9121747,1300,-161.4468965341092,-3.085725618443924
mh1469,139.76726,4.9413247,1000,-161.9754767800691,-3.723972757176479
mh1470,72.377014,4.583494,900,-161.6765667502551,-2.844432043393686
mh1471,42.72284,2.9849744,800,-162.9563872797815,-2.286224176102172
mh1472,97.03211,3.3623056,700,-161.8958072795138,-2.543130888831834
mh1473,105.91939,5.6126437,1000,-161.9774974401015,-4.76191642988216
mh1474,447.84454,10.173739,1900,-163.6077343757206,-4.648214395733396
mh1475,261.362,15.110819,800,-164.3042080863269,-3.964155743904195
mh1476,405.39752,17.26398,700,-164.3362484141281,-4.114967529573688
mh1477,372.6777,16.376184,900,-164.0847864389669,-4.22584238519164
mh1478,393.03415,9.394145,1200,-163.5655724791768,-3.962306436773766
mh1479,340.39877,18.183022,1900,-164.0753490897042,-3.891668239007713
mh1480,182.6577,5.5259514,900,-167.0010424136577,-6.444316355676636
mh1481,100.22137,6.6502614,1000,-167.0080746851237,-6.583094605627207
mh1482,57.470657,6.0648127,1200,-167.0853869275485,-6.746739571544543
mh1483,71.57563,6.4422035,700,-167.1132109153707,-6.88995264281833
mh1484,90.42123,4.09703,1000,-167.826176607721,-6.635181099476437
mh1485,250.07472,10.989777,1400,-167.5910649741264,-6.205109974817034
mh1486,276.1223,8.760701,1000,-168.6113722951816,-8.432999789722082
mh1487,115.730934,7.4666953,1500,-167.3913460700759,-9.980956357282894
mh1488,427.81317,16.158636,1200,-167.9329453449808,-10.51955571915128
mh1489,304.04013,9.390442,800,-168.3658043035985,-10.68125975796451
mh1490,222.63957,12.895852,1100,-167.1286001753026,-10.27291101157693
mh1491,108.72352,6.764617,1200,-165.6805337474543,-10.64620995034728
mh1492,162.00862,7.1494412,1600,-166.0790447097499,-9.170712389767337
mh1493,163.93045,9.420222,1400,-165.9051298138137,-9.848150948295013
mh1494,370.04535,12.047875,1000,-168.235844692867,-10.46261632552569
mh1495,331.83908,12.612235,1100,-168.5538184519109,-10.47244730843927
mh1496,439.73892,13.677855,1200,-165.599061083577,-11.55772632219652
mh1497,343.1817,8.510053,1100,-165.2227296001342,-11.92250817161014
mh1498,316.16516,8.4845085,800,-165.540396966012,-11.74647781673679
mh1499,267.79715,5.1050854,800,-165.5133277825345,-11.89528442111389
mh1500,157.35449,12.101937,700,-164.7109185570102,-11.63490764790395
mh1501,523.55,8.765076,900,-164.474220447979,-12.11872503470885
mh1502,217.68393,8.265466,1000,-164.3943191325393,-12.02709827178712
mh1503,276.92368,6.5127487,1000,-164.7012228746,-12.08421374073511
mh1504,302.1467,11.462421,1300,-166.4272865355807,-0.8326185471747585
mh1505,274.94012,10.491106,1700,-164.9148910939421,-0.8506366334427574
mh1506,305.09018,14.012563,2200,-167.4251036404081,-0.3414895066172674
mh1507,129.01913,4.4035506,1200,-165.1644929143629,-2.391478723193611
mh1508,78.538704,4.0316324,1100,-163.524102649896,-0.8128412069993314
mh1509,103.500755,5.499025,1100,-163.6475640017667,-0.933954820034966
mh1510,151.3193,7.1519594,1500,-165.3405078510175,-1.509997384913977
mh1511,208.72446,8.432151,900,-165.1567019975043,-1.494712401066298
mh1512,210.05792,9.212262,1300,-162.0002975113826,-3.938999859370639
mh1513,230.90282,12.777924,1400,-165.3855363683675,-8.79028234827181
mh1514,288.04953,5.8841624,1100,-165.2382267672909,-9.853803382442042
mh1515,385.67343,5.7046127,900,-162.679443822814,-13.51819094566117
mh1516,161.76953,6.3171906,1700,-164.0806746024564,-14.28331191349114
mh1517,391.2493,9.588494,1200,-162.3155773586476,-13.66039518501674
mh1518,251.67152,7.216754,1000,-162.2619122245768,-13.79885626778543
mh1519,392.2733,12.655585,1000,-162.5588405982595,-13.9317196923498
mh1520,87.976166,3.8636618,1100,-162.5328528871937,-17.12266041593582
mh1521,98.2617,3.5121171,700,-162.8290850127921,-16.79256460944106
mh1522,134.76022,4.424126,1000,-165.2458412732968,-16.47815835808283
mh1523,192.87373,7.2667584,1700,-167.2745610010322,-18.73665606724918
mh1524,83.285484,2.8607373,900,-167.8761047751376,-18.57720071109613
mh1525,157.44263,4.6462464,1500,-168.116161273609,-19.02682693849409
mh1526,673.96765,16.442255,1700,-170.1365890481309,-19.35043511309639
mh1527,793.09143,7.692545,1400,-169.472507277693,-19.46094673821976
mh1528,181.54285,5.65852,1000,-169.7208665752423,-17.96741836077446
mh1529,129.87553,5.27537,1000,-169.5413775337043,-17.71986431555298
mh1530,129.96205,6.030057,1100,-166.5254300394781,-17.14282032435481
mh1531,180.08305,6.033735,1000,-166.7215485737572,-17.02056470389095
mh1532,122.11578,6.1476173,1300,-167.8203690046565,-15.50936295419737
mh1533,163.78568,8.787085,1100,-167.8630062174254,-15.75290775171349
mh1534,136.51395,7.0267954,1100,-167.7482057441981,-15.31826789734774
mh1535,117.01971,6.593238,1900,-167.7295703917912,-15.13918974021927
mh1536,119.76483,4.345021,500,-166.6692195011138,-14.48671093824905
mh1537,100.66695,5.149291,900,-167.487788389666,-14.38766325948749
mh1538,130.64543,5.829676,900,-165.6318793262141,-20.82235568933469
mh1539,112.503136,6.4964547,1200,-165.0640047295292,-19.67774893086371
mh1540,64.52314,4.0579057,800,-164.9684138377975,-19.58637198365299
mh1541,115.66705,7.061059,1300,-164.952919331991,-19.99291364031055
mh1542,74.82859,4.910336,900,-164.7469634795663,-19.87698338445238
mh1543,75.37009,4.3121266,900,-164.6068490070414,-19.72428612034454
mh1544,123.549515,6.6026406,900,-164.1043124273098,-20.11651139251973
mh1545,146.28188,8.091069,1000,-164.4517453364913,-20.69391757735385
mh1546,97.07555,4.3231378,1100,-164.3416998434058,-18.97497269692542
mh1547,177.63943,5.529917,1100,-163.5324938599981,-19.30016635813658
mh1548,64.336006,3.4039853,900,-163.2498059695701,-19.31427171462075
mh1549,89.59269,4.5236835,1100,-165.5378900465545,-20.68289816346768
mh1550,255.87843,13.976458,1300,-164.6069170950387,-20.94933986298693
mh1551,90.53126,5.3439946,1300,-165.3768010469184,-22.74074223181115
mh1552,122.13967,4.455028,1100,-165.4231588163043,-23.61547637338922
mh1553,80.712296,2.9712586,1200,-166.0928651734386,-23.3760545177777
mh1554,143.8636,5.7524624,1100,-165.1915174936241,-23.79199506592436
mh1555,291.8069,11.960478,1100,-165.6914660454492,-23.28677473388642
mh1556,205.09215,8.095108,1000,-165.9865466911617,-23.24068583999914
mh1557,97.614876,4.1993833,1100,-166.4262121002594,-22.49944029647153
mh1558,69.64817,4.0918403,1000,-166.2241949871806,-22.54707066523925
mh1559,77.636696,3.6765199,1200,-165.8853790324895,-22.30466915153694
mh1560,207.72905,10.300834,1100,-165.5485406483295,-23.16536922497254
mh1561,94.2193,5.3446875,1100,-165.1157480156596,-23.67423260479954
mh1562,111.087135,4.6062765,1100,-166.4749935799203,-22.94869867661123
mh1563,142.29231,3.7101364,900,-166.3483473024407,-23.24333413675079
mh1564,79.585144,3.4526918,900,-165.4643119860906,-24.17031064427459
mh1565,59.11433,3.457783,1000,-165.9619372325333,-23.60905360570251
mh1566,75.987595,3.6226358,700,-165.7387710170249,-23.87109794765362
mh1567,298.69937,11.562534,800,-165.5875257776414,-23.32301116832828
mh1568,114.00383,4.9899955,1000,-164.7987034790041,-22.76242380494324
mh1569,164.01335,8.768515,1400,-164.9116352023584,-22.57196639135654
mh1570,153.9895,7.310134,1200,-164.8396258735704,-22.44812788579691
mh1571,82.32303,3.637875,900,-163.7911981871464,-23.14606417827895
mh1572,142.82657,5.3175316,1000,-163.8054044070745,-22.57009209675018
mh1573,86.76431,4.7406387,1000,-165.5038008959868,-21.54313970736785
mh1574,100.56994,5.427444,1400,-165.4677325387074,-22.02794551238678
mh1575,312.1948,15.539965,1200,-165.7207562342557,-23.03261531027981
mh1576,445.5861,14.712613,2200,-164.5427876610348,-23.96206881453654
mh1577,776.2482,27.661362,1700,-164.5366701101145,-24.31180699582864
mh1578,410.48944,8.910075,900,-164.4031587689341,-24.45128861187027
mh1579,110.5536,4.788937,1200,-164.053050816962,-24.98594933087344
mh1580,78.945915,3.826714,1000,-164.4589068414799,-25.56754164504397
mh1581,118.45923,4.284916,900,-164.433439386666,-25.39310339175494
mh1582,86.26915,4.8055434,1200,-164.7668262198443,-25.59471641138649
mh1583,109.514404,4.159586,1000,-164.2476940852916,-25.23010055010212
mh1584,69.16459,3.4795837,600,-166.1662652232579,-23.83952313019782
mh1585,163.40996,5.3350945,1000,-165.7423031943665,-22.73669428264344
mh1586,81.06738,2.7884986,900,-166.1378519201717,-22.2968838206476
mh1587,200.05833,8.318902,600,-165.4216478621589,-23.29256568007504
mh1588,151.09236,6.472239,800,-164.9267605967793,-22.92167022610061
mh1589,57.78412,2.7593124,700,-166.9028961153101,-22.90466754072211
mh1590,112.16071,4.2573647,1000,-166.2462312820803,-23.09130229139377
mh1591,76.908066,5.076206,1000,-166.1665782118966,-22.96424915484455
mh1592,50.073223,2.4552374,900,-167.39579602717,-23.16033179169778
mh1593,78.53907,3.4539244,900,-165.4564031118693,-24.55966417360609
mh1594,72.8729,2.3701444,800,-165.8146543095459,-25.07379902598437
mh1595,81.54517,2.822587,900,-165.9001069141552,-25.89853940755675
mh1596,164.12737,15.297151,1800,-173.3081107286785,-25.60280906241032
mh1597,101.33477,5.751535,900,-173.1649769759811,-25.26994253287937
mh1598,84.896225,3.6166964,400,-174.3201080547444,-25.02936303248659
mh1599,80.94902,3.3039095,700,-174.0108174264447,-24.59410719361915
mh1600,71.081184,2.407441,900,-173.5939250897758,-24.22469646644458
mh1601,269.52588,9.391682,1500,-170.2263122521549,-25.99693109252093
mh1602,95.8018,3.9468083,600,-170.2636561116005,-25.01796069149005
mh1603,178.61276,10.653716,1300,-169.4692660112653,-24.14157727387783
mh1604,151.50246,8.264748,1200,-169.4032131160931,-24.01696633004503
mh1605,159.21843,4.621785,600,-167.6072011355253,-20.5112781699214
mh1606,104.543205,3.8548665,1000,-167.5488856467521,-20.66268581239399
mh1607,99.79281,5.7635384,1000,-167.3587919053854,-20.54381917809811
mh1608,44.782772,3.6858733,1300,-167.4998060973787,-21.20684626081129
mh1609,67.338486,3.642832,900,-166.9687177473971,-21.46430530628846
mh1610,104.29888,4.002554,800,-169.5246179674082,-17.5920187412735
mh1611,268.1175,7.300995,1400,-168.5506976325395,-18.23104033862127
mh1612,206.56679,5.046392,1000,-168.8006868184631,-16.57278469877697
mh1613,1053.3348,31.428896,800,-172.5613307040116,-18.68676193041927
mh1614,643.44965,8.4069805,1700,-172.5757498472167,-14.37544018395659
mh1615,328.67822,5.8872833,1100,-172.7544409023934,-14.50060508626038
mh1616,57.438442,2.4441953,900,-170.0433270928764,-15.7084214660949
mh1617,250.49315,5.8902197,700,-171.4403860491532,-16.8831080311355
mh1618,198.8939,7.125537,600,-171.3643249725237,-16.69352750855374
mh1619,189.85533,3.168493,600,-171.6243848996571,-17.75083543883731
mh1620,116.29505,4.6154146,800,-171.6919383961308,-18.27375782851007
mh1621,88.22954,4.0838494,900,-171.4073372974278,-18.2477038827419
mh1622,319.86334,15.08247,800,-164.8473922304148,-23.19532751258456
mh1623,120.761314,6.682041,600,-165.0532401877122,-23.31401648608536
mh1624,115.49873,4.945024,700,-165.4341559340531,-21.72132272129195
mh1625,138.19707,5.750435,1000,-162.6934700058009,-21.57712239851854
mh1626,157.88025,4.4602723,1000,-162.8521618034749,-21.47504274658767
mh1627,145.98253,8.809765,900,-165.4960126988555,-20.19021018494331
mh1628,155.52351,6.1256833,1100,-165.8540559437093,-23.40234112824295
mh1629,241.8321,7.563366,1100,-165.638882171882,-22.9027786240356
mh1630,80.25839,2.78986,800,-165.977979645051,-22.52926767786479
mh1631,150.48354,8.108841,1000,-164.8465800324065,-22.01833224711541
mh1632,195.80347,5.4695535,900,-163.6833339372054,-21.88453063379953
mh1633,140.54042,6.495891,800,-165.363245771608,-20.34664725322524
mh1634,132.21852,9.076351,800,-164.4142688731845,-20.20089778860872
mh1635,145.34258,8.935123,800,-164.2815101845791,-20.16346737568428
mh1636,90.081345,5.190973,1100,-164.1257595636006,-19.58712410905764
mh1637,166.13518,8.354214,900,-164.6201871943134,-20.3192062063968
mh1638,106.01531,7.07445,1000,-163.2939244239955,-21.57700933517525
mh1639,112.614975,7.518306,1000,-165.2765155564234,-19.97128485128561
mh1640,96.99556,4.3365703,1200,-161.930766302287,-20.4056507930275
mh1641,82.42293,4.1690197,900,-162.1411860665154,-20.52741672105782
mh1642,200.56508,4.556478,900,-161.6022842582422,-20.23119107942404
mh1643,80.240295,4.360061,800,-161.40027986016,-20.35880700799498
mh1644,60.569782,4.9571614,800,-161.4950782484489,-20.57934821586294
mh1645,100.548225,5.379118,800,-161.4647720876268,-21.35061234128351
mh1646,272.45145,5.8420706,1300,-161.3107181710283,-21.66446035795999
mh1647,106.86049,4.8972235,700,-161.0717853862791,-22.11969312144632
mh1648,134.05476,6.50248,1000,-161.0414852199834,-22.24719594178156
mh1649,94.677185,4.9042478,600,-160.8701578754256,-23.32040977885686
mh1650,113.50504,3.7948277,600,-160.4487789317114,-22.48921405915535
mh1651,69.99711,4.6665773,500,-160.8601791159524,-22.23085587499629
mh1652,104.689804,3.2421002,700,-160.8256401813843,-22.03002460157778
mh1653,51.99633,5.01696,500,-161.202947162222,-22.76168789616207
mh1654,136.28989,6.216503,1000,-160.9322676794143,-22.53807780249211
mh1655,79.240555,4.2457757,1000,-160.9630162978624,-22.64463020681931
mh1656,252.5491,10.089867,1100,-162.0062625306087,-22.63166172878823
mh1657,265.70825,13.800949,1000,-162.1192801559432,-22.45177504294974
mh1658,137.0243,8.08616,1400,-163.1626026061323,-21.04395129343638
mh1659,170.15405,4.4431667,700,-163.0480568313368,-23.18949354639665
mh1660,104.00352,5.7148256,800,-162.350333921593,-21.99120936497631
mh1661,56.527744,4.048225,700,-160.8852110346554,-20.6949213616572
mh1662,39.40364,3.0474823,900,-160.9772284648728,-20.35345700882166
mh1663,68.33787,3.5038567,800,-160.7120778079237,-20.27719718969626
mh1664,67.87275,4.2736673,800,-161.0095099136514,-20.13367015744738
mh1665,42.444492,3.7138503,600,-161.0185298219145,-19.9884612239094
mh1666,41.24205,4.005094,1000,-160.959589236323,-19.7914522172438
mh1667,76.32675,3.2068841,700,-161.2486885233782,-19.74227393203782
mh1668,82.54998,4.420037,800,-160.9491927720694,-19.57511254850764
mh1669,295.64478,5.9756904,800,-161.352943011079,-19.623625653131
mh1670,287.01883,5.983921,900,-161.464086680107,-19.66087857564313
mh1671,188.97937,7.480339,900,-161.9083893007406,-19.6428360109145
mh1672,112.58892,4.972239,900,-162.3250585989895,-19.27884985322341
mh1673,109.56146,5.6148376,800,-162.2167366753785,-19.30823228444916
mh1674,101.22473,3.7507622,1100,-162.6765666934548,-18.44257111527988
mh1675,60.068104,4.8514633,800,-163.0470419047634,-19.80235576935087
mh1676,397.17355,6.1863713,700,-163.5785999808804,-18.24707889957363
mh1677,190.13983,3.101715,800,-163.4043035271299,-18.51622156277129
mh1678,136.64822,5.4794636,800,-163.3050452008385,-20.98803923778548
mh1679,144.70625,6.2243857,1000,-165.0547022749106,-22.00215878822041
mh1680,87.36626,4.175186,700,-165.6546088591707,-21.05060043012237
mh1681,131.25354,10.501246,700,-163.2401369239147,-21.20360657434373
mh1682,137.58318,7.1177416,500,-163.5451693113223,-21.9575466725918
mh1683,211.48695,7.241562,1100,-163.9352044887279,-21.03812318062198
mh1684,78.03232,4.472433,900,-164.4192847118273,-19.44089638061659
mh1685,114.9938,5.1834025,600,-165.2510882665195,-17.71406016140691
mh1686,92.66322,3.96592,500,-165.0525515972827,-17.38162440260612
mh1687,60.169453,3.4130802,900,-165.1550705167758,-17.26637037272893
mh1688,168.30876,6.5369816,1400,-163.7655969375133,-16.30860639718524
mh1689,107.77843,4.78606,1200,-163.7298989210049,-16.18566366641296
mh1690,112.80573,3.851199,500,-163.3353245897097,-15.60680010746984
mh1691,110.62382,5.0150037,1000,-163.6087399452853,-14.34656603045386
mh1692,152.83665,4.0537977,900,-163.9733701720311,-15.47842578244258
mh1693,154.1191,5.429855,1200,-165.3285594294842,-13.44447726724898
mh1694,158.13109,7.4859695,1000,-164.8151740887676,-13.26131242472423
mh1695,328.494,5.3726883,800,-164.0712542346081,-12.46121387210034
mh1696,127.62811,8.270251,1100,-167.8194328382373,-10.37657413206191
mh1697,216.70972,11.216175,1100,-167.7837888291964,-8.622703501628711
mh1698,563.01245,20.387293,1900,-165.992402061054,-10.38993918451349
mh1699,69.64021,7.236949,1100,-164.440096899473,-8.064395095934746
mh1700,152.761,7.861168,1000,-166.3532571104453,-7.030869488626105
mh1701,373.7835,11.936713,1100,-166.7834526431204,-7.05525444292809
mh1702,68.310356,7.3832836,1300,-166.1827113082761,-7.130823808534995
mh1703,218.02219,7.711621,800,-166.3052841832973,-7.222427158227213
mh1704,281.14563,10.74832,1200,-168.4292758439398,-7.65865427646351
mh1705,105.16904,4.631564,1200,-168.5350806692276,-7.761295538621752
mh1706,128.02301,8.735797,1400,-167.1735413210543,-7.702723067869985
mh1707,187.80661,9.905707,800,-166.4548214592975,-7.082608122781229
mh1708,146.3977,8.103368,1000,-166.0624180612639,-7.387189559348862
mh1709,270.18848,16.78162,1000,-165.23448183231,-6.458366188414782
mh1710,320.6157,9.276292,900,-165.6125008464166,-5.869928893112435
mh1711,158.49106,8.38481,800,-166.1224185321023,-6.167855977478586
mh1712,179.47694,8.201102,800,-166.0705416240712,-6.052610285960903
mh1713,185.57204,11.706648,900,-165.90231690563,-5.949514901176048
mh1714,465.14096,12.21256,600,-165.6767587558309,-5.777019080430917
mh1715,669.15717,18.259762,1200,-166.6791273085696,-5.424149258308163
mh1716,193.9046,14.763281,800,-166.1275567355825,-5.499495295246225
mh1717,379.13495,10.009501,1000,-166.2402547824981,-5.794148138243823
mh1718,165.03915,15.6129465,1300,-166.0736505809224,-5.356752040238283
mh1719,450.7178,16.338745,1300,-165.988833954605,-4.794286649020791
mh1720,920.5071,52.113266,600,-164.7330016491275,-5.627792683769855
mh1721,406.2056,14.864352,1400,-165.981657727752,-3.636383116742
mh1722,656.4606,19.53653,1500,-165.9784945571507,-2.992266902898769
mh1723,167.32385,5.426794,1100,-166.3555018976309,-2.966966027319269
mh1724,152.57568,5.0963316,1100,-170.8997917005718,-4.969466709192997
mh1725,399.5357,13.677543,1100,-171.5226609724417,-3.893586823378848
mh1726,176.18942,9.507886,1400,-172.7990555480439,-2.701013756011252
mh1727,124.4356,5.0734844,1000,-173.2550073533175,-2.878148397018451
mh1728,405.51825,9.913133,1500,-174.7458487323418,-4.928037524110887
mh1729,244.66989,13.674877,1300,-175.351215383426,-4.913416495109344
mh1730,329.54367,15.613594,1200,-176.2654306759398,-4.564271213523386
mh1731,171.62506,5.4097924,1200,-176.2303581458566,-9.275127132042144
mh1732,108.43214,5.762825,1500,-177.5349408506324,-10.19073325703135
mh1733,65.32833,4.85999,700,-174.1088853934627,-10.08312039930388
mh1734,496.82916,14.887667,900,-172.6691985709076,-14.28489350751701
mh1735,631.52875,14.921954,900,-172.8541680623355,-14.06807061734437
mh1736,129.7465,6.4362316,800,-172.3293902091266,-10.1246315523833
mh1737,118.18776,6.089928,700,-172.4135211403774,-9.980626796318694
mh1738,216.08098,8.915513,700,-174.2035398320805,-10.28326875867958
mh1739,110.66563,6.436344,800,-173.8013596818249,-10.04529609199436
mh1740,265.8621,14.364785,800,-174.9848808436514,-9.780151851399028
mh1741,196.5234,7.992486,1200,-176.0508041463226,-9.941365875401647
mh1742,281.78085,10.301303,2400,-172.8552777300502,-9.089247136192595
mh1743,366.00168,12.643323,700,-175.5464805327322,-7.308735743139253
mh1744,131.22964,7.5277147,1000,-174.8626388445734,-7.427303712519308
mh1745,249.08766,10.989998,1200,-174.6841403803249,-8.497489672286486
mh1746,259.79633,8.163548,1200,-172.4737059518652,-7.941281182249599
mh1747,139.38033,6.3879294,900,-173.3375590760156,-8.056899489448895
mh1748,264.05807,10.723811,1400,-171.4310765275202,-9.515436845618106
mh1749,415.72775,8.02595,1200,-169.1642275641736,-10.93723724291231
mh1750,394.1396,6.5114903,1200,-169.3963061101965,-11.03590160966417
mh1751,471.482,16.781237,1400,-167.7718138595032,-11.03484895296882
mh1752,190.75299,9.998949,1700,-167.3795413791048,-7.857245624086469
mh1753,156.49031,11.969052,1700,-166.9514608010643,-9.812112505033506
mh1754,385.14642,19.599674,1700,-164.4148675884922,-8.534774466065162
mh1755,416.25787,20.652063,1200,-164.4814116051398,-9.357068572233077
mh1756,92.5863,6.35454,1200,-163.8954123890762,-9.17612728259176
mh1757,293.57816,5.9807854,1100,-162.1561199667447,-9.258416364131088
mh1758,155.595,8.896122,1900,-163.5680897058197,-12.14241489845903
mh1759,106.570015,7.6784754,900,-163.7404257496752,-12.38258796712023
mh1760,195.06903,8.859528,400,-164.0287647844031,-15.00315924602037
mh1761,286.61017,13.892786,800,-162.4044632079006,-13.97277464187526
mh1762,358.2694,8.978194,1700,-161.601046758061,-15.07046392553759
mh1763,212.242,10.959056,1100,-164.9175717064044,-13.47454307287563
mh1764,216.46503,8.6198015,800,-162.7910680024195,-14.99095898840815
mh1765,321.6833,8.370666,1400,-162.0790266009286,-16.58314232098948
mh1766,115.220024,5.2587366,400,-167.890991438118,-14.01125121682122
mh1767,106.53473,6.421616,1000,-166.7729440244397,-15.11879965386876
mh1768,135.42154,7.284967,1200,-166.9410699357035,-15.02055082879482
mh1769,107.73246,6.022907,800,-166.6456596037423,-17.27699946857409
mh1770,455.07712,10.440467,1000,-162.1627154360542,-16.69780337975893
mh1771,206.82523,8.693117,1200,-162.7233587379552,-15.52515880639593
mh1772,217.42351,7.765009,1300,-162.4166108540292,-15.22374540893181
mh1773,113.19303,6.1029077,1200,-162.4814683249375,-15.41888643176797
mh1774,386.7244,8.2419615,500,-161.9344770741015,-16.35999201483791
mh1775,183.09567,5.1571903,900,-162.7335250311635,-15.8302723694974
mh1776,106.30199,3.5410662,700,-162.9012426893741,-15.84089275440899
mh1777,118.91892,4.559234,1200,-164.8050243747467,-14.25614450136594
mh1778,482.94373,10.742291,900,-163.4982655651109,-12.86312109281581
mh1779,37.609028,11.341559,1700,-161.9886796188559,-12.62259533432394
mh1780,110.771866,9.9539175,2200,-162.153350053532,-12.80981115075618
mh1781,140.58585,12.507314,1200,-163.7218851300567,-12.63000655336271
mh1782,626.79626,17.504896,1100,-161.5842897455048,-14.7307109524647
mh1783,711.336,21.226654,2100,-161.4623580833465,-14.23841291282312
mh1784,501.49377,18.106602,1400,-161.3113661376387,-14.11567441976484
mh1785,664.89685,17.296165,1700,-161.1067134362166,-13.51054092431142
mh1786,124.0731,6.74611,600,-161.7165374405309,-13.1025008497121
mh1787,475.80692,13.834516,1100,-161.1756228526201,-13.30095482990274
mh1788,362.34784,21.17438,700,-161.006948989111,-13.07812434529706
mh1789,234.55956,6.7476745,1100,-160.6145866635048,-12.91790723903175
mh1790,331.70206,15.560202,1900,-160.4346766589009,-9.922903075802909
mh1791,359.64597,9.964046,1500,-160.532547550284,-10.35745876059383
mh1792,122.48752,6.9272118,900,-159.838610292629,-10.95945458316293
mh1793,291.07138,11.017837,1000,-160.4349967558238,-10.70085919065009
mh1794,191.27132,11.339067,1000,-159.444760256962,-11.28585315208261
mh1795,245.00797,9.84527,1000,-160.0293994664052,-10.72603241828294
mh1796,463.3809,25.422302,1100,-160.5576695107928,-8.034298952387731
mh1797,195.47208,8.177206,1500,-160.6865624951573,-8.100053824586453
mh1798,542.8251,25.945263,1100,-159.9726158429908,-8.275071592010907
mh1799,95.67657,3.988303,1200,-157.9240704904552,-10.83381582665311
mh1800,301.27545,10.840449,1100,-158.721788215433,-12.3737619897456
mh1801,238.26677,9.908596,1000,-158.6440938086042,-12.57302964194039
mh1802,202.6109,6.017469,800,-158.9038087858118,-15.27933454570991
mh1803,80.40824,3.871206,900,-158.88683321964,-15.0663646485985
mh1804,41.412174,2.3938305,700,-159.8797378336055,-16.67017137974095
mh1805,120.43338,5.1181087,700,-159.4360169464576,-16.48340109608651
mh1806,192.7228,8.129149,800,-159.4027984052419,-16.33075453824803
mh1807,74.6353,3.5673556,700,-159.1679299064895,-16.30112127391298
mh1808,108.2041,3.494264,1000,-159.8026432074781,-16.06038579760102
mh1809,138.89493,7.157253,900,-159.4640477521484,-16.20798579369202
mh1810,81.1148,3.761037,500,-159.5082854213506,-15.95357927011639
mh1811,100.954346,5.5628843,900,-159.4678234611504,-16.11572680011809
mh1812,130.29144,6.8268313,900,-157.9837494248654,-17.33803774200396
mh1813,54.55975,3.558732,900,-158.8147415734205,-17.95766792311591
mh1814,143.42308,6.4671044,1000,-157.2529650446774,-19.55220645479909
mh1815,469.05704,5.3658204,600,-157.4362108103946,-19.89532305960529
mh1816,102.19949,4.0509434,800,-158.4610206113256,-17.21510444376737
mh1817,165.52852,8.313365,1300,-157.0501807774158,-18.0785974910142
mh1818,252.99179,10.007549,1000,-157.2277091412755,-17.92549448650923
mh1819,341.87466,11.313536,1000,-158.466713521343,-16.80431851582107
mh1820,257.8095,7.1451344,1100,-158.4479224581349,-16.95055233827522
mh1821,119.83976,6.024499,1000,-156.6188270432064,-16.92549748550917
mh1822,106.84312,6.6168766,1000,-156.2551757458713,-16.84624724533132
mh1823,121.678894,6.802989,800,-156.1417685311386,-16.84530564918678
mh1824,118.749886,7.1121435,900,-156.7048097974666,-16.78891174912856
mh1825,365.4377,12.393951,1300,-157.2463479599161,-17.78114575639025
mh1826,163.45483,5.7038302,900,-157.3558251586341,-18.18956641687143
mh1827,79.437096,5.16901,1200,-156.9152340751041,-18.07243585537178
mh1828,502.61624,14.708973,1200,-158.0418490329621,-18.10737297791141
mh1829,71.99152,6.1449986,700,-156.8317378303053,-18.04158112978109
mh1830,86.05414,6.2820735,700,-156.1992926568229,-18.25414577275243
mh1831,86.233315,3.3618965,900,-156.1266897129696,-17.85531835117619
mh1832,45.59357,2.9311843,1100,-155.0694487743021,-17.97758805606555
mh1833,585.25,8.667183,700,-155.0474058645015,-17.15148893963862
mh1834,171.24138,7.2544928,1400,-155.3558588540737,-15.81570992671348
mh1835,218.55971,12.162468,1000,-156.2630290557721,-15.01596923848857
mh1836,170.78639,8.13315,1500,-155.6741815515996,-15.00321311988053
mh1837,82.22494,4.8127275,700,-156.8735338197097,-16.51076239136198
mh1838,328.0122,5.912757,900,-157.8452573540865,-18.07602345887711
mh1839,601.88947,14.484482,700,-158.0558700212128,-17.91075854255553
mh1840,103.07436,8.334926,1100,-156.1912738850378,-20.33021845832989
mh1841,154.1086,6.817643,1000,-156.4218658391294,-19.90335626377585
mh1842,174.72202,11.2735405,1500,-156.2618640562862,-19.8687835096411
mh1843,104.8697,5.681883,1000,-156.2651823333836,-20.08273566178768
mh1844,118.86354,8.323551,1000,-156.391477674456,-20.279603456821
mh1845,537.9062,17.3523,1200,-157.06426019485,-20.72544055214313
mh1846,34.320236,2.85413,800,-156.9324937495627,-22.17517992336969
mh1847,45.245,4.022994,800,-157.3479421588541,-22.90713271140352
mh1848,83.50375,3.0424287,900,-157.7906621586827,-23.07109987717343
mh1849,90.4824,4.682262,800,-158.7890737371439,-22.82286005716337
mh1850,233.68034,9.868967,1000,-159.7676342939424,-22.53192712889881
mh1851,329.58603,9.813398,800,-159.8774858147533,-22.42133977559708
mh1852,113.573456,5.171032,1100,-159.6180576898212,-22.92006973684141
mh1853,183.18109,7.663817,1400,-158.8785578649843,-24.01691393908164
mh1854,125.749886,6.394183,900,-161.3028707612907,-24.60495144006811
mh1855,145.4508,8.383064,900,-162.0613698250124,-27.36539948257647
mh1856,135.4867,7.771758,900,-161.9094490424949,-27.15944930879931
mh1857,141.16371,6.282493,900,-161.2641440460656,-28.42013805558223
mh1858,166.59595,8.655655,1100,-160.5980143525484,-27.62653217045434
mh1859,126.065155,5.6687884,1000,-160.8922403866064,-28.36917130056376
mh1860,142.57501,9.545588,900,-160.7557648488239,-28.47149193712007
mh1861,121.53012,5.2350445,1100,-161.5127186618352,-28.85271523877698
mh1862,113.51554,3.8949695,700,-161.032553830738,-28.75206802550519
mh1863,162.73344,12.936446,1800,-159.5698578638999,-29.93018482246685
mh1864,262.65582,9.417578,1200,-159.8456879454393,-30.37766055833466
mh1865,236.97276,7.7960916,800,-159.7317845844843,-30.49743231203631
mh1866,169.29475,7.776059,1100,-160.6283586145795,-28.07012735847834
mh1867,387.6112,10.8502655,1000,-160.3652536017954,-28.76917743857265
mh1868,224.7127,6.67098,1200,-160.3526579259953,-27.51360311664488
mh1869,170.10446,7.290543,1200,-161.2558772191262,-27.32149355704598
mh1870,142.60071,5.6168513,1300,-159.0469726311226,-28.35076059968764
mh1871,224.40288,6.3438215,800,-159.9288768456221,-27.89660981045484
mh1872,250.80481,7.21745,1000,-159.5808959891153,-28.08377893923825
mh1873,239.69798,7.666776,1100,-159.6884490803967,-28.04264205386971
mh1874,132.5052,5.408925,1400,-157.7418866260375,-28.73828306998812
mh1875,119.96427,4.998008,900,-158.2779790120505,-28.14368648117817
mh1876,206.02167,9.461209,1300,-158.1041180191991,-27.47355696270152
mh1877,107.98004,5.2760477,1100,-156.2825533623877,-27.92895211224509
mh1878,112.17845,5.1645365,1100,-157.5970879417868,-26.97359489546736
mh1879,146.26595,6.31509,800,-158.1145827949354,-28.4526535770743
mh1880,144.70407,5.370875,900,-158.0744235631354,-28.27876549018021
mh1881,108.46616,5.6259365,1000,-159.0906467992397,-27.61194489735639
mh1882,185.60226,8.774698,700,-157.9281195289887,-28.57513029129769
mh1883,185.25008,7.3030057,900,-158.9728872260123,-28.77635998049962
mh1884,187.05373,5.982171,900,-159.2310188274861,-27.70963597776166
mh1885,116.78769,5.1005454,700,-157.9073759896878,-27.05535541894852
mh1886,373.73898,14.228028,1200,-160.7984888329319,-26.4944436350286
mh1887,345.11026,16.058914,1100,-160.9400823020007,-26.53441157459567
mh1888,135.93335,6.5803285,1100,-161.5189690875833,-26.83171411173935
mh1889,350.3703,11.185333,1100,-159.7917504240544,-27.7904339243013
mh1890,253.50505,6.2503753,1000,-159.4242605754619,-26.60591445206658
mh1891,257.81638,5.5103602,1000,-159.6196664250915,-26.40605408385976
mh1892,323.65924,14.804258,1100,-161.1243851121311,-26.20163312987734
mh1893,201.07509,9.458391,900,-161.2577843270639,-25.15161126726981
mh1894,139.05383,7.6358337,1100,-160.7995354726622,-25.32082048833763
mh1895,148.95099,10.853713,1100,-161.7908274573026,-24.76294097342708
mh1896,177.16925,9.02113,1300,-161.4259287931975,-25.31852536339582
mh1897,299.36032,13.426703,1000,-161.493550424192,-25.05667939350391
mh1898,243.55252,9.020495,1100,-161.4187230556331,-24.86394074845379
mh1899,109.27442,3.381318,700,-159.3543492760713,-25.73286900140566
mh1900,97.47226,4.7999525,1300,-159.6963841213208,-25.22149700920959
mh1901,117.285385,3.0909607,500,-159.6464731133293,-25.49492567048936
mh1902,282.2514,5.917185,800,-159.7137861664127,-24.71443577876433
mh1903,206.7257,8.689889,1000,-160.5716062596516,-25.78273933849233
mh1904,214.3718,8.148787,1000,-159.8615029611703,-26.52631704077962
mh1905,139.8686,6.486826,600,-157.9963981863165,-25.45198978280616
mh1906,118.71261,5.6746345,1200,-157.9515163011636,-24.90200555020341
mh1907,81.040596,5.6527123,600,-158.1807149759532,-27.80984633471622
mh1908,66.34382,4.0234327,900,-157.9657542806906,-24.42089434904094
mh1909,115.47883,6.183026,900,-157.1885582183268,-26.40911156805486
mh1910,83.071205,6.3247867,500,-156.0904275204455,-25.36881420759476
mh1911,130.33089,3.8682034,800,-155.8686766555803,-26.31454128394987
mh1912,117.19562,5.251101,900,-155.6503613721647,-26.42089240016872
mh1913,141.23213,5.489509,600,-156.0030477441882,-26.54773922262483
mh1914,234.31487,11.476549,1500,-155.555198980347,-23.97846453454122
mh1915,65.368324,3.6795688,1100,-156.1774701085205,-24.79037795121719
mh1916,102.83836,5.534497,700,-155.8698717619455,-25.13522585188115
mh1917,116.26718,5.588188,900,-155.7030656962668,-25.40077233443891
mh1918,49.064068,2.7200186,700,-156.4257817613472,-24.80940728699616
mh1919,122.83029,6.773191,1000,-155.1330664626672,-28.79355931725862
mh1920,89.30276,4.349811,1100,-155.3864862442816,-29.10614627908581
mh1921,170.6684,7.8649616,800,-155.2701301260245,-28.74303469951018
mh1922,98.83143,5.0682483,700,-154.7323338500858,-28.0116061027042
mh1923,85.5521,4.6398196,900,-157.7900064038573,-26.48491738607888
mh1924,85.016754,3.9091275,800,-156.1266528966724,-27.20567170833666
mh1925,55.866436,3.3599691,700,-156.0044481451544,-27.0042804438603
mh1926,94.777084,4.750396,1000,-155.625386973526,-25.66740651376085
mh1927,54.787426,3.7352908,900,-157.1819602088911,-25.51030649172523
mh1928,94.41693,3.2033963,700,-156.7412535253647,-23.47789257418787
mh1929,115.52661,4.3536663,900,-157.3139585857544,-24.57226889736125
mh1930,90.46213,5.497209,800,-158.3331349635115,-22.92133787055795
mh1931,61.215885,3.1477628,800,-158.3405279104277,-23.74144667649126
mh1932,100.66043,5.3614793,800,-158.397988087385,-22.81817540603368
mh1933,143.20049,5.587232,900,-158.6679098530805,-22.88658012068855
mh1934,181.38214,9.050366,1200,-159.0322775533927,-24.12519008268803
mh1935,147.59398,5.5045385,700,-158.5643597887325,-22.9924659698872
mh1936,97.41073,4.3856096,700,-158.7638466285963,-23.12085534503174
mh1937,176.22815,3.8710206,800,-156.6225643083098,-23.8812684938712
mh1938,94.74451,5.455903,800,-158.2656795665986,-24.79723613667542
mh1939,77.19329,3.989697,800,-158.7332108054613,-25.38001503382407
mh1940,322.6255,14.253361,1000,-159.9548925040573,-22.56604606081351
mh1941,90.36404,2.8528666,600,-159.5982403899004,-20.83394519961205
mh1942,117.30059,5.080365,1100,-159.7456089006427,-20.54882772949496
mh1943,95.382286,4.1505504,900,-159.9703875322414,-20.37650249989118
mh1944,102.76887,5.6346927,800,-159.7294353334659,-20.2542930589146
mh1945,75.76788,3.9768953,600,-159.9290419792854,-20.02122627998508
mh1946,117.87068,4.5211315,800,-160.2343745820653,-20.12844637522013
mh1947,88.332695,4.073676,500,-159.6324866162324,-19.93914980953613
mh1948,296.70386,5.568138,1200,-158.604126809801,-19.61509109306091
mh1949,292.85947,8.396412,1000,-158.742945924603,-19.43726663648398
mh1950,113.20461,4.443038,500,-159.7570932974776,-19.76289326934089
mh1951,65.60795,3.8237314,800,-161.1597418414667,-18.51987514083732
mh1952,201.369,11.880168,1300,-160.1744577907617,-21.15778572896863
mh1953,91.28559,5.576498,600,-160.6349507130327,-19.1045911035174
mh1954,319.40692,9.263884,900,-158.5288684322398,-15.80240003119831
mh1955,385.41626,14.575667,1100,-157.6116990543871,-14.92197703161163
mh1956,250.22276,9.252719,1000,-157.347622495624,-14.9613753215526
mh1957,206.98613,10.06465,1200,-157.3410946557021,-14.74854749332346
mh1958,75.656395,4.0666304,400,-157.1575235393336,-13.97347484557976
mh1959,123.13507,6.444926,1000,-159.1148594976793,-12.30362424225161
mh1960,235.5412,11.5335,1100,-158.8311785335941,-12.58986520009976
mh1961,226.54315,10.99281,1000,-158.9036301009406,-10.74416002927821
mh1962,181.6576,9.00886,1300,-158.494293099545,-12.58340361974124
mh1963,66.627235,4.247672,800,-157.5742142399609,-10.91377677864167
mh1964,87.98847,5.630505,1000,-158.0251095431121,-13.04939496170726
mh1965,86.851906,3.0977468,600,-157.5901603232682,-11.76133565924334
mh1966,211.29004,9.786163,1100,-160.3731044671082,-11.55098592122985
mh1967,162.80475,5.294472,1100,-155.3423753733752,-12.55037185088613
mh1968,95.45323,3.881755,800,-154.4132379406297,-11.7445320035338
mh1969,66.21785,3.7594547,900,-154.7749646982587,-12.54666520435931
mh1970,92.21077,4.2496676,900,-154.7555065420198,-12.2871682656237
mh1971,92.26543,7.112108,800,-155.685024571029,-12.58664730718022
mh1972,130.30844,5.376827,1100,-155.5718426839009,-12.18318280388297
mh1973,64.07938,3.083688,600,-155.5492076326254,-11.87087309716247
mh1974,52.493305,3.6719368,700,-155.7300042505508,-11.82834007766976
mh1975,46.01598,2.357399,800,-155.8022023598399,-11.43319996212914
mh1976,164.86179,5.377302,700,-155.5181027536073,-11.23383566128624
mh1977,56.11619,3.385979,800,-157.0798757091223,-10.65626348411763
mh1978,45.18672,3.795303,800,-156.5079142562913,-10.78919466708894
mh1979,606.366,12.953122,1400,-157.03324594483,-9.489441796393322
mh1980,138.93874,4.3878274,1000,-156.8954494545156,-7.732959877814913
mh1981,181.75931,8.632656,1400,-154.7474488392614,-10.12875516888707
mh1982,69.0332,4.663543,900,-155.9744599494893,-7.188845181460134
mh1983,84.54114,5.5330014,1200,-153.502429690239,-8.366152468879893
mh1984,112.51254,6.6320167,900,-153.5897694996387,-5.497403146143331
mh1985,384.88562,20.926455,1000,-152.285785966762,-6.535391690014356
mh1986,286.7553,9.449088,1200,-152.8414436857469,-4.94413065841514
mh1987,89.602104,6.5104523,900,-154.7566584009909,-5.742257045845909
mh1988,252.6968,11.802231,1500,-155.166446786055,-5.636109366162572
mh1989,520.56635,22.060863,2100,-152.2917372609616,-6.140924839677721
mh1990,45.11976,3.0905592,800,-153.7966151145381,-6.298996472601424
mh1991,112.89948,7.2876377,1000,-153.3791658548562,-5.547184711829724
mh1992,114.33213,10.23032,500,-153.1842881197441,-5.575501018993664
mh1993,224.33772,12.775256,1000,-152.4648801533905,-5.822306354016825
mh1994,72.77843,5.067699,900,-153.8807382441106,-5.635407372620857
mh1995,157.44083,5.825059,1300,-155.4529182958351,-3.742172373811006
mh1996,58.560165,3.463781,400,-154.8076102106739,-3.442043129566303
mh1997,98.71307,3.157335,900,-155.5209664465231,-4.673989595813453
mh1998,77.246864,3.7136118,500,-157.8059976107091,-1.615322163554254
mh1999,58.159473,3.8322713,800,-156.501962486245,-2.574587952349602
mh2000,174.6109,4.2053742,700,-157.1072022625331,-1.600719479405461
mh2001,84.06769,4.920167,1400,-155.7872858481065,-2.004125632562817
mh2002,104.14758,5.956758,1100,-155.6361673344303,-2.072066774602677
mh2003,86.48741,4.8005085,1000,-155.117455414552,-2.213809479931261
mh2004,69.43172,5.4185934,1500,-154.6222869720013,-2.400540518595971
mh2005,100.148254,4.1960044,900,-153.9154057603522,-3.840837436735827
mh2006,104.68582,2.9476192,500,-156.9168139094597,-1.675403400740444
mh2007,57.308136,3.1541219,800,-158.1245505405152,-1.29527203369927
mh2008,44.9062,3.7973356,700,-157.9789416290493,-0.4857571432321619
mh2009,153.60692,5.8811965,900,-154.261701711374,-2.667990857834619
mh2010,82.578575,4.537036,900,-153.6763002948079,-3.196223774694482
mh2011,197.52568,4.761799,1200,-154.0070199446546,-2.547918141722878
mh2012,136.94069,7.4482875,1900,-153.4765128989489,-2.468974312082856
mh2013,50.994778,2.781128,900,-153.9615908592176,-5.856366502451524
mh2014,82.949585,6.7021456,900,-152.965813657302,-4.15752327960354
mh2015,167.29889,7.6547008,1400,-156.0447437716242,-2.77071199976054
mh2016,153.62502,7.3378634,1500,-157.0697453693818,-1.261708174521317
mh2017,170.27242,5.561398,600,-157.2584349650992,-1.629152274470012
mh2018,70.54367,4.739176,700,-157.3539091706187,-0.6516833716279568
mh2019,106.0059,6.460581,1500,-155.2760464867821,-2.082105286842941
mh2020,139.4147,4.496459,900,-151.9378279619593,-1.967971273411824
mh2021,49.743835,4.300826,1100,-152.3504918790367,-2.658771751206592
mh2022,63.9031,5.2056956,600,-152.8708684817158,-3.869415508861289
mh2023,158.29686,3.3084998,900,-153.489389713268,-2.082507012813305
mh2024,94.08176,4.277093,1000,-153.3598586744733,-1.609671373989337
mh2025,46.24293,4.860455,800,-151.8470525449178,-0.6041186932297226
mh2026,186.57558,11.365436,1700,-154.3972424149869,-1.892288945909024
mh2027,133.35509,8.071199,1100,-151.9088489932665,-0.4233450972584125
mh2028,78.96148,6.488811,1100,-151.4334220202056,-0.4587721397060805
mh2029,62.41724,3.9679325,1100,-151.1377027982949,-3.009048204549605
mh2030,65.024826,4.1435246,500,-150.4341927199888,-3.328143556014239
mh2031,51.778427,3.9656243,800,-150.5845091788031,-3.265144138697712
mh2032,53.397125,3.1619413,700,-151.2759422000844,-2.930136419599276
mh2033,124.60192,12.120262,900,-151.0118212819213,-0.1099258220689401
mh2034,60.822433,4.0800686,800,-150.5300167895455,-4.043081413915899
mh2035,99.862305,3.3813024,1200,-152.1492771909056,-5.067731797362342
mh2036,245.4568,13.691178,1400,-151.4849370468328,-6.712872012455058
mh2037,154.29356,6.8950396,1000,-150.8735354916014,-7.011555202701203
mh2038,146.39154,8.926769,900,-151.4185678147687,-6.980721488373573
mh2039,245.08688,14.146468,500,-150.1406631691621,-6.154952408964498
mh2040,212.0042,13.045473,900,-151.2976581921158,-6.460423680694277
mh2041,205.02121,8.300909,1100,-151.0239115359997,-6.81873839320393
mh2042,507.51468,15.376093,1100,-150.6173911409322,-9.321006108132222
mh2043,62.40204,3.1896427,800,-152.0117406014213,-9.335042326936764
mh2044,213.5382,10.122743,800,-150.5843404805123,-9.487178355011125
mh2045,93.71183,5.5128756,1100,-152.898961392488,-9.231706482036152
mh2046,117.91629,5.7194567,900,-151.4352687459654,-9.156745919240134
mh2047,497.5321,11.258287,800,-150.0955928540899,-10.17804966020036
mh2048,600.3026,18.944803,1300,-150.0053244966946,-9.820170343198813
mh2049,89.90217,4.3001347,700,-152.9721332551902,-9.588679451687648
mh2050,193.83728,7.1312337,700,-152.2780329937559,-7.698742922866847
mh2051,61.632507,4.620324,600,-153.8742261217017,-13.00628618513297
mh2052,122.89654,5.016627,500,-153.6744093468045,-13.29883699341111
mh2053,42.121258,2.6026444,700,-151.3526558255474,-14.15948930593612
mh2054,55.078445,2.5144875,400,-151.8278418479494,-13.31366338530926
mh2055,119.852425,4.969086,1000,-152.6574812991463,-14.06198489811402
mh2056,67.21651,4.6299953,1000,-153.5887582767312,-12.2272268954506
mh2057,67.17017,4.064953,900,-153.0520747538785,-15.99135404688387
mh2058,334.36484,13.027797,1000,-153.9172271500634,-15.53597589676378
mh2059,62.47045,4.0341053,500,-152.9795665639643,-15.74306761296692
mh2060,574.6613,15.078118,1100,-151.3419500085922,-16.22769865586061
mh2061,73.44951,7.581181,1300,-153.3537168861357,-15.99809559370567
mh2062,102.761444,3.737496,1000,-150.8691016180217,-16.06002277114749
mh2063,287.15494,5.5465593,1100,-150.9306429446705,-17.83399047859217
mh2064,225.239,4.218256,1000,-151.0260049903052,-17.82594552105202
mh2065,219.74532,5.796444,1100,-150.3193590274579,-16.59587279062942
mh2066,99.57436,4.7228565,900,-150.5059598067254,-16.9311863440123
mh2067,131.57912,5.37028,500,-150.5763811131364,-16.23386343669428
mh2068,133.45988,4.531722,700,-150.4599902970367,-16.58263352187191
mh2069,107.80666,7.1469927,1700,-150.4694557761531,-16.00822224838689
mh2070,68.67413,5.5951667,600,-151.4034512750038,-17.94278483539515
mh2071,209.73325,11.467818,900,-152.7759546374697,-17.87593089058645
mh2072,523.85077,24.542955,1200,-151.7921444763913,-18.51551161905737
mh2073,252.65208,10.316973,900,-151.1358719383578,-18.71526970268886
mh2074,116.53105,4.1235147,900,-151.2989138924896,-19.81636856645826
mh2075,192.50237,8.600402,1500,-151.4236155477345,-18.39074739853154
mh2076,103.33642,3.1993418,1000,-154.2115220517153,-17.19967578796768
mh2077,219.27603,8.414397,500,-154.6098130084087,-17.0462306034409
mh2078,386.55646,9.663726,1300,-154.3789453859013,-16.62223993856537
mh2079,399.6662,11.437541,1400,-153.5067306207701,-16.79568308397026
mh2080,191.32056,6.536662,1300,-153.4338064355459,-16.53282828933123
mh2081,379.1735,5.048587,700,-154.2862364706102,-15.73235078060416
mh2082,42.616425,3.8469613,700,-153.2489080675776,-19.47318612936554
mh2083,435.44968,18.741781,1700,-150.5517791830562,-20.2604167343092
mh2084,128.00673,7.317139,800,-150.2063632384741,-19.35985443308521
mh2085,128.09288,7.161513,1400,-152.5517589218529,-17.37243289339347
mh2086,129.1983,7.533951,800,-151.963877080172,-15.0812325922228
mh2087,180.45044,9.672606,1400,-152.0605777975676,-18.3443343923669
mh2088,383.14966,24.941278,400,-151.9552994814323,-18.47467558160825
mh2089,129.31413,5.593723,1000,-151.0844710854731,-18.0897707728757
mh2090,125.12623,6.940166,700,-152.7722428366851,-17.06401584587049
mh2091,636.23975,17.671228,1100,-151.2619741399888,-16.33492766442018
mh2092,161.22443,9.866265,1000,-152.189602877922,-17.48008519628899
mh2093,89.96298,3.3397443,700,-151.2947350896228,-17.79631789384913
mh2094,141.8623,5.3926625,1400,-151.9740943754288,-15.48999764724354
mh2095,149.29123,8.558765,1100,-151.7522160501606,-14.80713014496453
mh2096,122.96531,5.538351,1300,-153.1121236596244,-16.27095785146112
mh2097,156.80702,9.76049,1300,-152.2783950051655,-20.27477545683071
mh2098,269.54977,15.261453,1000,-152.6099585375839,-20.13616723427465
mh2099,69.170746,3.9451356,1000,-153.3514803571752,-20.0900067056509
mh2100,66.080666,4.007974,800,-151.9577895037786,-20.2351820562527
mh2101,72.21956,3.1280239,700,-154.0419561517096,-20.13725902777012
mh2102,120.8699,6.259053,1000,-151.9132841126211,-20.57400163547836
mh2103,126.43798,3.6909006,1000,-151.6698487381485,-20.99237160795884
mh2104,182.80537,9.477189,1200,-152.5405932385122,-21.19332248598154
mh2105,90.73758,3.9810414,900,-151.5570586447463,-21.21018219452767
mh2106,164.37892,8.239814,1500,-152.2538244570216,-20.77807227541702
mh2107,143.13315,7.185468,900,-152.0962732561092,-20.71431805307843
mh2108,118.716225,7.162893,1100,-151.1338249874428,-20.51644317291008
mh2109,231.60484,6.972399,800,-153.4560547756724,-22.13423305024785
mh2110,123.94116,4.368802,700,-153.6567261737637,-22.25615913490326
mh2111,71.15756,3.5438654,900,-153.9150835682835,-22.23088226153723
mh2112,158.72543,6.270541,1100,-154.1838224775622,-22.16799888643477
mh2113,194.35724,5.569083,1000,-154.2905581442343,-22.0655273738369
mh2114,191.15224,8.414422,1100,-151.7362812638769,-22.03420028449141
mh2115,119.21248,5.87286,1200,-152.8802148372629,-21.04917785703666
mh2116,62.28802,3.3416088,800,-153.9890364430609,-20.90447381957864
mh2117,192.20355,9.0882015,1200,-151.0079498780324,-20.54570587960578
mh2118,454.7242,7.35325,1000,-154.898183111052,-21.94784821547444
mh2119,315.56213,10.678463,1600,-155.2323120536059,-21.53330541596421
mh2120,223.31445,11.973972,1200,-152.1773859214989,-22.43383227253923
mh2121,94.39449,7.5494585,700,-155.4202333100067,-21.93031184430534
mh2122,168.41446,10.933448,400,-154.2506169952766,-22.7038712426205
mh2123,115.6218,7.2854548,500,-153.533675619415,-22.93469290696206
mh2124,71.16371,5.695306,600,-155.0548115982795,-22.49589551287445
mh2125,175.10786,5.008254,1000,-154.6528467840305,-22.17235864589688
mh2126,92.07938,4.668639,1000,-153.6692138433897,-23.33662299932594
mh2127,288.32822,7.346642,700,-154.3867357241279,-21.95378683407631
mh2128,137.65268,6.184542,900,-153.4957176740329,-21.00340254389969
mh2129,106.10218,5.812878,1400,-151.7932271985837,-23.35337418122698
mh2130,212.5236,13.08152,1100,-152.1617701310734,-22.61299666290883
mh2131,116.496666,8.359598,1000,-151.9177420322753,-22.43762770014472
mh2132,69.70537,4.718201,900,-155.6099302779833,-22.0873294927593
mh2133,71.27773,3.1572053,600,-154.5872856837089,-20.9360178147987
mh2134,215.6278,7.3287783,1200,-150.1129256414879,-22.68998651446936
mh2135,116.04494,5.107344,1200,-150.2887883707102,-22.14339566787186
mh2136,227.46689,11.524739,1100,-150.9484369008745,-22.90796201010699
mh2137,166.91919,6.962441,1100,-150.0458912288448,-21.45898104130568
mh2138,281.6609,11.139886,800,-150.9024121274384,-20.58002280543256
mh2139,182.73117,12.041489,400,-150.5311558727254,-21.16537589334187
mh2140,78.116295,3.8432372,700,-151.4461215602338,-21.02633189352677
mh2141,190.18109,7.3546066,1000,-150.1564749473112,-21.14120254972508
mh2142,297.599,8.44402,1100,-150.4830966993431,-21.56694972477467
mh2143,240.84286,7.310112,1100,-150.1617390627038,-20.6617642243579
mh2144,109.14159,5.2192087,700,-150.2473646142231,-20.9579533779546
mh2145,94.37784,7.1359916,500,-150.5817371875529,-22.32159875181225
mh2146,416.09317,18.622156,1000,-151.0248868317862,-22.79557099289521
mh2147,243.87213,10.337205,1000,-150.8560057040047,-22.31167989886744
mh2148,113.86121,5.233703,700,-153.0106141305646,-21.44722419522044
mh2149,79.01143,4.0834036,900,-153.1645277083658,-21.40461348260254
mh2150,86.14608,6.0854416,600,-150.5799603338832,-21.77556401875377
mh2151,149.6235,5.7440944,400,-150.3513052902234,-23.39994243212282
mh2152,863.43414,21.48077,2100,-151.1466982494512,-22.37751342308144
mh2153,409.49078,20.566055,2400,-150.4451978425369,-20.02958094500652
mh2154,51.93335,4.3256683,1100,-154.9051263251364,-19.61228537046755
mh2155,68.14277,4.4903045,900,-155.058064179071,-19.61981262606118
mh2156,70.50313,4.535561,500,-154.4899096388101,-19.16821902700013
mh2157,46.8865,2.8354194,400,-155.2074019793689,-19.21739558670917
mh2158,77.14189,5.6819844,700,-154.9218938316587,-18.79195393883863
mh2159,70.68375,3.8509839,800,-154.9024829058661,-18.95244884688564
mh2160,101.37603,6.3487034,700,-154.4042335232126,-18.79159853590743
mh2161,147.88826,7.5221863,800,-154.4990488593093,-18.44844701206032
mh2162,63.92554,5.1813807,600,-154.4921113838103,-18.67791826828268
mh2163,89.22313,7.5748487,500,-153.9602033236856,-18.77797075046217
mh2164,65.30462,4.9175344,700,-153.8079032445492,-18.73725970689994
mh2165,377.43137,9.85214,800,-155.4953955614608,-21.73046845769791
mh2166,625.83545,12.376881,1000,-154.5275448004753,-21.74915712403531
mh2167,164.91174,6.79845,800,-152.5456073231168,-20.95052595762078
mh2168,270.7515,12.020714,1700,-152.4625341380543,-19.52176489834449
mh2169,172.44202,6.8923864,1000,-150.2448922941221,-16.67028816672801
mh2170,355.32828,18.174707,1100,-151.5524965054325,-16.31661350635019
mh2171,263.642,4.077495,700,-150.6900262796456,-16.56542750220702
mh2172,144.77864,16.67196,1700,-151.508250974928,-14.61523612927365
mh2173,264.4164,10.197589,1300,-150.6378051193278,-14.47233275803403
mh2174,153.91313,5.374886,1000,-150.8716687589394,-7.219832339227644
mh2175,134.0982,6.8151193,1300,-150.3647400181123,-23.63912414427651
mh2176,115.10782,6.99765,1300,-152.0762240524421,-25.13887572058719
mh2177,58.99271,5.261846,800,-150.7843790252588,-25.89596650654981
mh2178,162.51843,7.94815,900,-151.9431651511759,-26.51326088228891
mh2179,63.93604,6.605588,900,-153.4570335827109,-25.41976143884434
mh2180,115.59393,6.4931817,600,-153.024800852653,-29.16880530312304
mh2181,80.05497,3.822183,600,-153.877616103994,-29.95469942559858
mh2182,234.32065,5.677895,800,-154.3006470611401,-30.34696239459006
mh2183,83.79585,3.7400627,800,-154.0619142192272,-29.17470684386192
mh2184,80.81039,3.7157123,500,-154.0128361990232,-30.13747699157008
mh2185,147.60774,7.708237,900,-153.9227184681831,-28.78356866563854
mh2186,113.78484,4.562926,800,-154.3535437058583,-29.4939188970047
mh2187,112.558876,4.1537333,800,-155.120219562504,-30.45257297786332
mh2188,123.97555,6.049354,500,-156.7323453948724,-29.43545387037075
mh2189,113.652,5.8484774,500,-156.2932067784896,-29.37256422796301
mh2190,111.509544,3.245909,400,-156.1256120116236,-29.8267201512231
mh2191,58.89824,3.3853147,400,-156.1218445853246,-29.53941221759935
mh2192,47.65169,4.1290197,800,-155.7464166182673,-29.59728621832489
mh2193,107.11676,5.1126986,500,-155.1252001593133,-29.70051722151565
mh2194,118.566376,4.0537243,900,-156.6592144686213,-29.88836738782594
mh2195,287.21356,14.714473,900,-151.0207794140682,-29.70232209548876
mh2196,350.52667,14.9341135,1000,-150.1247238181776,-29.7555335736347
mh2197,163.5312,8.309963,900,-150.5199114691285,-29.69314125147972
mh2198,311.48734,14.213628,1200,-151.4443045741451,-28.64238755231526
mh2199,162.56694,7.276982,800,-150.4238851321319,-28.36988144190945
mh2200,244.21817,10.838852,1100,-150.1399243430524,-29.24450027621911
mh2201,246.57852,14.243596,1200,-152.9508257282295,-27.35931929087302
mh2202,195.29526,9.44885,1000,-150.2452721857416,-28.38759175817173
mh2203,580.4744,19.711302,1200,-150.347152277132,-27.69467977267191
mh2204,219.73898,10.122329,1300,-150.6635455930985,-28.29012188642536
mh2205,337.26108,14.860315,1000,-150.4097093555727,-27.54129847599911
mh2206,124.32375,5.326854,700,-150.7751678504783,-26.88128446658312
mh2207,529.7117,28.909512,1200,-151.5116957152319,-29.61905164601827
mh2208,315.5386,15.07716,1200,-151.3844056681706,-29.36948682842556
mh2209,320.8439,16.441668,1300,-151.6973898209484,-29.62856620639418
mh2210,410.90063,20.478878,1100,-151.7356863945131,-28.50013338788414
mh2211,261.60397,9.076302,1000,-152.9643793890696,-26.94396598222277
mh2212,80.47267,3.422851,700,-151.157893650209,-26.56732470275162
mh2213,60.669685,2.655215,1200,-152.1190747086721,-25.48669444857246
mh2214,250.27887,11.715971,1600,-152.8698810358283,-26.27963266039421
mh2215,202.80237,9.042529,700,-152.7031419798938,-25.92104932789062
mh2216,322.7185,18.035501,1700,-153.4034476690658,-26.07852761672894
mh2217,323.28317,14.660268,1200,-153.2875708700439,-26.03668656620155
mh2218,165.54263,7.4500327,1500,-154.0310018436823,-26.5530369008502
mh2219,176.69037,10.617495,700,-153.5054072250599,-24.95161571293626
mh2220,180.88588,9.723678,1400,-152.9537162113371,-24.84920024981019
mh2221,243.65712,13.554786,500,-152.977688692778,-25.04149568370579
mh2222,179.80072,7.4621625,800,-152.2249526989517,-25.14582104792849
mh2223,130.02792,5.872782,600,-150.8766343501369,-26.64788059826745
mh2224,159.60481,7.40823,1200,-150.0900790085402,-25.55269064202894
mh2225,112.78293,5.818284,800,-150.7614157368229,-25.56827634989772
mh2226,143.20265,5.9559784,800,-151.0961200982543,-25.1239091960509
mh2227,67.68054,3.338134,400,-154.9001723667872,-26.03914546964592
mh2228,239.6958,16.43321,400,-153.6769608285531,-23.8670013714087
mh2229,238.62657,12.657272,1000,-153.7950335386639,-25.12639955705211
mh2230,117.6716,6.642508,1000,-153.8773616615525,-25.28226666346599
mh2231,170.31729,10.5862255,1100,-154.8593610199455,-24.24166402676736
mh2232,83.320595,4.658372,1100,-154.5006998686208,-26.3959850848733
mh2233,135.62207,9.420013,800,-154.818285316261,-23.99129613910962
mh2234,144.72325,7.9921923,900,-153.9194494781972,-24.62307082980937
mh2235,117.143135,8.32711,1000,-154.27884951523,-24.54150579909833
mh2236,179.77321,10.404608,1800,-154.1433920260204,-24.93629568731117
mh2237,74.77719,4.835048,900,-153.4796662023261,-23.5057404343821
mh2238,146.13094,7.178704,1200,-151.92556674926,-24.02334546046574
mh2239,121.11676,3.783126,1000,-151.793233498649,-23.63021670249097
mh2240,257.28394,13.394212,1400,-154.2266151119615,-25.74303006821324
mh2241,139.08931,5.424404,700,-157.7816540388825,-27.48888735313511
mh2242,116.96324,4.2816277,500,-158.108094998079,-25.71081689956529
mh2243,109.72036,4.047963,500,-157.9269298585445,-25.70119551169579
mh2244,144.70879,5.3060994,800,-158.1297328711291,-29.8252122509341
mh2245,193.7019,4.8873167,700,-157.7905859646949,-30.07053378241162
mh2246,156.10844,5.656228,1200,-161.5364087506771,-29.02162719489659
mh2247,116.294334,5.056285,1000,-162.1999767861067,-30.18797371463227
mh2248,186.65701,8.363724,900,-162.3580340628841,-28.45075121117763
mh2249,140.29391,6.421102,800,-162.290957643659,-28.55954870179797
mh2250,75.85946,3.763111,800,-162.9502837972201,-28.44795265421784
mh2251,97.81106,5.9844723,800,-162.0998971458119,-28.51044837208745
mh2252,104.66157,5.770405,800,-161.1455270649079,-30.25764146455477
mh2253,155.38416,6.7355213,1200,-162.4565801397959,-28.26444719211795
mh2254,125.8592,6.9385586,900,-162.529213320471,-27.90297500398659
mh2255,148.17276,8.549959,1600,-163.7573665172839,-30.48797713808362
mh2256,89.666534,6.1824427,400,-164.4821320862618,-27.81504067824348
mh2257,76.04225,4.2434473,500,-164.9774905511221,-27.63673454290655
mh2258,70.03511,3.5554051,1100,-162.7741321266107,-30.03905760205154
mh2259,157.20084,8.680886,1000,-162.5159317123215,-28.1418510008978
mh2260,184.81245,6.8777304,900,-162.2000671044293,-28.29976588412942
mh2261,113.82249,5.1941833,1400,-163.9609587631122,-29.57556412276665
mh2262,239.49129,9.606198,1200,-164.5145063751229,-28.36848355828725
mh2263,159.79395,9.188973,1000,-164.5711215864733,-28.22500900164152
mh2264,248.81908,11.045216,1500,-165.1887587326796,-29.5138993529474
mh2265,360.67465,15.518024,1000,-165.3000100651041,-28.59765540314771
mh2266,319.03482,10.244402,1300,-165.4011200706073,-28.26948833032923
mh2267,168.03656,6.974274,800,-165.6641172788047,-26.59985031498425
mh2268,106.10073,7.713133,1200,-167.5291383894973,-30.08821579980881
mh2269,105.251205,5.1808605,1200,-168.5670093869696,-28.95987326662469
mh2270,79.21992,3.2254407,800,-169.3133005296106,-29.5599591454663
mh2271,39.191895,3.1862125,800,-169.0087200058057,-29.38765852649782
mh2272,332.56244,13.99701,800,-170.2064703474588,-28.70074216717614
mh2273,80.02131,8.527736,1000,-168.0090234410923,-29.05873371558115
mh2274,90.63333,3.9384587,700,-168.7589844804403,-28.22792895935993
mh2275,129.95554,2.7655838,900,-168.8839042214773,-28.46452161625268
mh2276,61.554684,3.399846,700,-169.1946486048365,-28.10539639519041
mh2277,278.18695,10.575306,500,-171.1462684453216,-27.86258103394643
mh2278,269.6428,6.2142878,1000,-173.3298961717844,-29.04405180386296
mh2279,125.174,2.7160542,600,-172.6492307092493,-29.14657242579174
mh2280,77.42495,3.1268635,600,-172.6078801324059,-28.96844126004714
mh2281,48.200787,3.2590718,900,-174.5328094556921,-29.24357858266213
mh2282,88.84958,5.484635,1000,-174.696980308095,-29.02565191168623
mh2283,153.84726,4.1332526,900,-175.5511867660332,-30.01474486827182
mh2284,90.364395,6.0055313,1000,-175.0078808787332,-29.72606914956823
mh2285,188.94318,4.738514,1500,-175.0282664686387,-29.28350380867662
mh2286,88.91872,3.2476838,1400,-175.0152551744208,-28.8164687099309
mh2287,223.79477,4.5341353,1400,-175.3221480395276,-28.59227178866309
mh2288,209.58629,4.870475,1700,-175.2225760158153,-28.21709920835442
mh2289,73.41259,3.4105926,800,-175.1531183296597,-28.59525226594544
mh2290,93.180466,7.6252418,1600,-175.3288161265561,-29.73974824702043
mh2291,258.32025,4.4775605,800,-175.2173916713488,-27.56772969296937
mh2292,707.0583,10.515393,900,-174.7379347555701,-27.25497112711901
mh2293,458.00974,19.87245,1300,-174.5772832857184,-27.09172857799661
mh2294,268.35965,3.916724,1100,-175.6564773704003,-29.62958982869379
mh2295,204.92854,10.738418,700,-174.3404751706618,-26.91202830029513
mh2296,100.30317,2.5568182,900,-172.9860713959055,-22.17505925419773
mh2297,22.41455,4.169945,400,-172.9518694678372,-11.93168139519512
mh2298,135.95271,8.043073,400,-171.4022380908846,-9.809482258669306
mh2299,268.34464,7.626976,700,-171.7283129871606,-9.43452146093461
mh2300,284.63458,6.897907,1300,-172.8588645996676,-8.612306518989357
mh2301,411.58292,13.936385,2100,-174.7109157886233,-13.88958731138062
mh2302,410.12494,15.128109,1000,-174.7584872912352,-14.12026607248853
mh2303,352.9484,10.858139,700,-179.6415765061759,-29.82725175881312
mh2304,328.06824,25.579262,500,-179.9578957510981,-29.63208780971215
mh2305,329.13974,12.91442,800,-179.1319071609925,-29.84385010395946
mh2306,191.85228,8.362553,500,-178.9742434611536,-29.7106226170636
mh2307,138.31741,8.883036,500,-179.4680472025488,-29.89654907962981
mh2308,374.34058,12.795263,400,-179.5343263897186,-29.24277123706868
mh2309,474.11664,22.862268,1400,-179.5867800226826,-28.98978345646785
mh2310,242.99799,13.391658,600,-179.3750979015371,-28.72551848145558
mh2311,379.9381,14.807356,400,-179.8752227123783,-29.77540723332243
mh2312,396.7182,28.024527,900,-179.7196881677008,-28.80780268958027
mh2313,392.52313,17.706612,1400,-178.7574766412415,-29.96234946120871
mh2314,414.81372,27.359371,1300,-179.6484306439167,-28.6636370295198
mh2315,350.09308,22.46959,1400,-179.5437573976695,-27.96131784475192
mh2316,463.25964,24.198101,1500,-179.5316249855761,-27.83898313190264
mh2317,433.9505,11.120224,800,-179.2983426300092,-27.98731735577795
mh2318,618.4177,19.324701,1600,-179.9441950306823,-27.68179331152602
mh2319,548.8418,12.627492,800,-179.7343453705871,-27.32897920402905
mh2320,215.93466,23.031246,600,-179.3521332165461,-27.50582912336169
mh2321,235.67911,12.261959,600,-179.7643291969522,-26.8081926851394
mh2322,532.4738,14.934832,600,-179.4498310136918,-26.72371874163421
mh2323,186.80782,24.482363,1000,-179.404023276645,-27.37510486478624
mh2324,390.94992,31.092905,600,-179.2981096134482,-26.92287872528895
mh2325,338.6151,12.314485,1200,-177.8147236196217,-27.78992029014528
mh2326,404.63214,18.437855,400,-178.8378159724292,-26.7671196779132
mh2327,432.48032,15.543562,1000,-179.660430131033,-27.13132822340366
mh2328,265.52765,18.026768,600,-179.2521885523142,-27.14632418801176
mh2329,382.568,8.671674,500,-178.9468655372358,-26.88904584745923
mh2330,178.80061,13.030289,1000,-179.7925942062514,-29.26914764611588
mh2331,328.114,9.81585,600,-177.9486264921449,-27.84110070305051
mh2332,272.18903,9.410478,1300,-178.68292720316,-25.87474955621641
mh2333,196.08154,15.063264,1000,-179.4265400824759,-25.63179359208964
mh2334,444.8477,30.52132,900,-179.1526528371308,-25.75037134073217
mh2335,293.84418,10.838475,900,-179.581591830191,-25.56823574434387
mh2336,381.53534,33.757812,800,-179.2829210605903,-26.17348415493282
mh2337,512.09814,12.70421,1200,-178.7441220738446,-24.93992345408381
mh2338,456.49402,13.466592,1200,-179.2095844065892,-24.4847773503551
mh2339,160.7774,14.280366,1100,-179.547597005453,-24.09702007255015
mh2340,558.25916,12.508125,1600,-179.1301157669046,-23.9502194914238
mh2341,228.2642,13.558644,600,-178.1935129185345,-24.45440666391809
mh2342,115.83292,11.483178,700,-178.2037512912152,-24.54166550092138
mh2343,224.1542,17.295977,700,-178.9818594781062,-26.32016682091376
mh2344,631.61884,31.3587,400,-179.163166538867,-25.21569073991738
mh2345,183.79968,22.19925,400,-179.0333419434312,-25.17762683597389
mh2346,272.93445,20.86424,1300,-179.293301080827,-24.75412831101669
mh2347,468.2998,16.655514,1600,-179.176981846122,-24.24872508646259
mh2348,352.3378,20.841082,800,-178.8052156129554,-24.25044179119102
mh2349,332.8162,12.251211,1600,-178.6692003396742,-24.76223947545297
mh2350,296.55252,17.069952,600,-178.7735272668173,-24.47607642871862
mh2351,400.56384,20.413687,700,-178.7551899740407,-24.11150787993371
mh2352,508.5969,21.286293,600,-179.0172948965877,-23.78579985085588
mh2353,599.9105,8.347823,600,-178.3805266752951,-23.93790984579737
mh2354,381.9438,19.036617,1700,-178.679190917902,-23.57805748152964
mh2355,290.87463,11.886622,800,-179.0953030478282,-23.38498408946401
mh2356,284.86505,25.876053,700,-178.6763086306137,-23.41817510899552
mh2357,326.4261,26.19848,1000,-178.4505946436882,-23.0480217437418
mh2358,249.87817,15.376354,400,-179.1671682575813,-23.2818402489133
mh2359,394.5979,25.5742,400,-178.669030085982,-22.89866680987724
mh2360,294.6574,11.2944,400,-179.6353788093706,-22.42407676746785
mh2361,204.18462,9.804967,400,-179.2008474302108,-22.87766637850374
mh2362,390.93118,25.701681,400,-178.6434495086838,-23.21057970730721
mh2363,300.6442,25.913277,400,-178.7990828587859,-22.90811040999201
mh2364,273.62296,9.183848,400,-178.9747220669666,-22.8340976778211
mh2365,178.49548,14.820211,1100,-178.8374489310247,-22.7711565489304
mh2366,397.6832,18.885004,900,-178.3469115722387,-22.41627179973772
mh2367,271.26837,14.877783,900,-178.0358263138069,-22.31141210371598
mh2368,356.21436,22.403854,500,-178.645788568959,-22.39479171055009
mh2369,116.61915,17.021273,700,-178.7727656931592,-22.68320547446737
mh2370,223.13773,15.413222,400,-178.5784222980076,-22.53492732717275
mh2371,491.14413,23.808023,1500,-178.5929072495842,-22.7983791846342
mh2372,487.96448,27.313778,400,-178.6285668644896,-23.02463742302308
mh2373,542.8862,19.423246,1100,-179.8163086561127,-21.2025522948467
mh2374,143.75473,11.690067,1100,-179.4589538533411,-21.16604292292374
mh2375,493.47476,20.240572,800,-179.6984993892442,-21.29711351148823
mh2376,456.49167,41.848465,1200,-178.126450436384,-29.45082596257423
mh2377,566.36786,29.461016,1100,-178.0396416551631,-29.0129251089582
mh2378,775.2876,21.282608,500,-178.3382921211994,-29.78634750830155
mh2379,303.64984,18.704075,800,-177.9409662549405,-28.43707332428008
mh2380,629.80273,26.804585,400,-177.9563932193414,-28.74673671153353
mh2381,395.67538,20.506367,500,-177.5569503894179,-26.83751148392344
mh2382,757.87646,12.882075,1300,-176.0983145218157,-26.75666926479852
mh2383,233.56776,12.559937,900,-176.8529412327104,-26.01288967768838
mh2384,233.68378,13.026877,500,-177.0763237136191,-25.97853093139786
mh2385,250.1207,11.945527,800,-176.8990508134665,-26.16084305562993
mh2386,288.29565,21.29234,700,-177.6428974848464,-26.98490794149629
mh2387,264.605,9.615092,1300,-177.8086472657236,-25.64723261626886
mh2388,314.43604,22.708351,1100,-177.0444946881025,-25.3380376044468
mh2389,288.55917,13.811214,600,-177.491526148426,-26.06204052460767
mh2390,215.83856,12.257488,1000,-177.3552699137521,-25.82339304170457
mh2391,422.64163,21.779566,1700,-177.0592934059366,-25.22059689195072
mh2392,166.37027,11.346118,900,-177.5502322823084,-25.5577767694973
mh2393,120.082,9.307868,400,-177.7499059584176,-24.91904661657005
mh2394,279.5043,20.856613,1200,-177.1236622082173,-25.04272258537272
mh2395,233.21794,22.872728,400,-176.8633029026807,-24.8178530176014
mh2396,607.4938,15.954279,400,-176.47616788694,-25.87408300977463
mh2397,158.3603,10.318904,400,-176.4419086693202,-24.35447706100732
mh2398,181.33688,9.351372,1400,-177.7109032749677,-26.18704254949149
mh2399,308.6472,29.418493,700,-176.9143601256149,-24.01329248195164
mh2400,408.7313,16.436327,700,-176.7869152113882,-23.42453248009356
mh2401,335.9486,15.792019,1600,-176.8988349507274,-24.21126011681139
mh2402,178.29848,19.900307,1900,-176.8695281116511,-24.58096203771056
mh2403,348.10352,22.5264,1400,-176.9636020628653,-24.13645329360331
mh2404,50.11322,7.3643003,500,-178.0424325373514,-22.7659556815274
mh2405,217.0125,21.074568,700,-177.1563211956435,-24.92256586634534
mh2406,263.207,11.799015,500,-177.3472355226837,-25.61819082354499
mh2407,272.13916,12.755193,500,-177.9436683099805,-24.34734800238601
mh2408,281.1222,29.73521,1200,-176.7732537663725,-23.89111014202339
mh2409,564.9781,16.08914,1300,-154.1339915626012,-16.76094754380035
mh2410,447.65634,15.820138,600,-178.3577167262772,-29.49496299559638
mh2411,332.41232,25.375849,700,-177.8600853270478,-28.3376267784565
mh2412,207.61313,16.816858,1000,-178.1129335525566,-28.39382072792887
mh2413,190.70232,11.189081,1300,-178.5488175048368,-28.63875477880447
mh2414,161.34341,12.513692,500,-178.1263640144049,-28.06481534260871
mh2415,227.93472,14.57587,1300,-178.2727014808635,-28.27752968676545
mh2416,253.28362,15.09323,900,-177.8608186473796,-26.43379928425028
mh2417,245.47292,15.627777,600,-178.2059357467721,-27.59124781751273
mh2418,533.7773,21.976784,1100,-175.8501006917334,-25.67303285355677
mh2419,153.6547,7.3819947,1100,-177.4835618706196,-25.05301824185395
mh2420,292.33856,13.607659,1100,-178.8413196521768,-25.04465522003213
mh2421,272.59064,13.022254,1500,-177.1897775548485,-20.91267717358858
mh2422,202.37724,12.005531,800,-176.8508801046222,-20.77090359356727
mh2423,291.34048,17.78277,600,-176.8822939735246,-20.08871579463327
mh2424,181.38503,9.616128,1300,-176.8218881495983,-20.33588374959043
mh2425,242.51242,15.081169,1400,-176.782212705621,-20.92424944777924
mh2426,229.08577,11.909413,400,-176.6290494177221,-20.6984733438686
mh2427,443.45694,13.809902,2100,-177.9836696866015,-20.92217200538107
mh2428,217.4311,23.410065,900,-178.0396927729814,-20.45457502890454
mh2429,139.0951,12.275841,700,-177.4913999613232,-19.86856159095215
mh2430,239.70938,9.009881,1300,-176.8119723672358,-20.52732907172796
mh2431,186.30556,11.601161,1000,-177.7782180023588,-21.14973140288366
mh2432,229.685,13.180322,1000,-178.4731253896188,-21.02275844686891
mh2433,384.13745,18.702028,600,-178.0276000236917,-22.15890296823429
mh2434,114.58025,9.453257,1300,-177.8658466698292,-22.34525720558304
mh2435,393.70816,15.897932,400,-178.9164407528061,-22.19984564870482
mh2436,76.99566,13.985508,1000,-177.7445355952475,-22.07033310569274
mh2437,139.83821,15.43805,600,-177.853740010952,-22.02769473798863
mh2438,284.92215,25.066814,1300,-178.5635131049814,-21.88609373578807
mh2439,273.36487,24.359926,900,-178.3011606784748,-22.0125817863948
mh2440,107.492935,15.930015,1100,-178.7208156867526,-21.72836445930585
mh2441,211.69138,13.699034,800,-179.2311343163505,-20.34933670515998
mh2442,116.01933,13.265354,400,-178.7009145593676,-21.62629098970829
mh2443,203.31618,13.798775,900,-178.4384360536863,-21.51889600065452
mh2444,171.11565,16.594158,500,-178.6836041016167,-21.47046865538672
mh2445,506.8343,19.720106,1400,-178.3908734723272,-21.78001530285047
mh2446,227.96251,15.538484,800,-178.5462348472219,-21.46122937110819
mh2447,194.97868,17.638006,1800,-178.6732534887957,-21.34844797496183
mh2448,342.2387,29.961634,500,-178.5691292533553,-22.01280443384683
mh2449,374.02878,12.581754,1000,-178.4144689733808,-21.31921238133528
mh2450,440.5195,10.105358,1500,-179.8161495231888,-21.98989124725475
mh2451,167.25056,20.489286,1300,-177.5606626906866,-21.802169840094
mh2452,387.14374,15.625808,1600,-178.230009030341,-20.61323834435042
mh2453,111.13265,6.4844465,400,-179.1287672952431,-20.62478364688689
mh2454,650.28674,14.0240965,600,-177.9948027609518,-20.75295372281166
mh2455,588.21265,13.4858,500,-178.0287834929009,-20.68316981581735
mh2456,171.66669,10.935758,500,-179.0779543697579,-20.38252510350501
mh2457,231.0297,10.778265,600,-178.9145415480523,-20.33792723838926
mh2458,231.15955,13.282168,600,-178.783719175997,-20.35329340386319
mh2459,354.78293,13.0576105,500,-178.2405959304609,-20.89676861713128
mh2460,332.17746,33.086098,1400,-178.6218719265735,-20.54167837913585
mh2461,164.9145,15.680595,400,-178.5857684580718,-21.02090681642258
mh2462,403.55093,12.853639,1200,-178.3717084120377,-21.15080204894402
mh2463,348.90366,31.011333,500,-178.5970044818923,-20.43008292558835
mh2464,565.8093,19.56194,1700,-177.9401794627316,-19.98668903356413
mh2465,138.19019,8.167799,1000,-179.6802234243008,-19.51019300293607
mh2466,319.93158,17.45546,2300,-179.8619841775359,-19.54563239515105
mh2467,462.30722,13.161628,700,-179.2597762350597,-19.9196558097579
mh2468,442.278,18.082664,900,-179.1213922184105,-20.03498914739399
mh2469,308.30795,15.697895,700,-178.9647179447579,-20.05167037852449
mh2470,195.50764,16.382061,1700,-178.7767963432177,-19.95224618801128
mh2471,294.51697,21.584276,800,-178.4882040514325,-20.04242245526024
mh2472,287.89853,19.158497,1800,-178.4454341596203,-19.46848359565222
mh2473,746.9565,19.980148,500,-179.7958169480603,-21.55093151293714
mh2474,264.23862,14.836135,600,-179.7114409943795,-21.71440968603926
mh2475,239.9451,11.853149,900,-179.6365081813946,-21.47081349807354
mh2476,246.73798,9.847299,1000,-179.0558059003009,-19.21737245019889
mh2477,606.2127,17.3423,2000,-178.9517818807061,-18.74495390514278
mh2478,382.15833,16.612614,600,-179.1328825954478,-19.10033078064707
mh2479,334.63867,25.915798,900,-179.908761342322,-18.3015218678376
mh2480,464.0615,14.08295,500,-179.2266703022877,-18.74423814715573
mh2481,503.7951,18.893305,900,-179.1265459094962,-18.98141697728343
mh2482,492.33133,14.953544,900,-179.3072199126066,-17.43126715381038
mh2483,503.02008,23.794558,2200,-178.2883052260531,-18.27392318752137
mh2484,194.41406,11.249767,900,-179.1222500317175,-19.72307780703876
mh2485,194.33484,11.595358,600,-179.0895152942093,-17.64140176015961
mh2486,258.6677,15.73598,1200,-178.9066810349966,-18.43034886077653
mh2487,228.7457,11.367238,400,-179.1904571302777,-17.99232988717459
mh2488,231.87238,13.51244,400,-179.0066461030285,-17.61874487655997
mh2489,925.7554,22.447584,1300,-178.1241656765559,-18.38639607775904
mh2490,452.0608,20.168375,1800,-178.8149534971628,-17.56711712859576
mh2491,338.38235,22.635273,600,-179.0718052529525,-16.61725780956598
mh2492,276.64658,27.250782,400,-178.6610181095359,-17.42397979827888
mh2493,590.6589,18.218214,600,-178.6529574438979,-16.9110756780702
mh2494,558.9616,21.934864,500,-178.6772308934487,-16.98289374577566
mh2495,513.80444,30.692554,500,-178.6462872746435,-17.18677931516744
mh2496,577.2756,15.376424,400,-178.5553664792898,-16.8814060397938
mh2497,400.08246,12.753594,600,-178.3349485367928,-17.32419974718932
mh2498,268.39764,8.570289,800,-178.2039557723987,-17.44298921599687
mh2499,482.97232,22.342476,900,-178.5996742685857,-17.73244383731867
mh2500,418.76147,17.625658,500,-178.66804681782,-17.80280938657225
mh2501,774.8494,23.768032,2000,-178.9317775829655,-16.27626448849406
mh2502,274.77298,14.468795,1000,-178.4664731727449,-16.53227691442682
mh2503,594.1389,20.313488,800,-178.4952435183625,-17.82702201124498
mh2504,91.15384,9.20186,700,-177.9013951602159,-17.78552851912086
mh2505,146.4024,9.093822,800,-177.8022309719033,-17.60219054334259
mh2506,304.1636,25.782625,1300,-178.8338726743154,-16.65395892924768
mh2507,236.18639,10.637916,1500,-179.6613618762123,-17.91264577426208
mh2508,559.5513,25.856564,600,-178.98030155613,-17.44334472390418
mh2509,283.69235,18.852812,400,-179.1583052239642,-16.48116989459348
mh2510,215.40746,10.803661,1400,-177.3227291498736,-18.08211023649676
mh2511,200.84018,8.526347,900,-175.406529183472,-19.20483574032908
mh2512,85.27375,7.3764033,800,-175.7989560559505,-20.05898488902414
mh2513,82.57007,8.615947,800,-176.0210838654906,-20.73649104720788
mh2514,247.4762,9.858337,700,-175.3544864599586,-20.00189697989569
mh2515,326.44455,21.131197,1200,-175.4401700500557,-20.72716017046215
mh2516,241.98386,20.759604,1000,-175.4381016117394,-20.91884666518125
mh2517,801.01556,44.53036,1700,-175.1602083339008,-20.69980207456203
mh2518,325.56534,21.065542,1200,-175.7872855870675,-17.9679849546347
mh2519,157.12193,7.361985,1100,-175.4497489252244,-19.43527208089517
mh2520,400.18362,15.017566,1000,-175.0229212995536,-19.19370010836058
mh2521,336.92465,40.68334,600,-175.2690432875763,-20.45957784718282
mh2522,816.1856,44.0326,1700,-174.9271690570572,-20.12739651098881
mh2523,131.03998,7.7530336,700,-175.2842270401126,-18.35648192422372
mh2524,203.628,17.266068,600,-176.133504391759,-18.20794410486988
mh2525,414.9374,11.424722,1000,-175.3073244999884,-19.87167519103207
mh2526,361.72607,10.409959,1600,-175.1445923840915,-18.97702320248164
mh2527,184.89697,6.5666513,400,-175.4275779484232,-19.56635054448736
mh2528,201.34294,14.531633,600,-174.7866002530741,-18.64896369184737
mh2529,111.81794,6.0593505,600,-176.9637172499357,-17.97928410392787
mh2530,365.8832,35.642994,800,-174.8033861551115,-18.87798208386465
mh2531,402.79755,19.691044,1200,-176.5720789674978,-22.69881571403024
mh2532,441.00684,19.143421,400,-176.22606556331,-22.92433992638407
mh2533,299.26978,19.181677,800,-176.1252045346924,-22.53923009435321
mh2534,217.1956,15.343229,1200,-175.9978369296521,-22.30896141613591
mh2535,425.94833,15.11685,1500,-175.668146909698,-21.76186430897022
mh2536,1258.6724,15.589467,2400,-174.5235781194812,-22.40940293732481
mh2537,1686.5114,21.326218,2100,-174.3461528085388,-22.27941199075166
mh2538,920.5849,17.941183,1300,-173.9751844000313,-21.42353705012206
mh2539,1035.439,19.986406,1400,-173.9424083120463,-20.83948552626966
mh2540,509.52628,19.915104,700,-176.5592339172332,-23.25537592099426
mh2541,240.85083,14.087252,1000,-176.7521097892156,-21.90944133201115
mh2542,415.17133,31.718819,800,-176.2924808552436,-22.81667843542298
mh2543,386.3544,21.014313,700,-176.6775515861154,-23.378711483395
mh2544,282.64786,23.286753,600,-176.7978191910703,-24.13685666031969
mh2545,177.12012,12.0373955,500,-177.4564209141248,-25.3002505030807
mh2546,160.51335,11.084103,400,-177.5312396795329,-25.28637590659036
mh2547,137.04694,8.923652,700,-177.6554475587021,-25.23077213115063
mh2548,287.0717,15.020736,1400,-177.2793589687339,-21.57674895071327
mh2549,277.39948,14.810262,1400,-176.7774552995499,-21.34938941081323
mh2550,567.6032,15.036836,800,-177.8921361590662,-20.52978288817183
mh2551,268.6559,9.788001,1600,-176.1568321089165,-21.61378416602676
mh2552,355.39072,12.841835,600,-176.6523753527666,-21.5394614638375
mh2553,1525.3376,30.189466,1700,-173.5458257331734,-20.5102123120637
mh2554,195.3445,17.302858,1200,-174.45255759891,-18.74895603186144
mh2555,340.02658,17.822151,1700,-174.5344988329588,-18.63378282767176
mh2556,226.22057,10.364526,1100,-174.9344776893815,-18.54637856510681
mh2557,381.68906,14.587976,2300,-174.8339447605137,-18.31006487296441
mh2558,248.05399,12.178793,500,-174.7119432232105,-18.51704020791663
mh2559,217.31306,16.441807,400,-174.4914563118736,-18.22066009631428
mh2560,525.25836,36.883434,400,-174.5319958576914,-17.78062563770947
mh2561,163.61745,26.85759,800,-174.3104810381689,-17.72813242084657
mh2562,209.58076,24.149254,700,-174.1992069513685,-17.84526887130729
mh2563,544.7142,17.483932,1200,-173.6441163833403,-19.97866067974302
mh2564,201.92014,17.608494,1200,-173.5752191900587,-17.055060416221
mh2565,1006.8884,24.63861,1500,-172.8266231279955,-18.06316152131587
mh2566,132.31798,8.675795,1300,-173.654468538527,-17.26129966325659
mh2567,130.90895,11.745488,500,-173.878860687593,-17.63612065650017
mh2568,320.3231,24.132847,500,-174.1280419788082,-18.06042933232697
mh2569,297.44824,16.191702,1200,-174.2602700130876,-17.25948053494566
mh2570,647.5219,44.387142,500,-174.5802335381386,-17.55300303798328
mh2571,585.5539,17.290506,1100,-172.951028472614,-17.8881717439297
mh2572,833.0468,29.35433,500,-173.7202074347238,-18.29787911912798
mh2573,37.73644,7.945747,1300,-175.2415130028957,-17.57026637600034
mh2574,267.55554,21.261341,1400,-174.8975072216638,-16.76873976146068
mh2575,156.31123,13.944903,400,-174.1286150014469,-16.47350250556962
mh2576,454.95987,18.558094,1200,-173.8927269507145,-16.75506288327039
mh2577,213.75899,27.615223,1900,-173.6808696348194,-16.39099435436628
mh2578,125.784996,22.648869,1100,-173.5553068598466,-16.2879690422915
mh2579,286.06195,24.855703,700,-174.4092099009835,-17.98791698417151
mh2580,189.79433,7.7410417,600,-175.3623264214711,-19.08242056865691
mh2581,325.26343,24.539663,800,-173.8162596705093,-16.84839423885348
mh2582,29.730907,9.820751,1300,-175.181529165654,-17.32203393397257
mh2583,225.24887,18.946733,600,-174.8940899711691,-17.52113402502108
mh2584,116.6724,10.8075905,600,-174.9648500480859,-17.42298003203428
mh2585,86.621155,10.404126,1000,-175.3579022442355,-17.30667957779973
mh2586,141.07666,13.860164,600,-175.4941814096603,-17.22960951055354
mh2587,131.76427,10.611558,800,-175.4444944718613,-16.71590391680202
mh2588,306.3196,19.045513,900,-175.9356614412261,-18.74452467078288
mh2589,621.0463,42.419155,800,-176.8106109418134,-16.22618847442115
mh2590,185.14447,15.59903,1100,-176.3426907967086,-15.01888919416604
mh2591,240.37946,15.76228,1100,-175.5351994650052,-15.02441441587516
mh2592,227.737,13.161847,700,-175.1966949096841,-15.02140697973816
mh2593,227.43956,15.003262,1800,-174.0059001247454,-15.37867459274129
mh2594,200.07137,13.976153,700,-174.4050872429041,-15.31006286970748
mh2595,130.61485,7.9308443,600,-174.9446166532203,-15.50523102422544
mh2596,120.604225,10.526075,1200,-174.2586376600181,-14.9528287398739
mh2597,295.02383,16.030235,800,-174.507006936268,-15.42782722766354
mh2598,260.79416,19.900139,800,-174.4288043836106,-15.70174250919
mh2599,274.40225,14.271631,1200,-174.7565208066657,-14.80206310608065
mh2600,187.47588,12.765376,1500,-175.8469875808414,-15.15369131821638
mh2601,132.63098,9.195079,1000,-176.0267387628838,-16.16522585159546
mh2602,182.53172,10.45668,1800,-175.3785278015342,-16.16704434338125
mh2603,150.14601,7.78019,900,-175.5253747202838,-16.93437469382391
mh2604,245.78882,16.956093,1100,-175.917161117641,-15.4435948548454
mh2605,153.95439,7.2424707,600,-175.6771014339243,-16.63386447549728
mh2606,113.224525,12.433834,500,-176.2867241366713,-15.95925849963732
mh2607,314.71152,12.434394,700,-174.6147244929851,-15.1526808727821
mh2608,301.30496,19.263386,1300,-176.4235016645587,-14.18252683229517
mh2609,241.7303,18.312212,700,-176.2856776288847,-14.31582294771032
mh2610,168.64294,9.205111,900,-176.5213199771426,-14.28948548680053
mh2611,203.5709,13.66691,600,-176.6788813957787,-14.64697256084749
mh2612,185.27812,11.950686,1300,-176.7080388655653,-14.04178396457352
mh2613,351.6216,33.1091,800,-177.3687093358442,-14.65951956585723
mh2614,353.54742,25.052385,700,-177.5922326915186,-14.47879805018071
mh2615,242.80424,24.568192,1200,-177.5215504739477,-15.08484061524821
mh2616,165.96124,14.527921,700,-177.2208158682814,-15.59094835698117
mh2617,226.40381,23.20471,800,-176.8433098207117,-15.59627502092218
mh2618,214.07217,19.235777,900,-176.7210876164919,-15.02448985440955
mh2619,174.90047,13.257718,1200,-178.0138515121342,-15.40474539767594
mh2620,250.85666,23.612896,600,-177.6753802380113,-15.17659886173905
mh2621,168.7442,17.416628,700,-177.6762102134805,-14.99902097561673
mh2622,182.98889,18.517569,700,-177.5554959048371,-14.94561904183239
mh2623,208.1102,12.810394,1200,-177.8534744453652,-15.38188902898711
mh2624,785.22675,16.80713,1300,-172.6975257646571,-17.60420041486286
mh2625,1141.0348,20.098787,1600,-172.5465000015234,-17.18005971058047
mh2626,665.2541,16.618818,1400,-172.5167613751712,-16.92720821594654
mh2627,1098.8064,18.695494,1400,-172.4790518163538,-16.58746012472808
mh2628,1075.8312,24.478558,1600,-172.3920489602785,-16.05414090034165
mh2629,571.52094,19.760923,1200,-172.7390838139591,-16.50184648285465
mh2630,130.7163,21.483854,700,-173.4700727113095,-15.50272085125784
mh2631,579.1911,31.821321,900,-173.569991642683,-15.16500987925928
mh2632,666.2086,18.666605,1300,-173.6816057550459,-15.29479850764621
mh2633,299.3949,15.967305,1800,-173.6735508982993,-16.11238318172947
mh2634,615.85876,18.93573,2200,-173.0051628966164,-16.3398446673142
mh2635,374.0843,23.869144,400,-173.7851859545785,-15.01575473483847
mh2636,409.06583,18.94417,1100,-173.7337446893559,-15.10398798246203
mh2637,200.17343,17.300209,1000,-173.4494804065593,-17.15823915726939
mh2638,124.44727,7.853356,900,-175.7306567597072,-16.15179077409358
mh2639,148.34161,10.232744,400,-175.9923900147748,-15.10006390778889
mh2640,291.72714,12.885463,1300,-175.8536019903542,-14.78985905448471
mh2641,182.5445,12.017117,600,-174.9544402599655,-15.01342273512764
mh2642,183.94022,12.520469,1200,-175.0244989771431,-15.10086216213813
mh2643,147.13374,9.762418,700,-175.2846842015346,-15.3129017980799
mh2644,261.1926,25.343555,1700,-176.5683954143921,-15.48631405038067
mh2645,190.15259,11.837282,800,-178.3049458478902,-15.14687404966981
mh2646,234.47702,14.291556,900,-176.5214018019244,-14.84067007558326
mh2647,123.49776,10.796698,700,-176.7002837691296,-14.14666002409311
mh2648,269.91843,17.67915,600,-178.092330725034,-13.30801887249143
mh2649,414.68314,17.704014,1200,-178.3352077639227,-13.84495294339605
mh2650,234.02267,13.477851,800,-178.0106827021905,-14.03240022515759
mh2651,183.91515,11.582958,1400,-178.181018768265,-13.41504576081119
mh2652,166.37064,13.297752,1800,-179.1940416480944,-14.12105688929881
mh2653,218.13458,9.3925905,800,-179.5242315421407,-13.8316326292574
mh2654,526.5326,28.306213,800,-179.2034104055041,-13.05817109282604
mh2655,342.48376,21.092058,700,-178.5213246783682,-14.10977464893431
mh2656,153.12035,14.237131,1300,-178.6716259541645,-14.31153680391797
mh2657,133.64937,11.959511,1000,-178.5616891408693,-15.11320961136736
mh2658,273.9738,11.821077,800,-178.7608744762865,-13.6285304748826
mh2659,223.26242,16.151783,700,-178.857225506421,-13.43206180668107
mh2660,234.22646,13.908667,1200,-179.0113275976446,-13.75228514878229
mh2661,155.26796,12.506191,1200,-179.5964672415869,-14.34409837791716
mh2662,204.29112,16.895412,600,-179.8227377223367,-14.8929455079565
mh2663,371.34225,11.769896,1700,-178.1915087560625,-16.4564992649286
mh2664,397.6531,23.510357,1000,-178.6316506235299,-16.67185471628554
mh2665,787.3363,20.759502,400,-178.7177820070721,-16.30912397465356
mh2666,340.0225,18.930883,1200,-179.4584345419972,-15.48616639959541
mh2667,193.1405,15.521135,1200,-179.760862283523,-15.02311859697599
mh2668,173.90579,16.020105,600,-179.6234113810975,-14.94927205516113
mh2669,175.07747,14.633903,700,-179.4998358630208,-14.96464707262694
mh2670,202.27644,12.874042,700,-179.3722175643833,-14.99415644030766
mh2671,702.6125,24.744268,600,-179.4540937710671,-15.74714453072149
mh2672,450.45938,29.146275,700,-179.6042512663221,-15.66594717610631
mh2673,333.99637,34.405903,700,-178.1719720851677,-16.03003802000704
mh2674,238.14081,16.138958,900,-178.4239182233426,-15.23938214935437
mh2675,142.34897,10.905694,600,-178.6743481404125,-14.64362949842057
mh2676,77.341156,4.220443,800,-177.0316500737954,-17.81089721900932
mh2677,338.5694,17.000908,1300,-177.1386626931243,-19.51564302490504
mh2678,105.82781,9.657965,1200,-177.5425279387421,-20.13776265939407
mh2679,65.04817,12.872582,900,-177.5743865279402,-20.37615918211236
mh2680,330.74503,19.430935,1300,-177.0039018693026,-21.52249032301871
mh2681,360.15063,12.973978,900,-175.8477171035182,-21.04872171490607
mh2682,200.36401,14.08818,500,-176.5985420267829,-21.02904472041584
mh2683,100.25178,9.970847,400,-176.120428816856,-21.0150261095787
mh2684,182.04344,12.781858,600,-176.5869537846301,-21.17930758583941
mh2685,242.88632,9.541375,500,-176.6048510544838,-21.34366641995164
mh2686,190.59618,13.988826,500,-175.9633988169668,-21.57680295865027
mh2687,239.16481,11.64053,800,-175.7658716197615,-20.83812511393604
mh2688,84.977844,8.690584,1000,-177.7486017299357,-19.47775727814656
mh2689,153.72708,11.392695,600,-177.8543382445177,-19.70992282059063
mh2690,121.66767,7.685876,600,-177.7873170864956,-18.44012817052077
mh2691,524.6585,22.519114,900,-179.3510498412871,-18.42497427193861
mh2692,193.8175,15.692689,1300,-178.9172276112282,-16.46543895182336
mh2693,150.3174,10.958078,400,-177.5066973464264,-17.7312519451858
mh2694,147.0239,9.664088,1000,-177.36117014422,-17.95173094328608
mh2695,492.9663,20.855629,1000,-173.1825733008019,-19.04291029158307
mh2696,188.33264,12.18448,500,-176.7917021655277,-14.80326501284175
mh2697,170.82631,9.233749,1100,-176.5386319600176,-14.54916341855685
mh2698,474.24765,25.556908,600,-176.6140075799204,-15.97324573938216
mh2699,157.54462,9.482539,400,-176.9313263063205,-14.81384049990136
mh2700,196.00743,12.799242,900,-176.2756069891532,-14.50429543054646
mh2701,344.3726,14.260159,1000,-175.8979832406187,-16.47410683135567
mh2702,223.43968,19.338503,1100,-177.4234817414645,-16.09696485046863
mh2703,176.99641,7.969911,600,-177.5767243509663,-16.5481442699334
mh2704,237.32251,14.239964,900,-178.5478478933225,-15.32516438710963
mh2705,322.11005,18.837248,1100,-178.6071026201381,-15.49921996451545
mh2706,480.59344,31.976727,700,-178.3654729554991,-18.60460627294826
mh2707,332.1847,15.752651,400,-178.7828041058494,-17.79803455982653
mh2708,827.4175,35.91553,1100,-169.3551631751095,-1.765702322433272
mh2709,405.86826,15.3287525,1200,-170.1186152941098,-2.362304231822328
mh2710,259.6917,12.800177,1200,-170.6449904991082,-2.447008812467694
mh2711,209.27428,8.811421,1400,-167.9241819378738,-3.339360464457817
mh2712,418.61044,12.9243965,1200,-166.4439412767709,-3.22753561211348
mh2713,200.87674,10.015273,1000,-162.2181050693133,-6.554492108558886
mh2714,86.22861,9.032031,1000,-162.2682302276802,-6.75756664767893
mh2715,240.94313,13.774574,1100,-159.5918451077315,-7.545496555140902
mh2716,264.3368,13.97402,1000,-159.7246920438114,-7.725006885206185
mh2717,71.40008,3.5125268,800,-166.8126023212951,-30.35660025153361
mh2718,80.14727,4.6357455,1000,-166.2206869970724,-30.51124142107817
mh2719,66.756454,2.9106507,1000,-170.1992210579783,-27.10368520543587
mh2720,356.6272,11.665132,1400,-170.6714509558805,-26.30957076569595
mh2721,302.26544,18.015541,2100,-179.9345904656182,-18.00223885594098
mh2722,66.82848,3.2905533,500,-171.0659545354759,-20.66570595769606
mh2723,67.70009,2.6027281,600,-170.3512836127597,-20.67365081646034
mh2724,83.49108,5.3386874,1200,-166.3811570877129,-11.04839806944083
mh2725,332.9845,14.041242,1100,-163.5591608787127,-7.508009032520216
mh2726,310.69156,19.508085,1800,-163.5489292486739,-7.779375566878559
mh2727,170.4742,14.973282,1800,-163.5711967389902,-8.024815481622207
mh2728,810.3272,47.59252,1000,-164.835052373925,-5.728500954449633
mh2729,620.7855,33.190636,2500,-163.7161498998657,-6.827266505682598
mh2730,1075.2437,40.83146,1700,-163.5271291270132,-6.854368620810241
mh2731,616.3761,32.856518,1200,-163.3879418403816,-6.838373275855091
mh2732,34.630074,2.5114043,800,-167.4451149246035,-26.86719235553532
mh2733,106.59626,4.231721,900,-155.3284570083708,-26.79099782770974
mh2734,67.69141,5.0964503,800,-150.4053089586083,-25.97065878502761
mh2735,126.77678,7.92807,800,-155.3244855298012,-5.635281558259188
mh2736,149.46805,13.092033,1500,-179.2918059456111,-30.37292763021351
mh2737,154.74149,10.767978,600,-179.4823694295546,-31.27953123870393
mh2738,239.57446,12.422988,1800,-179.3699578868048,-30.69344232970689
mh2739,315.02652,22.281328,800,-179.0255140814237,-31.11169866842557
mh2740,417.12848,12.5155115,700,-178.834196022534,-30.38877150640752
mh2741,457.92007,28.022108,1400,-179.212083930041,-31.85216272610823
mh2742,320.40836,10.159223,500,-179.5110318817331,-31.71216555375246
mh2743,310.2326,19.878738,1400,-179.6464458452554,-32.40115884053455
mh2744,162.03938,12.780468,700,-179.3392376559979,-31.69074731020965
mh2745,101.1375,11.141667,1700,-176.4936840904701,-31.29187403272967
mh2746,190.3313,7.994347,1200,-174.5408480731125,-31.39438105917399
mh2747,79.58587,4.4129305,800,-173.8124231672371,-31.95052112316014
mh2748,60.04747,4.375233,1200,-173.6739894581644,-31.84252257980241
mh2749,85.84058,5.028638,900,-173.8703861826898,-31.60515205530256
mh2750,109.47965,4.29493,600,-173.6393521757235,-31.52697916636917
mh2751,58.692642,3.5148737,700,-173.6288434224192,-31.12907402272078
mh2752,88.90894,4.26634,800,-173.4628458707402,-31.02602890388907
mh2753,81.134705,3.2138557,700,-173.4293295234678,-30.88649250648714
mh2754,82.991936,3.9365888,1100,-173.6370284822725,-30.86343573871397
mh2755,218.41058,8.255145,1400,-178.2760383694498,-34.95748786490132
mh2756,245.48901,7.9863434,1500,-177.4546772318542,-34.78421264752296
mh2757,65.573555,3.8051093,1000,-175.6831233334635,-38.12448284209052
mh2758,410.35803,13.28663,1700,-177.6686101778249,-36.95916751356454
mh2759,165.24782,8.516284,600,-178.4218268761457,-38.35844618577887
mh2760,41.37055,6.829199,1300,-178.8210063939028,-38.36398220382578
mh2761,92.80041,4.353093,700,-177.8211174564596,-38.51754767157299
mh2762,141.31302,7.5844316,900,-177.6190736074484,-38.25555258244199
mh2763,69.75115,4.386069,400,-177.8910880379931,-38.28215024246565
mh2764,94.29531,3.9449875,600,-179.5399180982372,-41.41335200672046
mh2765,458.01028,6.441879,400,-179.1472080184158,-42.62423823423978
mh2766,1003.0687,18.573063,2000,-179.5532689419711,-42.56525901751991
mh2767,100.14137,6.1660986,1500,-179.4060458582472,-42.01197480807394
mh2768,883.4876,17.425962,1000,-179.9815676682681,-42.589996298516
mh2769,134.6292,8.345353,1300,-179.3879704414521,-41.89946567231599
mh2770,75.56482,5.4137516,700,-177.9618263387179,-41.82018323566632
mh2771,139.9982,6.450858,1400,-177.6202728539167,-40.86727753115424
mh2772,112.14099,9.08441,600,-178.4103189313113,-40.72540251451102
mh2773,94.26273,4.9934,1600,-178.085111536637,-40.10854512463054
mh2774,121.082375,5.6621785,1300,-176.0991346173889,-40.72106748704193
mh2775,217.07982,5.6415925,1200,-176.3402198954889,-40.91023406621253
mh2776,61.558483,5.044206,1300,-175.8340662999823,-41.77258969513586
mh2777,148.79298,5.5812273,1100,-174.4684089346956,-41.08749115630373
mh2778,273.32343,10.90452,1300,-175.0593257310216,-41.07989222159353
mh2779,140.06516,8.9513855,1400,-175.1855729858836,-41.20177956019165
mh2780,249.4413,5.8025894,1000,-173.8306915828007,-41.25830717400424
mh2781,100.54424,6.3845105,1100,-173.7847625340236,-42.01536003305481
mh2782,184.24635,6.7679296,1400,-173.7484949170453,-40.92765741419538
mh2783,347.96143,9.86344,1200,-173.5796949097474,-40.78561391606235
mh2784,178.88622,8.248922,1100,-173.9061430994475,-41.1030774381245
mh2785,155.58757,5.329976,900,-173.464249794622,-40.37035074205612
mh2786,221.33415,10.3312645,1200,-173.1869407113838,-41.1722295883904
mh2787,306.52737,9.832056,900,-173.244667013092,-41.36599421326876
mh2788,164.24934,6.6571875,900,-173.3886964573443,-41.34531821704377
mh2789,151.07462,9.205525,900,-173.8782575796452,-40.75544732907336
mh2790,193.85936,9.461608,1300,-173.7888475289872,-40.19771470393508
mh2791,141.56549,4.374307,800,-173.9636818557242,-39.69079978852049
mh2792,54.088837,4.94934,1100,-174.4423747621228,-39.50849768223054
mh2793,53.599102,3.1013322,800,-174.8193262518134,-38.60033584555314
mh2794,92.99044,3.3477046,900,-175.2341501852377,-39.04904415788792
mh2795,56.18967,3.166728,500,-175.0335184014134,-38.94964203781828
mh2796,27.410364,2.4451752,800,-173.6099054499365,-38.04962617520369
mh2797,56.242516,3.6465948,800,-173.8478991444872,-37.72036716181171
mh2798,191.61627,8.324094,800,-176.2194293713402,-31.8780635855614
mh2799,84.144424,5.15518,600,-172.2811486605617,-35.44968040789081
mh2800,219.9616,9.778331,1000,-169.4945940101014,-34.92652557851013
mh2801,656.76227,17.748112,1100,-170.0191122731248,-35.5931574401211
mh2802,136.51395,4.9045963,1300,-169.5078099108314,-36.63336037191204
mh2803,159.93692,7.296603,1800,-170.7892747708992,-34.03115933027149
mh2804,85.74141,4.505008,700,-171.9458930694406,-34.31182109181032
mh2805,55.910957,4.161155,900,-170.7454905246749,-39.5996546574073
mh2806,363.26938,22.309048,2100,-167.9519952623415,-38.86638292550445
mh2807,97.705,9.476158,1300,-168.1264724284405,-40.17793903951645
mh2808,98.831795,7.4733014,1000,-168.1722632271755,-36.48425729733644
mh2809,51.416103,5.8519654,400,-168.0081189852519,-36.40548424973679
mh2810,67.496666,4.080178,1000,-168.1998181940472,-37.14438816132269
mh2811,76.994934,6.2715125,700,-168.1712681602104,-36.69722447673531
mh2812,64.52567,5.9610677,800,-168.0294644276754,-36.58837471331662
mh2813,107.29702,3.2016146,800,-168.8929376541356,-37.11584143182116
mh2814,538.46594,10.761311,1600,-169.7967515847788,-36.26362580118121
mh2815,140.3826,12.699872,1000,-170.9941052597512,-38.09278425201227
mh2816,74.63096,2.899293,800,-172.3067852574245,-36.30095139777338
mh2817,83.14215,4.8659663,1500,-173.5742817454179,-35.37900153114219
mh2818,61.0302,3.849476,600,-169.6313030966151,-32.87408454675395
mh2819,104.576866,4.511416,800,-167.6149334563559,-32.51013209854243
mh2820,214.7247,10.318284,1000,-166.2776279256555,-35.48383053871973
mh2821,89.37877,9.063785,800,-166.1238511484984,-33.38055224997529
mh2822,122.29929,7.248147,1000,-166.2735851059101,-33.39969633754433
mh2823,358.57092,9.171647,1700,-166.4599832458981,-32.36325247973716
mh2824,366.62497,14.271501,2000,-166.5220071302289,-32.12795694356917
mh2825,70.30586,4.1273007,600,-167.1407531106661,-34.38780528617544
mh2826,80.85961,5.1293664,1100,-166.6660550248331,-34.46323107574297
mh2827,133.66493,5.6276903,800,-166.6255027886286,-34.67822979468301
mh2828,130.35043,6.6806936,1000,-166.4366842490849,-34.55139766082014
mh2829,39.973732,2.7285674,800,-167.9243496417147,-34.55127583838446
mh2830,139.29852,9.069219,700,-170.7116269738682,-37.57192719456629
mh2831,178.8922,8.35112,400,-166.1112161984207,-37.14481538762042
mh2832,274.80405,19.164608,500,-166.1598175600872,-36.81743603020293
mh2833,271.39578,14.037783,1400,-166.4148214397084,-37.32076256248953
mh2834,76.19898,18.26628,1000,-166.7907920244172,-38.77631101378555
mh2835,109.086205,6.6068454,1100,-165.1593707577152,-38.2873140199619
mh2836,167.39444,6.8434796,1300,-165.1679045809098,-38.44391891493102
mh2837,221.68236,9.296144,1100,-164.0677838317071,-38.64184647245411
mh2838,182.76048,9.897446,1000,-163.9882985344767,-39.05709623014177
mh2839,116.58535,4.3670216,800,-163.4698390613929,-39.31039656622873
mh2840,158.71855,8.182808,1700,-164.464783310414,-39.49240636471687
mh2841,54.1815,3.7882943,1100,-160.9281893098103,-41.93821889707736
mh2842,71.24841,5.303347,700,-162.3980841844182,-41.11206299018751
mh2843,104.07301,7.3748074,1100,-162.568112818794,-41.02224460582338
mh2844,74.269356,3.5920024,900,-161.8803491061931,-41.67922110854314
mh2845,128.35963,5.8186374,1100,-162.9114754617518,-41.38816670341991
mh2846,90.80925,5.162785,700,-162.7503262786929,-41.22188770310176
mh2847,51.653553,6.1488543,700,-162.6804443742753,-41.46054392894287
mh2848,51.18915,5.1510434,700,-163.9546772950345,-42.7034609574179
mh2849,68.29552,6.673398,1400,-163.9667296583604,-42.90200083814364
mh2850,78.659966,3.6413946,800,-165.1809951397255,-42.63143949404415
mh2851,76.065414,3.6570022,900,-165.6753529325895,-42.77080586039819
mh2852,87.10963,3.4305484,900,-165.9287356738511,-42.6738521126421
mh2853,179.34247,6.5700965,800,-166.1590361164119,-42.23215364410433
mh2854,47.093906,3.2255242,400,-165.4169640656421,-43.63391772785022
mh2855,89.22457,9.091856,800,-167.4691022110311,-42.08876255775336
mh2856,150.93272,6.3483286,1100,-166.7813756727583,-43.08212850280788
mh2857,88.98604,6.2246284,900,-166.8999091798163,-43.31009237665543
mh2858,24.976524,3.8441625,400,-164.8594483624852,-44.27719775324986
mh2859,101.28554,6.6118913,1200,-164.7623288828369,-44.85910762127925
mh2860,34.740475,3.182176,900,-163.4606482403124,-46.10825360708915
mh2861,100.77807,5.9046144,800,-164.1381189747954,-45.80637322918884
mh2862,52.538914,3.1662393,600,-164.948124541812,-46.35881458209082
mh2863,93.52614,5.97005,1000,-164.2695999705512,-46.4506947642048
mh2864,92.51699,5.8751793,900,-165.261841821561,-47.33449531908006
mh2865,128.68396,5.4667196,1600,-169.0192421556188,-41.40856253094944
mh2866,124.31869,8.113584,1200,-167.3923719274817,-42.95223962274498
mh2867,282.8199,10.863227,1300,-168.7338812696232,-43.160613548859
mh2868,469.59763,13.818419,900,-168.5790638859293,-42.8496956348997
mh2869,610.31885,11.157805,1400,-168.8965734638817,-43.49109852626583
mh2870,101.769844,7.1310654,900,-168.3242483166685,-44.09648602007837
mh2871,655.8496,10.055239,1800,-167.8645416788529,-42.80130528959187
mh2872,299.95377,13.712803,900,-167.9345912733158,-42.4205939163195
mh2873,98.39526,6.6336923,1100,-169.1097210422271,-43.15468384616443
mh2874,75.68825,7.006886,1400,-169.9725996932087,-44.14885688885072
mh2875,194.39288,17.073526,1500,-170.0492417119185,-41.20827499816431
mh2876,159.411,8.860359,800,-170.1092693598648,-41.50435013214825
mh2877,324.39386,10.13992,1400,-168.9969703197787,-42.39015065791386
mh2878,205.13142,7.488366,1300,-169.6995527843908,-42.43585085070796
mh2879,223.87386,7.9379816,1400,-169.949117196418,-42.50266957082236
mh2880,114.87055,5.764308,600,-171.282788841905,-43.28099407504954
mh2881,143.94322,4.5439706,700,-171.4745459438944,-43.10203686496648
mh2882,124.331985,3.7833512,600,-170.7226295285174,-42.65743339084634
mh2883,142.8092,6.44084,1000,-166.9122441747843,-41.33488941017551
mh2884,47.352707,5.7131743,700,-168.917663663851,-44.47969230383939
mh2885,64.009514,4.412404,800,-169.7229405988072,-45.76271115740506
mh2886,66.476654,3.6619837,800,-168.4081090123114,-46.92064734236714
mh2887,84.15347,3.1395276,700,-167.1598493479978,-47.03920200686048
mh2888,148.01169,6.7441134,1100,-167.6187970111183,-46.52697438067158
mh2889,88.54734,4.8844624,1100,-167.444476678946,-46.59402220626897
mh2890,35.771343,3.1363049,900,-166.34267438144,-48.70519695858833
mh2891,63.007603,4.3260427,500,-174.8223779798378,-47.1362774538069
mh2892,166.85475,9.117481,800,-174.1253745602915,-46.42221178412886
mh2893,53.448162,3.3793604,700,-174.9134286723344,-49.37507074448162
mh2894,68.61694,3.5934975,400,-174.9672959416509,-49.71528466051197
mh2895,97.80672,4.073948,1300,-174.9487822049423,-48.76478257304984
mh2896,775.2483,11.134264,1000,-177.3571895446722,-49.44422524282633
mh2897,827.6423,16.613775,1300,-176.4746474313805,-49.19614452875886
mh2898,479.40735,11.965277,1000,-177.6044148502226,-49.24954914160173
mh2899,1038.6677,15.737421,1400,-177.4484993226744,-49.93431554472221
mh2900,640.24396,4.836765,900,-176.6204599412061,-50.61592670832418
mh2901,98.64755,5.1143236,800,-179.1337631421388,-50.32818213534681
mh2902,115.78903,4.4389563,700,-179.0123394898841,-50.16953241794684
mh2903,252.0011,15.382044,1500,-177.9514978365848,-49.1703808714806
mh2904,180.00414,3.439605,1000,-177.6486571735777,-51.1679966236536
mh2905,95.01978,12.200089,400,-179.8456914222752,-47.68601806159489
mh2906,432.38113,20.243168,1300,-178.3322977251608,-49.10358444596958
mh2907,419.6098,12.131374,600,-178.6612160252566,-49.13966622116561
mh2908,1061.8523,27.068619,1500,-178.8978467142182,-48.39526144102958
mh2909,860.37726,24.794573,600,-178.9789769067602,-48.30332636287334
mh2910,252.7138,8.761813,1000,-175.786893399129,-50.5021133045171
mh2911,58.419,4.090262,1100,-175.2194032219731,-48.81710027406028
mh2912,201.07509,5.371824,800,-175.8429806119265,-50.68050852607637
mh2913,68.78887,2.6146374,600,-175.5397097658307,-51.63095077520637
mh2914,68.113815,2.4212708,800,-176.2175326525751,-51.82879494410347
mh2915,161.51001,6.7359533,1100,-173.3178023756786,-52.14288366782899
mh2916,278.7125,10.129051,1300,-173.758544136609,-51.71385409542861
mh2917,200.87311,10.142249,800,-174.1386128832333,-51.93548729835077
mh2918,519.0054,10.879424,800,-177.7076352434862,-45.44549661253544
mh2919,889.93225,17.493364,1900,-177.2315917366012,-45.37794852358654
mh2920,114.51709,4.6613364,600,-175.0302408436704,-46.00142055359845
mh2921,105.33265,4.8206573,1100,-175.041691824684,-46.44416050580347
mh2922,191.79472,6.8045783,1500,-174.1333886387402,-46.20323085431532
mh2923,310.65158,9.574146,1000,-174.6065545957051,-44.86010413888319
mh2924,467.35397,8.080759,1100,-173.296518495531,-45.12596559945479
mh2925,591.1252,22.347872,1700,-175.598889969762,-45.03098760520378
mh2926,620.8988,17.161123,1000,-175.8576734289241,-44.96968111967298
mh2927,462.5292,13.0015545,1700,-176.1906680453935,-45.09652233404651
mh2928,40.914474,3.3954444,1400,-175.355962153042,-47.28002743148945
mh2929,64.573814,3.5475435,900,-176.1208877050167,-47.55402264388
mh2930,80.74487,4.281682,500,-178.0927289459057,-46.45914171011798
mh2931,88.97337,3.409959,800,-176.6498873399267,-46.75162591853524
mh2932,438.50827,12.692532,1900,-176.6708021109504,-45.11120843110376
mh2933,305.54083,16.162014,700,-176.4301166046336,-45.15567630284242
mh2934,358.7919,14.851081,600,-176.4827148843909,-45.07477319424943
mh2935,395.8626,12.61571,500,-176.5319052382079,-44.97364712405223
mh2936,445.27625,6.9733753,1200,-176.762124762048,-44.9142943275975
mh2937,120.23991,7.597268,700,-173.5601129867815,-44.90599938814763
mh2938,217.68494,10.440109,900,-174.5393677914685,-44.17578018095389
mh2939,502.8543,17.816862,1000,-174.643652529423,-44.44490598755701
mh2940,71.278,8.685324,1000,-172.9089780060576,-43.13017122165084
mh2941,81.330795,10.541525,500,-172.9663343529765,-42.91353948227425
mh2942,96.85593,14.395419,500,-172.9216205885332,-42.71659035289503
mh2943,112.66756,10.693725,600,-173.4970593498496,-43.2076349643033
mh2944,704.8845,13.611983,600,-174.4463789079063,-44.4323361845398
mh2945,564.2528,20.38571,1300,-174.8467853998274,-44.60186745609431
mh2946,75.30927,5.2628055,900,-172.5093498833497,-49.43038998630517
mh2947,195.5233,3.7969468,1100,-169.4221547532563,-47.71667396197187
mh2948,314.24548,12.445302,1700,-175.1913773720773,-45.45964731583759
mh2949,69.92834,5.4681993,900,-173.0765672427226,-38.5312330863079
mh2950,67.27913,4.5336246,700,-175.9452969811033,-38.09563343494791
mh2951,77.41264,3.304697,500,-175.137461745454,-38.62457184030504
mh2952,84.11095,11.561008,1000,-172.4306511895397,-43.81971324251231
mh2953,247.81245,13.071673,1100,-163.6470453359297,-48.56346192043003
mh2954,93.58731,4.762212,900,-167.4212939119404,-47.58325857455441
mh2955,58.829464,4.530524,800,-169.6529541615639,-46.69945632990077
mh2956,78.581055,3.8871803,600,-169.307820961807,-47.45781262497155
mh2957,57.069965,3.5653605,700,-166.6037544102882,-47.25245113951498
mh2958,58.990902,3.30332,600,-166.2952240930004,-47.28640693120127
mh2959,47.868866,2.9770854,1100,-166.078202418384,-45.65828763138824
mh2960,125.066505,6.56947,900,-166.1479348777447,-46.60670293320049
mh2961,55.676044,3.9322355,900,-165.7036227503798,-45.48527997329629
mh2962,109.564354,9.146747,1200,-165.6372313362257,-44.35564262924613
mh2963,49.881382,2.9979463,1000,-161.6818419127524,-46.38923552973862
mh2964,58.148975,3.2373703,500,-161.9591202622914,-48.17247053736221
mh2965,137.89592,6.128949,900,-161.3644075521414,-47.54031115208322
mh2966,72.639435,4.5180573,900,-160.3923839852368,-45.76816645720218
mh2967,70.99648,3.8981702,900,-160.1699529998648,-45.8587536377397
mh2968,51.447956,3.1401827,1200,-159.2740913795258,-46.18224646055107
mh2969,99.632454,2.6880887,1200,-161.6894227609372,-45.47774480079381
mh2970,59.93671,2.877726,500,-161.4078587246403,-45.55987319918772
mh2971,71.52061,2.8331869,700,-160.0148292200709,-46.76866414469072
mh2972,128.99199,4.783492,1000,-161.2644447176122,-45.20056266763785
mh2973,111.11935,4.1932635,800,-161.1546505650756,-45.24168178022128
mh2974,80.33621,4.199327,1100,-161.727103704582,-44.86542621197222
mh2975,105.6157,5.8498874,800,-161.1400823504189,-47.48772322924216
mh2976,103.26656,7.064562,1300,-160.3657711732188,-48.2467743666202
mh2977,87.97436,5.4628563,800,-160.8809261654876,-47.48784498045971
mh2978,64.17747,4.314996,800,-158.3939908053453,-46.65047882374599
mh2979,53.03263,2.9558206,600,-159.9455725504426,-46.32895429384333
mh2980,45.387974,2.365058,700,-160.5076473903557,-46.89570201024726
mh2981,50.068516,2.5104547,500,-160.5420612030338,-46.84061592238746
mh2982,389.26428,8.82279,1100,-159.5840142054707,-44.34736210337802
mh2983,116.90207,4.5944467,1000,-159.306423424464,-44.96957961987614
mh2984,203.95921,7.8450084,1100,-158.713870955301,-45.0091938486696
mh2985,127.46342,4.2627883,1100,-158.65761370315,-45.15396679613255
mh2986,564.91296,6.052092,1300,-160.8960386429197,-43.5817878409508
mh2987,208.6412,4.7405877,1100,-161.0650165105883,-44.3564461039449
mh2988,82.24339,4.496198,1000,-160.1240163074085,-46.16201346687628
mh2989,60.439476,2.6900096,700,-160.6813444483837,-45.15851846082572
mh2990,92.72946,4.446524,600,-160.9078609870311,-44.95972182105626
mh2991,263.7421,6.757184,1900,-159.984093211297,-44.30542216253813
mh2992,138.37985,5.1015897,600,-158.8282909347869,-44.78472540583738
mh2993,563.2899,14.300311,1700,-157.8282325986964,-45.04751057176573
mh2994,128.6503,9.645847,800,-157.3238012915702,-44.57290569731666
mh2995,77.60484,5.7368765,1300,-156.1820595791708,-45.55646190903484
mh2996,131.38275,4.530755,800,-156.3704658015251,-45.43482382789567
mh2997,45.811108,4.400785,700,-156.4006133494084,-44.77954626267407
mh2998,149.7397,6.439618,1000,-154.3056893356418,-45.58404688261176
mh2999,58.864216,2.9783988,600,-154.7728343268305,-43.10118497649239
mh3000,121.51854,6.570537,600,-155.3328083613909,-43.43723350193052
mh3001,109.39532,4.869985,1200,-155.5966209403365,-43.10705728617378
mh3002,179.04712,6.451111,800,-155.7995357263117,-42.91434353639807
mh3003,62.0227,4.8463426,400,-155.9474908029077,-42.42824394862016
mh3004,71.28135,2.8906493,900,-155.3079439059923,-42.51224560122687
mh3005,98.02027,4.7223783,700,-150.7546947872251,-48.24082029723464
mh3006,141.40948,5.3936396,600,-150.9287756332498,-48.14775652383369
mh3007,63.798492,7.02099,400,-151.9735061320075,-47.09210177384858
mh3008,133.7594,7.0783043,400,-151.0788797174718,-48.09582555302647
mh3009,100.86747,6.7267184,500,-152.1211207924583,-47.02424098574591
mh3010,142.80775,5.597101,1500,-153.5277822538515,-46.78940117035905
mh3011,132.93484,6.410934,800,-150.365757547622,-47.74590681930027
mh3012,164.44698,8.676057,700,-150.7780299180168,-47.52003698455798
mh3013,109.3812,4.1064553,800,-150.1457198253097,-46.05488328909679
mh3014,168.64394,14.409946,700,-150.6211257077483,-48.64547238090184
mh3015,144.4659,6.8274727,900,-150.7437394158456,-46.22925918328281
mh3016,139.51135,8.167137,600,-150.9449598917017,-46.42582547149511
mh3017,143.7181,4.6507454,1300,-153.2386560012141,-46.58826713330964
mh3018,83.13889,4.214044,1100,-151.2041505379399,-43.09899357708566
mh3019,91.47888,5.092715,400,-150.6700611179755,-43.11748667685549
mh3020,105.34315,2.968914,800,-152.3488788922084,-44.26487169123541
mh3021,242.033,10.250605,1000,-150.3289842753942,-44.04439439661348
mh3022,197.77435,8.538727,900,-150.6607444519647,-44.03648032335683
mh3023,130.9484,7.980788,1000,-151.6848072449651,-45.13565078166702
mh3024,90.19934,4.7321644,500,-153.3555369392079,-45.63620355717548
mh3025,208.06786,11.713889,1500,-156.9299382113834,-43.86308479563463
mh3026,113.91479,10.53958,1100,-157.9159872403418,-44.52029065667073
mh3027,78.38197,5.3785243,900,-153.6641612536768,-44.39864264766999
mh3028,231.85243,15.68845,2100,-158.333169912443,-42.98476688348763
mh3029,200.9788,9.012744,1000,-158.5299345115762,-43.36790508208377
mh3030,243.27562,10.801785,1000,-158.3544306446905,-43.65602839449486
mh3031,129.61673,5.0826197,800,-159.6306043054505,-43.3004772084086
mh3032,124.60717,4.662728,600,-159.8742317735367,-41.89923059608163
mh3033,61.172813,3.6350682,500,-160.1369599698754,-41.49305493390269
mh3034,119.76483,4.7669725,400,-159.7593428632913,-41.7846148006455
mh3035,70.31201,5.5017805,1000,-151.4532818571867,-41.26742944054598
mh3036,105.26134,2.9883513,1100,-149.9888592236221,-41.28471218420214
mh3037,97.30901,6.0826273,900,-150.7470424505306,-41.62624041039153
mh3038,115.30436,7.8149385,800,-150.8360280687761,-41.49114852314614
mh3039,90.88526,2.3102489,1000,-150.2205621851135,-40.02844328750078
mh3040,201.25824,5.7213426,900,-152.6572569765127,-40.40165416066983
mh3041,85.08589,3.4711335,800,-152.4973226040624,-41.88438797616828
mh3042,63.86618,3.491792,700,-152.8110474252421,-41.93756890621667
mh3043,90.657585,5.7698483,1000,-150.5424818110827,-43.84102161362046
mh3044,130.21977,8.839035,1100,-151.0863490440295,-44.38912160857612
mh3045,68.1663,4.4879465,400,-153.7319223216557,-41.09512298931487
mh3046,68.970215,4.555312,600,-153.3985397079323,-41.20054155040454
mh3047,43.730183,3.5907133,800,-154.3882875471362,-40.84783101186117
mh3048,97.99204,5.179127,600,-153.6244380367309,-41.01319166304807
mh3049,77.3312,3.9593508,500,-155.2125374550452,-41.55316608578846
mh3050,77.57661,4.892863,600,-155.3275132728623,-41.38508466094828
mh3051,136.83572,3.8472862,500,-155.7444883334606,-40.86061028426266
mh3052,112.23528,6.590258,800,-155.8936465362436,-39.93793502065358
mh3053,146.60692,8.0837,800,-156.3299307125021,-40.31583649773708
mh3054,131.9427,7.4051046,1000,-156.9796164555856,-40.82825980471774
mh3055,116.600914,5.5536356,400,-154.9207500468384,-39.93225125679102
mh3056,73.51792,3.3119051,900,-156.3875629624584,-38.09322397582178
mh3057,111.48493,5.8239603,400,-158.6078439835831,-37.40367496291648
mh3058,51.368324,3.3491924,500,-159.0970237830845,-37.25718261319663
mh3059,104.805626,3.7989354,600,-157.6773238723519,-36.99235183539656
mh3060,92.6035,4.355346,1100,-158.3262467100205,-36.56583589420728
mh3061,111.893585,4.2415056,1000,-158.5633860509988,-35.97077681159401
mh3062,74.81085,3.0015948,800,-156.9094248839442,-38.17026414983015
mh3063,175.34496,6.8930855,400,-157.3373291211363,-36.60132663130721
mh3064,88.82497,6.2111487,800,-156.8649660832502,-36.42698536396075
mh3065,89.870316,2.8264437,700,-156.1066399685233,-35.84197336588983
mh3066,154.61824,4.9680095,1300,-157.0453027715572,-35.92818961284842
mh3067,112.73261,4.2698236,900,-159.4867954582578,-35.26692742151363
mh3068,129.42236,5.7931843,900,-159.3720304822202,-36.2191658267384
mh3069,128.24237,4.2795825,800,-158.3905040221729,-35.3709319748018
mh3070,103.38312,4.6908855,600,-162.1389003327376,-40.49886917078177
mh3071,92.20389,4.624626,500,-161.7166783535464,-39.81451262671199
mh3072,100.645226,5.855893,1000,-160.9243790130924,-37.92699863538025
mh3073,83.34196,5.003137,800,-161.0668421288111,-38.05157073872544
mh3074,67.83293,5.87889,600,-161.4623863058091,-38.27095483251527
mh3075,122.6124,7.9661922,1500,-159.0823532231217,-40.22119056374599
mh3076,76.33001,3.6211226,700,-159.9375381359081,-40.07722416817614
mh3077,127.35447,5.648437,1200,-156.3392178973987,-42.92140346607211
mh3078,101.03253,7.0208864,1700,-156.2444696567511,-42.70043961495598
mh3079,57.931072,3.5078216,700,-156.7468061203819,-41.97264849728701
mh3080,84.007965,5.61269,1300,-156.9056822169481,-42.21134767646742
mh3081,99.48731,6.780743,700,-156.8208509790455,-42.34394957800635
mh3082,115.50199,6.096025,800,-157.3985621490127,-41.02798027734113
mh3083,116.95455,4.883408,1400,-155.8919709143458,-38.74719770391512
mh3084,97.459595,4.7726674,900,-156.0830460651231,-40.17626243355271
mh3085,73.63411,3.268344,900,-152.785926549255,-38.94759979529502
mh3086,81.08982,3.4795442,1200,-151.778028854484,-38.18194109103912
mh3087,116.04168,4.838379,400,-153.3709303935867,-36.6987918613142
mh3088,143.53276,5.934767,600,-153.6925551626093,-36.34174367411705
mh3089,84.67977,4.456833,800,-153.2477043484851,-36.22823660144864
mh3090,74.455765,4.7710633,600,-153.0905941642182,-36.32477889276776
mh3091,138.58907,2.5717742,700,-153.1244100934406,-37.26974142492799
mh3092,74.37975,4.0480337,800,-152.7851853860853,-37.47554129524309
mh3093,62.07736,3.6687589,400,-150.8147713093288,-40.73845811274295
mh3094,80.85889,3.8654475,900,-152.2121690044964,-37.07305114021846
mh3095,64.13946,2.7301853,400,-152.3851561905466,-41.52006302828192
mh3096,119.950516,7.926258,800,-152.1110757626874,-45.29098434526427
mh3097,87.36408,6.2016373,600,-152.0542776362048,-44.83097961825207
mh3098,68.00957,4.829511,1000,-151.8102868720757,-44.70528845618724
mh3099,71.516266,5.0957437,1200,-151.6982030016481,-44.82581390464431
mh3100,129.72858,6.900505,700,-152.5882437358304,-32.0131628864323
mh3101,200.6154,8.398239,1000,-152.4537050012117,-32.19316268455496
mh3102,83.94245,3.3819048,900,-152.1971670898862,-31.44930247499272
mh3103,80.04194,5.5928802,1300,-153.6289426489155,-31.45196364106037
mh3104,223.73035,11.682018,1500,-151.0302024547212,-30.95477300846045
mh3105,166.85258,9.284784,1400,-151.0465277495038,-31.13677847598484
mh3106,249.32184,15.896511,1200,-150.258210806028,-30.96624182915587
mh3107,126.03186,5.3715487,900,-153.5611715636706,-32.11906372191946
mh3108,75.607895,4.357841,500,-154.2653173830326,-31.493678754147
mh3109,159.52211,8.95638,800,-151.2172864667638,-31.07347722564873
mh3110,78.78593,5.2066083,400,-151.1270058507417,-33.76228037513042
mh3111,160.4415,5.174859,1100,-150.1262143764431,-35.50811980816768
mh3112,61.469986,3.9182956,800,-150.5294295618865,-35.31018678416198
mh3113,111.25653,3.3771338,1000,-150.6477282403177,-35.50471391274242
mh3114,71.22633,3.1207695,600,-151.0575800953489,-35.49616499384889
mh3115,103.35343,6.335801,1200,-160.6134560140753,-32.21937924059697
mh3116,67.492325,3.6641467,1200,-160.2958827665891,-33.78376900189338
mh3117,125.710075,6.9025793,800,-160.7382865694777,-32.31596102688303
mh3118,104.50629,7.745074,1000,-159.006804475393,-32.14523101828269
mh3119,128.19676,8.281634,600,-158.2568924376422,-32.86917817418546
mh3120,90.17147,7.3955917,400,-157.5074263564449,-32.85412011913991
mh3121,129.79085,5.5184536,800,-158.7452483884062,-32.58857458830207
mh3122,92.22235,5.8097286,1100,-158.873678713771,-32.7513780060009
mh3123,158.33017,10.2938385,900,-158.8552710585928,-32.21834673938348
mh3124,104.330734,5.881588,900,-158.9457137685626,-32.27898861591688
mh3125,93.15296,4.5706697,400,-158.5843317985809,-32.87323275085853
mh3126,121.941315,7.002729,800,-159.1586343684001,-32.86957749374172
mh3127,111.38973,6.572994,900,-159.0252596011678,-32.96501696052327
mh3128,67.41052,3.6849208,900,-158.722758463643,-33.12176171462435
mh3129,128.9319,3.9364312,700,-159.9505686998153,-33.98100651059027
mh3130,95.49594,4.4526596,900,-161.2051486620289,-33.87651346411103
mh3131,120.18833,5.7194705,900,-159.561768060228,-32.84853144039506
mh3132,142.0936,9.37474,900,-159.7629899289171,-32.77906408450367
mh3133,131.32303,4.4320197,1000,-160.3612584060867,-32.48199395482978
mh3134,90.85486,7.427915,1000,-160.9717885886594,-30.97907328523235
mh3135,131.71684,4.8258934,1200,-159.8624131505804,-30.97377467533758
mh3136,181.0828,13.062768,1600,-163.1909226930531,-31.75727497360343
mh3137,57.413105,3.6702712,800,-162.8488354052238,-32.79712874396379
mh3138,121.58116,8.753096,1000,-161.9148749978477,-32.81208486070046
mh3139,132.51642,8.018009,1300,-161.879141605991,-33.00479794998923
mh3140,103.9923,4.8626113,1100,-163.1143544812313,-31.14414533671117
mh3141,94.16537,4.3636456,1000,-161.3733066444074,-32.22947885789537
mh3142,134.98283,6.825507,1100,-164.3545151005935,-32.40416481545488
mh3143,78.695076,4.2012568,1000,-162.5087862501796,-34.29966653954007
mh3144,129.46037,7.4511023,1300,-161.6338618201538,-31.32967593882784
mh3145,68.4537,2.8378062,700,-156.9274265397902,-38.03450051164722
mh3146,105.394905,3.2669523,800,-152.3829773822526,-34.78061565709182
mh3147,81.37758,2.9320488,700,-151.715815224256,-36.98164435186988
mh3148,94.438286,3.4115822,1000,-151.5464598310863,-37.43792484097739
mh3149,70.022446,2.7783656,700,-151.8704916646387,-39.3161356744505
mh3150,57.859406,3.6275177,500,-154.3566828883176,-42.4113615103651
mh3151,82.82525,4.7212534,700,-153.2459797162238,-59.6777866453286
mh3152,62.668083,5.401281,500,-152.0777034859918,-58.91572256780709
mh3153,126.182976,10.668164,700,-152.6413657930572,-58.65122100312215
mh3154,107.95995,5.392094,500,-154.1837590576307,-59.00552624252058
mh3155,57.43446,4.491335,700,-153.3165374182493,-59.31219270264715
mh3156,73.6256,8.974613,600,-155.8415898802817,-59.15451314229649
mh3157,51.110607,3.5693436,800,-151.0224302706678,-59.01873297617059
mh3158,85.61852,2.9628808,500,-150.4497800862204,-58.67495901520701
mh3159,187.31218,14.592175,1100,-157.0011548720894,-60.10399852351392
mh3160,156.14662,10.377822,900,-157.0842257623864,-59.56748856932084
mh3161,194.78291,10.990638,1200,-156.3647420061951,-60.00525071463029
mh3162,206.55014,17.331207,900,-157.3537682276815,-59.68799590876278
mh3163,185.41187,14.028222,900,-156.6309365816444,-60.59840081052428
mh3164,80.116325,5.823617,400,-154.8879742955054,-59.79946920769231
mh3165,63.026062,2.9054265,600,-150.2415049251222,-57.60486998844057
mh3166,109.86551,10.16143,800,-150.1640080447604,-56.53379099734619
mh3167,108.36662,9.882771,600,-150.4232391478313,-56.40886488322307
mh3168,104.776855,5.334428,1000,-150.3964132194835,-55.29624549788817
mh3169,57.554813,3.7569146,800,-151.0906089178722,-55.15141631301808
mh3170,69.53959,4.6604915,900,-153.2083584648809,-55.03159757907954
mh3171,76.78989,6.935869,700,-150.6921115857377,-57.03849001002623
mh3172,121.675995,7.979074,800,-151.036181589514,-55.88281079917413
mh3173,90.1264,5.826529,900,-154.4792446078332,-56.53789284865638
mh3174,84.69244,4.6050453,800,-151.8041234702264,-56.99891955948845
mh3175,177.39746,15.827559,1100,-152.1212815194064,-56.10750742760088
mh3176,106.2647,8.897644,800,-155.9754865641706,-55.88570921678807
mh3177,153.8686,10.6697035,700,-154.0153289873425,-56.27602551815529
mh3178,63.428745,5.1689577,700,-155.2761937066969,-54.81560307661504
mh3179,73.6437,5.2643557,800,-155.0047943007248,-57.90329372856298
mh3180,44.363075,5.884114,500,-156.2248195852985,-58.34887664129891
mh3181,96.667076,7.0465875,800,-157.5394806095073,-56.79963394219564
mh3182,137.79982,9.0283575,700,-157.6473227330632,-55.63799695966662
mh3183,112.28414,6.5394807,700,-157.2241838965347,-57.16189420191198
mh3184,145.40718,9.933121,900,-157.4616865484952,-55.5195455890115
mh3185,81.78316,6.743608,1000,-157.1224870004048,-55.59423959556533
mh3186,93.70097,3.8884428,800,-156.3272899562023,-53.11384251353648
mh3187,149.1515,8.460844,600,-157.1313245593453,-52.55635958998919
mh3188,140.97333,8.330885,800,-157.0820368600169,-52.93773066477232
mh3189,72.117485,5.1683455,1000,-156.744695663484,-53.49575671591607
mh3190,71.147064,4.849148,700,-156.7264204616932,-53.58196577525217
mh3191,41.993847,3.0774827,700,-154.5267753268888,-47.87233881171764
mh3192,62.53307,2.847306,700,-156.9999617889729,-49.11584702680033
mh3193,54.054813,2.6255739,700,-156.7575364442222,-48.9506442192319
mh3194,126.541504,5.7688775,600,-154.3438400198453,-32.84185558334332
mh3195,94.683334,3.253362,500,-155.2783369548434,-34.26944381499551
mh3196,97.64383,2.9959304,600,-152.1430840098182,-35.35514635683353
mh3197,59.18093,3.5630567,500,-153.3368145441476,-37.50897881552518
mh3198,66.740524,2.7226124,700,-153.3017363344796,-37.70287072216908
mh3199,153.08026,5.212082,600,-155.2661140769781,-38.33356811075578
mh3200,191.97208,4.9285913,800,-155.3414883572692,-38.17764061798363
mh3201,60.69321,3.5380418,600,-156.2703988142955,-41.18580505741904
mh3202,53.162937,3.377508,800,-156.654486981436,-42.10640340903705
mh3203,143.84477,6.5459194,900,-156.8085818774599,-41.21158519793465
mh3204,202.0589,6.275001,800,-156.8977637721954,-41.11352012812593
mh3205,43.994778,2.7004914,1000,-157.0951399720431,-38.8171408438823
mh3206,118.71152,4.0897255,1200,-155.4359706882661,-38.82497236128978
mh3207,148.56984,6.832449,900,-156.6715440031381,-42.95050829588148
mh3208,70.69823,3.3180811,700,-167.7695591930647,-35.09856774676732
mh3209,95.22918,3.57928,1000,-167.2737839063026,-35.22930297911628
mh3210,101.1813,3.8182762,1000,-167.772895069964,-35.61664880626832
mh3211,329.54584,9.449748,1000,-171.2735178267737,-37.13641874659695
mh3212,78.73091,5.224402,1200,-171.2357104639488,-37.38644106755629
mh3213,218.65128,8.316355,1300,-170.2220393812932,-35.97293587300817
mh3214,68.07327,2.991548,800,-169.9744521966218,-38.0604816343069
mh3215,94.08718,9.069522,500,-170.8589636652629,-39.14349146446926
mh3216,76.93919,5.697435,1100,-170.5326103809165,-37.02730420111034
mh3217,106.768555,5.472715,1300,-170.4424413356691,-36.72878251828815
mh3218,56.176277,3.125778,800,-174.3305259901973,-37.89795226787659
mh3219,36.02001,4.6135306,700,-172.7830801330927,-36.14272527324707
mh3220,81.894104,3.6332898,1000,-172.5655938746085,-35.31264554523211
mh3221,64.367134,4.965693,800,-172.4098703343757,-35.11268198810055
mh3222,141.10942,3.152454,1000,-177.4191569617335,-34.13795091001745
mh3223,152.87466,10.165379,1300,-176.7509790273509,-34.68279509627657
mh3224,105.964455,6.5067296,400,-150.0853627338114,-59.23058861061172
mh3225,97.96978,7.918662,600,-152.4461212899823,-59.27699494665234
mh3226,68.84407,7.7340403,800,-156.160651038659,-57.84107140073222
mh3227,146.94843,10.790984,800,-156.5078501222461,-58.16411312566658
mh3228,138.2557,5.418584,900,-160.2933057574204,-55.51296112214775
mh3229,45.39666,3.485838,900,-161.4198274768336,-55.06538399920271
mh3230,128.6217,9.201653,400,-161.413796905061,-54.69861012070042
mh3231,174.12985,6.6296315,900,-158.0339733445485,-52.26827279599817
mh3232,220.1451,10.8067045,900,-157.8354023040716,-51.98617086103959
mh3233,126.40504,6.660211,900,-159.2911601152896,-53.86773538460618
mh3234,182.01556,10.313149,1400,-161.1562785446432,-51.76864071793888
mh3235,164.85672,9.545518,1200,-161.9519665523985,-55.43970334940871
mh3236,168.67688,12.081349,1200,-162.7291224439243,-54.82035007391799
mh3237,95.49631,6.666166,1500,-171.2900721071713,-50.5077677852294
mh3238,64.36134,3.7454598,800,-161.1873194618717,-49.28230282615061
mh3239,105.79017,3.7664387,700,-159.2931805248151,-49.09374041842587
mh3240,59.78939,4.9668174,900,-160.352243934388,-48.72044608386294
mh3241,42.918663,2.33418,700,-156.9325701746036,-47.72644577049414
mh3242,158.36021,5.0376477,900,-160.8525499460364,-48.66087620740109
mh3243,57.63354,4.3061805,1100,-163.1257677955035,-43.44416816779005
mh3244,30.98547,2.8848608,900,-162.5663407944375,-45.76624018334643
mh3245,67.276596,4.1306505,500,-161.6588769939511,-46.63066993316458
mh3246,55.370186,5.092052,600,-163.1833606225682,-46.31697809221206
mh3247,103.51921,4.317555,700,-164.9981259056983,-45.08113364237466
mh3248,71.67553,6.3131757,700,-164.5103395260096,-45.17214676567779
mh3249,1114.3429,10.894464,400,-172.1663387879548,-44.06407339102156
mh3250,35.64837,9.057874,600,-172.6477983040812,-43.15877838386067
mh3251,109.299034,6.347173,800,-154.576547794252,-49.01012187435427
mh3252,124.157974,8.770356,900,-162.3685791998084,-60.79874378442169
mh3253,297.995,19.888103,1300,-160.9813353156925,-60.62890087537301
mh3254,272.20334,20.053242,1400,-161.1343629372507,-60.29668689803422
mh3255,92.90447,6.890219,1100,-163.2577851217652,-60.62031695159743
mh3256,73.964584,5.900435,1000,-159.0849369706433,-58.76088833492264
mh3257,226.34409,12.43901,800,-170.3791182167716,-66.17039701085167
mh3258,187.94035,12.934007,400,-171.1652292815544,-63.98864055715082
mh3259,167.68727,8.694608,700,-172.9818576700151,-63.85864646455965
mh3260,228.62952,12.808517,1000,-178.8622030099073,-64.79357925872881
mh3261,116.26483,11.731822,700,-175.250590855054,-65.1379562800704
mh3262,180.4081,8.294036,800,-171.5259644202529,-63.45301910451824
mh3263,136.64171,6.454795,600,-169.6277025021818,-63.01344163551033
mh3264,152.16486,8.357972,500,-168.5731409187767,-63.25164139293695
mh3265,101.207535,6.743962,700,-171.4515471990856,-63.61490445840759
mh3266,133.31564,8.162877,800,-172.8310230293181,-63.91149388747632
mh3267,109.26646,7.529518,600,-164.5828868560681,-65.20711236044245
mh3268,159.98723,11.193331,1200,-176.2507985593287,-60.57208504049814
mh3269,134.06671,12.215586,1500,-176.5404867337055,-60.75494788040077
mh3270,154.44559,10.151721,900,-176.909383306874,-60.45713039311172
mh3271,181.31335,11.048443,1700,-175.2626634804593,-60.52588641798472
mh3272,129.47159,8.9261465,1000,-176.4902815530682,-61.02006386098516
mh3273,111.489815,8.691609,1400,-178.8495542811076,-63.61466340376489
mh3274,255.38799,22.091553,600,-177.9944761959318,-64.9063491259904
mh3275,113.57237,9.399541,900,-175.3005692869853,-63.81232903804883
mh3276,195.81342,13.616776,900,-175.540841237242,-64.16367152807595
mh3277,82.02115,5.874389,500,-174.1526997970593,-64.2303844515336
mh3278,106.384514,5.1918635,500,-173.8217754171068,-63.98896586142357
mh3279,241.80533,9.483324,600,-172.5166792677653,-61.6133716578488
mh3280,114.46624,8.914918,900,-169.2830094174884,-61.70225770545582
mh3281,222.3795,8.264876,700,-169.4656061968578,-61.62448403479599
mh3282,512.0048,28.75118,700,-168.5869686097155,-61.71210993218467
mh3283,114.83779,9.996767,700,-166.7755127080351,-61.69451572196295
mh3284,355.83087,25.384491,700,-168.1390184494677,-61.66887144236742
mh3285,547.6721,24.088375,700,-168.1429726495685,-61.83493425062299
mh3286,382.90967,20.470182,700,-167.9208481158857,-61.86153846997271
mh3287,144.50807,8.429765,900,-167.8209480011367,-61.96036256152125
mh3288,124.993385,6.15992,700,-162.5290073206552,-62.58987988334871
mh3289,242.10213,9.061102,1000,-163.8823238669906,-62.81010619347217
mh3290,195.93721,8.96607,900,-164.1731079204029,-62.76736733807552
mh3291,206.06981,13.655294,700,-164.3517132061755,-62.75482881548891
mh3292,263.10666,10.907429,900,-162.1480608362447,-62.14661628880999
mh3293,208.92715,9.606656,600,-164.8127976277543,-63.49137668903457
mh3294,216.57741,9.824008,800,-164.6450338924781,-63.56174533235045
mh3295,119.68629,8.695764,1300,-168.0119596292329,-60.73947363841623
mh3296,352.20636,15.891395,600,-164.0466308674112,-63.2620673652458
mh3297,64.32026,7.286627,600,-165.5333380646463,-62.15920127298478
mh3298,129.40825,8.1963005,600,-164.3838453474181,-61.72766987897411
mh3299,58.748566,3.1864102,600,-151.9894721416793,-61.45800123011595
mh3300,74.84632,4.045526,600,-151.3796764945566,-60.52627769688615
mh3301,137.5991,5.4069576,800,-153.3085302950568,-60.74386908266438
mh3302,101.92151,5.952723,600,-153.2796401855955,-60.83687772874616
mh3303,116.99871,9.120143,500,-155.0580602690252,-62.07180755077424
mh3304,127.320625,10.49502,500,-155.1311794206101,-60.80235705970011
mh3305,205.96466,15.539862,800,-150.5542096676592,-61.66200810592404
mh3306,144.74606,9.627288,700,-155.559087989231,-60.63073819529117
mh3307,102.397125,8.72311,800,-156.200090698846,-60.62943897954878
mh3308,275.42117,22.960957,800,-156.5533617935248,-60.70296386257404
mh3309,297.7892,24.678137,400,-157.1354557416969,-60.66211230338572
mh3310,146.81287,12.626293,1200,-157.5419097668873,-60.79570107964458
mh3311,129.79193,12.821071,1000,-157.8121258961604,-60.74914243347257
mh3312,74.09543,3.9321427,1000,-155.8194696941557,-62.82209783512473
mh3313,116.11697,12.590373,800,-157.6868798191489,-61.38774800228128
mh3314,207.5363,11.262653,700,-156.7663984030463,-63.71468756474134
mh3315,89.898186,4.8818784,900,-155.0187502416715,-63.46848977292798
mh3316,82.39126,5.0919905,600,-155.2107145700274,-63.33083085096376
mh3317,189.24252,11.922717,800,-151.0412922615483,-63.41439550428628
mh3318,336.77478,20.792702,1000,-152.0665174160565,-62.55287435994839
mh3319,175.77478,13.078275,700,-150.3389647054094,-61.85439658503698
mh3320,114.75925,7.165396,900,-152.1424543359364,-62.97634385341318
mh3321,65.28345,7.3436046,900,-151.7594525357611,-63.17440754700071
mh3322,212.95996,16.813892,900,-151.9880228076107,-64.19692091449126
mh3323,154.59471,11.056456,1000,-153.0208142321431,-63.76933571149534
mh3324,190.13548,14.014016,800,-152.7830557709144,-64.08770132118335
mh3325,115.77962,7.951539,800,-152.7566402899458,-63.22760538378736
mh3326,205.03876,14.453203,700,-158.488141803549,-62.51303689743127
mh3327,159.79521,10.915078,800,-151.1289966845205,-61.74587024140632
mh3328,162.96782,9.97741,900,-153.3352798183815,-62.12653026529696
mh3329,202.69722,9.215599,1000,-156.44598510483,-63.70077035748947
mh3330,174.85649,9.767007,900,-160.1758100967627,-62.62694376686757
mh3331,177.0621,11.27746,700,-160.0433766058319,-62.68610801509918
mh3332,130.73955,11.193332,1000,-157.7671069690736,-63.52725690582852
mh3333,109.41758,8.31013,800,-158.6920622169834,-63.01374395806664
mh3334,136.15904,10.881038,800,-160.0543563992456,-62.91567327534036
mh3335,31.484436,6.0585136,1300,-164.9802213899224,-73.49850468188643
mh3336,38.32789,8.808843,1500,-163.7593904227992,-73.03856503904551
mh3337,39.121853,6.93514,1200,-167.1749517054916,-73.27300136597646
mh3338,13.55913,4.27267,900,-159.6041651236764,-72.15970655023384
mh3339,22.999846,4.7076573,1000,-172.0857080492505,-70.56085269568722
mh3340,135.7187,11.7660055,1100,-170.0676108467345,-70.89454790133176
mh3341,93.525055,15.115286,1300,-168.9717130410642,-70.4826997056606
mh3342,190.69543,12.350767,600,-164.6143108915622,-67.70404311553341
mh3343,207.41234,15.118403,800,-164.9360374596669,-67.63337177912156
mh3344,140.47798,12.370276,1000,-164.4001993296654,-69.1158255540149
mh3345,113.23303,10.91918,1000,-163.522117066547,-69.14398239573877
mh3346,122.711754,9.255788,1200,-164.0324823000961,-69.77786155348502
mh3347,177.64197,13.4301605,900,-163.6799348804316,-69.59154786455701
mh3348,165.99455,13.269544,1000,-160.0940788424151,-69.45486461555454
mh3349,162.16191,14.272971,900,-160.0093675232282,-68.52611637114703
mh3350,220.94214,9.078937,900,-157.0039256270132,-68.50655911927825
mh3351,109.69955,9.741921,1100,-157.1422949539444,-68.25873595354632
mh3352,176.93814,21.613531,1100,-160.593942120976,-69.08527555073584
mh3353,313.79068,15.135724,1000,-157.8310036751554,-68.52038464347986
mh3354,34.625732,6.2253375,1200,-150.8486558402057,-68.1861813955874
mh3355,57.15937,10.018644,1000,-150.5799222741712,-68.34919740829314
mh3356,149.83743,8.644802,1100,-151.4396507003268,-65.34676529637576
mh3357,210.77496,14.50015,1100,-150.59726435389,-65.61420576338159
mh3358,194.9152,12.41514,800,-150.139628704667,-63.83636184490181
mh3359,121.43782,8.707401,500,-155.3372427790578,-62.20617382177749
mh3360,131.92787,6.613702,600,-156.116457229515,-62.19814131016535
mh3361,94.70415,7.354053,800,-153.8622057479505,-63.666047522581
mh3362,207.73846,18.038301,800,-157.1978737213488,-65.78704435815116
mh3363,281.87354,22.322933,1600,-160.5357141300485,-65.14914872996722
mh3364,195.8431,14.010646,1000,-159.1459930749425,-65.19963610596626
mh3365,238.72176,18.252874,1200,-162.0119638048918,-65.06595936544082
mh3366,250.213,18.149683,1000,-161.0499954604363,-65.19302058827607
mh3367,117.613144,9.346932,700,-164.6587444591509,-65.09878028085981
mh3368,419.78067,37.876945,1100,-161.8953524896052,-64.1841846994199
mh3369,265.52097,20.7757,900,-158.4818567882892,-65.4752085590383
mh3370,67.25813,5.768572,700,-164.9774583462692,-64.0927268464739
mh3371,185.8654,13.694105,1000,-165.0207069778809,-65.69518253203431
mh3372,287.94745,9.970454,1100,-165.580530350268,-65.52508383165659
mh3373,136.07071,6.9114437,400,-169.9780031923069,-65.88770102039523
mh3374,79.977875,6.297043,600,-168.101091201958,-64.32314101976769
mh3375,95.055435,6.0946255,600,-168.4831622413457,-64.76476476411027
mh3376,142.63075,8.140138,700,-168.9461363008358,-64.96062940899003
mh3377,136.90576,8.416773,1000,-169.3157544979222,-64.83342359666544
mh3378,163.54315,9.661256,700,-169.2221442809171,-64.90524513138777
mh3379,136.88477,8.713017,900,-170.7186483697127,-64.85180762220901
mh3380,171.91228,10.344239,1000,-172.4841932542783,-66.00845910551206
mh3381,177.90439,11.762024,900,-175.7484047365927,-64.87212168162624
mh3382,197.00662,18.702513,1000,-175.3792435434491,-66.25702439621172
mh3383,186.76036,13.420424,900,-176.1588784261323,-64.79503477151606
mh3384,349.88998,13.595951,800,-175.4958738132629,-66.48080131152399
mh3385,175.099,8.920291,700,-178.7189781747346,-65.1789031886301
mh3386,138.30042,11.727409,600,-176.5172281165983,-64.57643463087567
mh3387,223.61053,16.84641,1300,-173.1448695509966,-65.3336556072133
mh3388,558.0347,36.659046,800,-175.9497592198367,-66.87187789210213
mh3389,284.3061,28.496778,1300,-172.9533193578403,-66.93818682756829
mh3390,439.71414,31.603577,800,-176.3671239477788,-66.78923566596536
mh3391,376.87665,23.47379,900,-176.8082220847957,-66.65433072043842
mh3392,193.39333,18.901886,600,-175.917936521252,-65.47692213581162
mh3393,348.57043,20.003197,800,-177.9022807092697,-66.42869240746047
mh3394,279.61633,14.928981,800,-177.6707467999774,-66.25119144320172
mh3395,218.79968,11.630047,600,-178.2829393662907,-66.15933193194294
mh3396,161.53535,14.257715,1000,-177.6370240803915,-65.45212406024619
mh3397,228.97429,17.621109,500,-177.6976815888101,-65.58977482221307
mh3398,157.5201,13.484472,900,-177.8121094869252,-65.71433639555185
mh3399,289.51147,29.70454,600,-177.5827677183127,-66.486362085945
mh3400,262.9465,18.542465,1600,-176.6016135329041,-66.37571789115611
mh3401,237.3512,16.295345,800,-176.4655061996463,-65.73249767679692
mh3402,262.7161,18.896536,1200,-178.7542117198194,-62.92918410005857
mh3403,214.12729,17.578072,1400,-178.0509386023635,-64.09007915175086
mh3404,138.96533,12.453224,1100,-177.5473020067991,-64.1863449489031
mh3405,169.70123,12.843042,800,-175.4448548531385,-63.65859733395813
mh3406,140.0943,11.627276,1500,-176.7016796441074,-63.71882909135346
mh3407,143.85345,12.878079,900,-174.4745874781806,-63.89277219035648
mh3408,117.43596,9.522002,700,-174.4155932492667,-63.99944911552778
mh3409,108.44173,7.08424,500,-174.1784549965104,-64.00493167757269
mh3410,116.76434,10.92472,800,-175.0970987578959,-63.6934772670763
mh3411,115.04194,11.151928,1000,-174.8676728770517,-63.70330930249222
mh3412,266.67615,20.822378,1600,-175.8400257072579,-63.88111721395988
mh3413,360.9045,25.880972,1000,-165.8705057862465,-66.65847799421766
mh3414,184.99399,14.658312,1400,-167.5387632656806,-66.64777023769983
mh3415,187.49243,12.148231,800,-168.6874183490989,-65.71363682875426
mh3416,184.14807,13.284608,1200,-167.6774552857446,-66.2934850114193
mh3417,179.37198,13.833129,1500,-164.6959054431935,-69.21113781062735
mh3418,151.84778,11.004338,800,-166.0215594537051,-68.00868560399076
mh3419,197.37384,13.266004,1100,-168.2743660611246,-67.96401343053178
mh3420,197.33167,14.513721,1200,-167.8862470449679,-68.07963675917853
mh3421,308.7726,17.970806,800,-168.9569768485224,-68.12596408809948
mh3422,42.4825,11.646076,1100,-168.690680474405,-69.82772214422448
mh3423,118.58338,11.619216,1000,-167.616260006875,-69.54220118085432
mh3424,56.323055,8.513529,800,-170.1487934884002,-69.53262036619931
mh3425,139.68039,14.1834955,1100,-154.9274283641192,-66.88339630965841
mh3426,107.58985,8.721305,700,-157.2249212729621,-66.60343756536993
mh3427,228.91908,17.932146,1000,-155.2238550109538,-66.76771175795088
mh3428,82.33353,11.63341,1200,-153.4571827154304,-68.67339685890597
mh3429,187.52066,11.259348,1500,-171.6225893131308,-67.7754790111308
mh3430,514.69257,27.933813,1100,-172.2252299213178,-67.73652983028019
mh3434,361.7154,10.494453,2200,-123.9688297374874,78.57241865361682
mh3435,107.640884,14.033988,900,-126.1490073721562,78.89201305190896
mh3436,34.231373,4.662128,1100,-139.2405681613425,56.22617602813035
mh3437,17.117226,5.5077763,700,-141.2207807274031,55.84793078372793
mh3438,44.72341,6.613513,1300,-143.6340258673978,56.32487665038131
mh3439,25.809763,3.4777334,1200,-142.8160662205691,56.7946264853921
mh3440,44.625317,9.885828,800,-144.5743766204446,56.36654456909615
mh3441,92.040825,9.524457,800,-142.150801744342,56.09028824758582
mh3442,27.991858,5.863546,1000,-143.4807706580921,56.91540451057777
mh3443,57.94537,5.9662566,500,-141.8745756172802,56.1272637137289
mh3444,47.9447,7.1047926,600,-142.2829812432493,56.43156973747177
mh3445,64.68277,7.607956,600,-141.8172308561349,55.14101486607254
mh3446,30.110607,3.6093519,700,-141.6175786727093,54.50517433982827
mh3447,42.028957,3.5250654,800,-141.2923190496918,54.45889380953405
mh3448,42.92174,3.2337017,700,-141.0170006482342,54.41766473631692
mh3449,66.58379,3.3735828,400,-138.6974249505525,54.49402078594305
mh3450,43.583225,3.8812296,700,-139.6914296787651,54.85379494452749
mh3451,55.613968,4.257677,600,-139.7913930734342,54.89073321880817
mh3452,41.231915,2.4990559,800,-139.0055265586556,54.67558938761391
mh3453,24.065826,3.3609438,600,-139.5407065170323,53.13783179377224
mh3454,47.992477,5.0030036,1000,-138.9506880663199,55.30234772117439
mh3455,63.99594,4.7196307,1100,-139.376896953145,55.3657744276571
mh3456,50.479527,2.2831342,600,-138.2376530544026,53.1988148385964
mh3457,70.27292,5.281259,600,-140.8297822901697,55.00162935272434
mh3458,96.57115,3.6584544,900,-140.4983973995984,54.48494559276672
mh3459,68.55866,4.4461584,600,-140.7168903115781,54.50939604409047
mh3460,73.95191,6.295108,600,-140.6325507194134,54.99263475439844
mh3461,27.235535,3.439045,700,-141.2368604308272,53.45458138589471
mh3462,18.332697,3.6251805,600,-141.5311930825573,53.48770065968606
mh3463,10.49982,2.5012205,600,-141.8998996042348,53.46445080305225
mh3464,4.824603,2.0101545,600,-142.3271695401794,52.96969218662989
mh3465,10.185636,2.4134562,700,-142.1352126925739,53.47236259229156
mh3466,13.369461,2.3341532,800,-141.8766096461001,53.78019129436565
mh3467,21.618776,4.3477216,1000,-142.8669213248735,53.51453737534079
mh3468,13.4791355,4.535211,900,-142.6532112762183,53.52033199715421
mh3469,50.405502,7.8181877,1200,-143.4253305229419,53.87409871302852
mh3470,45.002663,3.648124,700,-144.8265790406073,52.44543945395871
mh3471,29.97469,4.360724,800,-143.3840214711541,54.71102804592021
mh3472,90.253456,12.196947,900,-142.6747255835942,55.05436563102511
mh3473,45.8169,3.599971,900,-143.0732940873581,54.21038771435951
mh3474,84.21863,8.963522,1000,-146.1427566771526,52.26925273811248
mh3475,51.020298,4.099337,800,-147.0187690008482,55.78234311921907
mh3476,22.221264,8.915249,700,-149.1334012212102,55.31568879485671
mh3477,102.60833,9.181538,800,-147.8238966161353,54.31621023287754
mh3478,151.65575,5.0221343,800,-148.2949602451359,53.56225642643084
mh3479,108.20736,5.3535533,900,-149.5526396896707,52.81569804679589
mh3480,95.93971,6.851676,1000,-149.5553087648524,52.50682212263704
mh3481,185.63266,7.281379,1000,-149.7353797724254,52.75022053059845
mh3482,51.305344,3.3525908,1000,-145.2386178070154,52.42932150307734
mh3483,55.421406,4.141582,700,-144.3655516032409,52.62446839611398
mh3484,64.86538,8.396608,600,-145.9440237111787,52.12199740226341
mh3485,57.81633,3.0973454,600,-146.572716682663,53.87386359846523
mh3486,32.376495,3.3360455,900,-144.3666398094362,54.8054553383267
mh3487,49.591812,3.9452324,700,-140.4062143920305,53.73778618867593
mh3488,63.647552,3.8321466,600,-146.651808599334,49.66944076433472
mh3489,76.3539,5.469582,900,-148.9634812802558,49.80832405596586
mh3490,70.01738,2.4880137,700,-149.2406512811912,49.62988434986816
mh3491,108.65619,6.5792933,800,-147.9581020648045,51.39106717764165
mh3492,120.38705,5.266947,1000,-149.8258778993292,51.0312475179383
mh3493,112.72212,5.2817926,700,-147.4773833750356,49.58681142936963
mh3494,102.120224,7.9907494,600,-146.6856414324368,51.47382456622694
mh3495,93.812454,4.4311423,400,-146.6431376477423,51.33738117946285
mh3496,48.781376,3.2668197,900,-144.7073983921662,49.27120822594809
mh3497,65.398,3.543859,900,-144.8572484037668,49.28039016359103
mh3498,30.252134,5.633888,900,-145.4785723975389,50.02745938495106
mh3499,96.67015,3.669062,600,-146.1612795728095,49.46222611535487
mh3500,48.359688,3.012847,700,-145.9737138142803,50.66356636990371
mh3501,36.3389,3.531249,600,-144.5230136198027,48.76574865734989
mh3502,32.8865,5.371012,900,-146.4179231774633,50.39393316087688
mh3503,33.405193,3.1540296,700,-145.3868769644458,49.73374329324071
mh3504,190.55826,12.467038,1000,-144.5047234925208,47.58757034996776
mh3505,14.574798,3.3470945,800,-144.1803873527509,47.91377646564094
mh3506,48.45814,2.388361,800,-145.5347293049811,48.00825459724207
mh3507,26.199959,2.5961833,900,-143.059874253426,48.23481802419521
mh3508,29.44025,2.80252,900,-143.3818081952759,48.28406884039354
mh3509,29.96926,5.571682,800,-142.5247902942971,49.30129442153716
mh3510,15.448576,3.2503476,700,-141.5895967963546,49.52986025571447
mh3511,138.51414,9.086351,1300,-142.7343524260498,50.95793989452707
mh3512,39.188274,3.4786997,900,-141.6268153826657,51.32341257089603
mh3513,83.75296,7.017961,1000,-142.5586102642345,51.0298563176367
mh3514,63.023167,5.874318,700,-143.6689683043895,50.42630809844241
mh3515,34.4947,4.5624766,600,-143.7089138278359,50.23617532361985
mh3516,49.555252,5.522749,1000,-140.6877291309372,51.55169239643958
mh3517,46.954006,8.154159,900,-139.5227727861045,51.5060816330087
mh3518,21.364677,3.808343,900,-139.357782073115,49.64492749157278
mh3519,22.365143,3.1963825,900,-139.1516649769853,49.60541659735886
mh3520,32.423008,5.674994,700,-140.3637167312758,50.00817225726883
mh3521,62.497597,7.1221995,1200,-141.364008122031,51.54496344565736
mh3522,31.849113,2.1656346,800,-136.2381622947592,51.04134417715207
mh3523,33.46745,3.7918563,600,-137.812872665606,49.99050647461443
mh3524,28.360878,3.738313,600,-137.1716181440732,50.27982578378165
mh3525,23.80105,2.508887,700,-137.1879930930027,51.6727653306949
mh3526,24.32264,3.5136673,700,-136.5442296761842,52.07764025692671
mh3527,26.929316,2.9848185,900,-135.8710633004877,50.57211783443506
mh3528,119.93206,7.06041,600,-131.774038616194,51.05035210436867
mh3529,74.1709,6.564312,600,-131.6800067496264,50.42277023025049
mh3530,236.67703,12.100976,700,-130.971242814942,50.43585481545515
mh3531,66.52299,2.9696949,600,-132.7349523666677,51.10323513265862
mh3532,68.61061,5.7402606,800,-132.459895955978,50.44902375667926
mh3533,82.628525,5.2583923,700,-132.6164517455202,50.55298650176015
mh3534,100.98384,7.2870536,1000,-132.8082250591498,50.21539114697892
mh3535,59.26925,3.1819832,700,-132.7021328659828,51.37311161237554
mh3536,77.282875,7.8414025,800,-131.7254125719976,50.27576552722914
mh3537,85.63752,4.6695857,500,-133.5822540413184,50.39830726994474
mh3538,86.17413,9.596614,1000,-132.8543474441071,50.07347278832491
mh3539,144.03806,8.644082,1000,-132.9468532622235,49.27223243900345
mh3540,62.75821,6.001879,800,-133.3130395936946,49.35295256033824
mh3541,73.9159,5.1105924,700,-133.4268623025086,49.66520270817531
mh3542,221.61702,5.8197465,800,-132.4462724847996,49.09941414141576
mh3543,78.594086,7.0644684,700,-133.4908584971507,49.21821544071983
mh3544,22.689281,3.3878438,900,-134.8868189537027,50.42971386059363
mh3545,33.851856,3.6624422,700,-134.1166968236269,50.50971431492844
mh3546,79.8662,4.0352664,700,-132.9805157508748,50.63668373922281
mh3547,46.12131,4.8647537,500,-134.3675134002102,50.87756026550466
mh3548,69.62465,5.1370063,800,-133.9100236202158,51.19751892598588
mh3549,76.673874,5.2781606,600,-134.5461576325188,50.88928513974805
mh3550,106.41129,4.7888947,1000,-133.765625031464,49.96472597601278
mh3551,72.91471,4.7320633,1500,-133.1995608920909,52.3219937479324
mh3552,136.83646,8.246772,600,-134.3077177649881,52.3238103240131
mh3553,79.75219,5.2123137,800,-132.9139059037009,51.54631798238745
mh3554,73.40589,4.1329217,600,-132.6281514260961,52.10430916721563
mh3555,98.15963,4.4728236,600,-133.3564511607943,51.61979399505633
mh3556,115.598274,4.6769605,800,-134.869260806485,52.37414208663552
mh3557,79.20309,5.7941866,1100,-134.0629305613948,52.66872702994011
mh3558,963.4161,46.43289,1200,-131.5611269353659,52.13125059582509
mh3559,396.73828,22.43446,600,-131.6572646041555,52.00318741428239
mh3560,906.48413,26.951038,1500,-133.2812851470212,53.28747247804524
mh3561,110.41207,5.0020137,600,-134.6872762245963,52.54989950091741
mh3562,218.30507,8.12249,800,-135.13439423811,52.84871396586049
mh3563,810.5498,25.858187,800,-133.4585177099634,53.39379147143704
mh3564,165.50174,6.6816077,900,-136.3014805993677,54.10847698213992
mh3565,42.72791,5.3888764,700,-137.4109402434419,54.57797839862099
mh3566,679.3379,16.324896,800,-134.3937173846113,54.4052672144008
mh3567,162.19919,13.709528,700,-134.7651179796787,54.53449849970335
mh3568,143.0195,5.0575876,1500,-145.504120734529,57.91423555601768
mh3569,1001.38043,27.555532,700,-146.0955015103414,58.94203377651394
mh3570,1028.321,22.126795,700,-146.2520662658059,58.86660756391113
mh3571,258.72238,16.139753,800,-147.1891089013192,58.74858437638429
mh3572,63.11619,3.618109,800,-146.9538080823521,53.29903139349353
mh3573,24.186178,4.8555646,800,-142.5736650720034,49.79470432456488
mh3574,27.323492,5.797855,500,-142.8666725660001,49.84070155250995
mh3575,42.09556,2.851754,700,-143.4882235792541,49.57810914594707
mh3576,32.767414,3.0030985,700,-144.3379037031365,49.21438607220327
mh3577,129.66162,4.9915,800,-149.8706688405637,48.06631167827103
mh3578,85.467766,4.890778,900,-149.2286981845567,47.98737413442613
mh3579,43.529293,2.7580411,1000,-144.5729921212835,46.83984144123491
mh3580,38.35576,2.3476605,400,-145.5591869462114,46.37078895362395
mh3581,11.059414,2.2366498,900,-138.5826123355227,45.62857650226511
mh3582,36.054398,4.18144,700,-143.6680382144115,50.0342131578773
mh3583,83.587006,3.2220187,600,-140.9049259442054,41.2455485841799
mh3584,51.5037,3.0965786,900,-141.6646514017645,41.32803116629831
mh3585,54.720825,2.7920642,700,-141.858321750676,41.79716090984066
mh3586,49.574436,2.7238183,700,-141.380407804078,42.119859196959
mh3587,65.63582,3.0942624,800,-142.4948153949071,42.2787998704065
mh3588,83.279335,2.9837596,900,-141.5646205052163,42.35431628554894
mh3589,59.904133,2.9343624,600,-141.1420311895428,42.76343711141639
mh3590,126.83541,4.7861285,900,-140.3358508772637,41.29597072137167
mh3591,90.71803,3.6623907,900,-147.2879914156372,41.4631309416513
mh3592,76.242775,3.417228,700,-145.5485053512737,41.82079399360595
mh3593,76.03284,3.8433862,800,-147.6203204078103,41.43873618697062
mh3594,64.49201,3.271315,500,-147.8773933481469,41.09468334850268
mh3595,84.095924,2.762435,800,-148.1483263005324,41.08093601213098
mh3596,58.698795,3.1761618,900,-148.3029182658518,43.05509362512073
mh3597,36.8547,3.6286652,800,-148.8977141694864,43.30168125779548
mh3598,80.02963,3.091849,800,-149.303986700389,41.21719450816952
mh3599,97.52547,3.974435,1000,-144.6941468535778,43.01544842073378
mh3600,72.46822,3.967572,1000,-147.3412223703871,42.7634952199851
mh3601,83.34593,4.7636003,800,-145.4874705088241,41.53003581348296
mh3602,30.002018,2.2262056,900,-149.3810924815718,44.04360165199267
mh3603,55.263046,3.9247642,600,-144.1682840244133,43.77709138524759
mh3604,118.70681,5.489995,900,-144.532560037907,43.01117104560645
mh3605,59.983402,3.5435627,900,-144.892992955036,45.28672891888765
mh3606,37.944206,2.2908924,900,-142.4662427036037,45.13751631662351
mh3607,140.39761,8.380288,900,-142.2980970431697,44.64249888098718
mh3608,34.117172,3.0399704,1000,-140.3083616212174,44.1947772774384
mh3609,67.18248,4.8416386,700,-140.7900776764613,43.92805484920257
mh3610,122.6247,6.442094,1300,-143.5577175722317,43.1453504753967
mh3611,45.44046,4.202951,700,-143.5233203315909,48.81531247419662
mh3612,18.22085,2.5984883,800,-135.667289602905,46.73840708012411
mh3613,28.571722,3.1686952,800,-135.7751080293225,47.83230313547647
mh3614,35.384045,3.5500994,700,-137.437564519783,45.81555039218617
mh3615,21.766638,6.1443043,700,-137.6864473102569,45.6995240901
mh3616,18.946947,3.913446,800,-137.4808042642666,45.09324794325619
mh3617,45.76333,3.2435718,1000,-136.5726567702862,42.80481216824446
mh3618,52.76749,4.9089546,800,-137.1206142368522,41.95867334798546
mh3619,138.72011,6.707038,800,-136.1788695253729,41.96058558194508
mh3620,130.78696,9.262296,700,-135.6303399533484,42.01894504014104
mh3621,146.49254,8.745944,1100,-133.621613043591,41.82218384254734
mh3622,111.58537,6.0659237,900,-133.9581538912426,42.20295356361389
mh3623,67.41758,5.1974373,1000,-133.4870080703765,41.8917757917285
mh3624,264.51053,17.16361,700,-132.6235292543964,42.23131976923384
mh3625,27.10378,5.432149,1200,-132.7757766431101,42.68215330060049
mh3626,60.304825,7.3365464,900,-132.5101279777026,42.66987054632479
mh3627,74.56797,5.690826,800,-132.4049879279387,42.66339769099295
mh3628,64.55862,3.953804,800,-134.594335495949,40.78764589019704
mh3629,58.31711,3.017806,700,-131.9078710723205,41.02274151665168
mh3630,292.69913,18.451084,900,-129.6463164584693,40.6268695413353
mh3631,83.54049,5.205915,900,-131.461065143141,41.11411199225349
mh3632,51.03333,4.1682067,1000,-132.0819760706251,41.41200838543607
mh3633,148.13113,11.408766,1400,-130.2718268243562,41.14302890137321
mh3634,167.60185,8.928937,800,-130.5159058017177,41.04959624892815
mh3635,18.638916,13.360449,900,-129.1811334226337,40.46756625467373
mh3636,362.16412,20.1153,800,-127.7498802821325,41.51582511412288
mh3637,383.38168,19.741903,500,-127.8037241104168,41.42742747418412
mh3638,383.53696,18.757484,700,-127.8425042572334,41.31327738033935
mh3639,108.645515,9.909317,900,-127.9869838899561,42.29540139069549
mh3640,72.96991,5.9057527,500,-126.2093126171845,42.36461040578186
mh3641,90.21382,8.582549,2000,-126.0033142259369,41.53797303068401
mh3642,277.823,15.4787035,1500,-126.7066884481725,41.709719148981
mh3643,176.78665,14.274702,900,-126.4909750426955,41.7211986343081
mh3644,107.61283,18.11591,800,-127.6012814685369,43.63616936126338
mh3645,39.93808,7.796069,800,-127.0419664736053,44.00887462341099
mh3646,39.46608,6.724807,800,-126.2529731886118,43.39609392605865
mh3647,320.09067,22.68887,1200,-127.2213513745208,40.76756407833619
mh3648,69.32096,5.0688305,600,-132.1039730715351,47.00024429850176
mh3649,69.04695,9.6631975,600,-133.525557370773,48.0664182248195
mh3650,113.380165,11.0348015,700,-134.6074905018475,48.35050433678081
mh3651,45.011353,2.9388244,800,-133.6401252610806,46.46866237071084
mh3652,85.73905,4.8630233,500,-132.5808761117534,46.61372421421734
mh3653,84.050674,5.6612096,1000,-129.4334401272693,46.90429322959356
mh3654,58.78241,6.592963,700,-129.711121874841,47.45895073282459
mh3655,107.8501,8.102755,1300,-130.1214137444628,46.65469410592316
mh3656,30.683231,4.7524433,800,-130.6218142971758,48.20812586517836
mh3657,53.839085,5.283603,1300,-130.9727964434824,48.26665494208135
mh3658,13.08351,3.4560733,600,-128.0632501444761,47.27713782048183
mh3659,85.70575,6.033507,1100,-131.7480209445347,48.97921412079138
mh3660,90.07066,8.529609,600,-131.1694617459341,45.77053408170695
mh3661,72.310234,7.444506,500,-130.5192854529184,47.58286698344096
mh3662,131.97836,12.162578,1400,-131.6918493124257,47.62616076006736
mh3663,140.08109,9.133353,500,-130.2576785281231,46.67469499465824
mh3664,200.29234,16.099804,800,-129.9200751027323,44.58025109637806
mh3665,165.1472,7.3609,700,-129.8104565914626,45.49707114050238
mh3666,34.65704,5.7359905,800,-127.9162708145751,44.09501334944834
mh3667,137.68036,6.9406447,600,-131.45246465367,45.42643688286001
mh3668,129.05931,10.299659,900,-132.1887530014828,45.8353740081402
mh3669,68.220955,4.9204664,900,-132.3317447242828,45.29213282496454
mh3670,45.83735,3.1832206,700,-132.2502387629287,44.18540047344172
mh3671,52.04429,3.0448678,700,-133.6630766056778,44.93236519900487
mh3672,39.000416,4.2116814,800,-134.9994301970774,44.56472364877426
mh3673,45.74161,2.8983164,700,-134.7553750034775,44.98645452446076
mh3674,32.2784,3.508092,500,-134.9204270541936,44.66529926643641
mh3675,50.07467,3.3616998,800,-133.3531527976361,44.55252635732505
mh3676,29.645123,3.6670315,600,-132.0546744683922,43.8799065094042
mh3677,44.19947,3.618841,700,-131.259827600384,43.76235650305193
mh3678,141.3637,9.457971,800,-132.345890656756,41.80039308721912
mh3679,63.289574,4.114923,900,-134.0810825630006,40.69068201352552
mh3680,150.1451,10.181858,700,-132.165527203448,41.80058977027557
mh3681,60.49956,3.5851705,900,-137.3554659171826,40.48656145102096
mh3682,204.43301,11.769472,1100,-136.1650924434772,39.87685222610226
mh3683,83.56999,3.6160986,600,-138.905812045894,41.81970203077572
mh3684,81.72778,4.6871014,800,-135.0323175324855,41.78279861819281
mh3685,114.76033,4.465961,800,-139.2526263234409,43.30277276175052
mh3686,112.06986,5.0170155,700,-139.3976008919874,43.24272105224297
mh3687,54.440666,2.9603894,700,-136.1459306370016,41.64213087260388
mh3688,52.870472,4.0471935,600,-135.285176048337,41.58680056035235
mh3689,22.791718,3.321879,800,-137.2649464459043,44.624215220756
mh3690,68.03165,3.7068498,1000,-137.8523963608117,41.66547702830747
mh3691,26.128471,5.1170664,800,-135.8430155308978,44.12715959915042
mh3692,30.155489,3.9037406,800,-137.4322303772546,43.13327715612538
mh3693,363.2958,18.48071,1400,-135.0958145052229,39.94475341516426
mh3694,33.15526,3.056387,700,-133.3580589624076,43.708498757985
mh3695,189.18008,17.05197,800,-132.3027634340691,48.20442604434376
mh3696,147.83342,8.332736,900,-135.3267673217399,48.69891139574233
mh3697,79.13685,6.4113693,900,-135.4573507262095,47.65199277513741
mh3698,56.84265,7.128055,500,-129.0383272484753,47.65281623244449
mh3699,243.23164,12.182793,1000,-132.913863769376,48.58322996514331
mh3700,47.363747,4.0522923,700,-135.4751795321664,50.19751135291317
mh3701,107.52813,8.937555,1800,-135.7382662777541,50.04610713763005
mh3702,29.460882,3.0176947,700,-139.3799305990964,53.82878341592213
mh3703,32.129997,3.3462155,600,-143.3612134860637,54.23188959549228
mh3704,311.56317,8.935806,1000,-142.903650355052,51.95024748631815
mh3705,147.32939,4.985519,800,-143.2441969668137,52.19962552693036
mh3706,158.71802,6.1007743,800,-142.7738624964128,51.99478678854649
mh3707,246.99098,7.235391,800,-142.7942314307415,52.07221012886205
mh3708,47.86434,4.1776495,900,-142.5971055167127,52.25212654971703
mh3709,28.808264,3.8628206,900,-142.3813123938934,52.33969853905779
mh3710,112.52829,6.899581,700,-131.5464360333038,47.97422225358762
mh3711,129.18527,5.079505,700,-131.0441035779156,49.68471049711307
mh3712,118.373085,5.063778,600,-132.1497837258439,48.90650377916904
mh3713,31.119577,2.142687,800,-133.9161729926714,42.85945429569341
mh3714,79.29883,3.933174,700,-134.3955144649487,41.04609855495166
mh3715,53.636745,7.233612,800,-131.3974517283965,38.97003810487237
mh3716,76.580124,9.9567795,400,-131.3083158176375,38.88013977120556
mh3717,38.166092,3.900394,700,-130.1599354529711,39.23867941567608
mh3718,35.212833,3.233654,600,-128.598794270054,38.89368416357964
mh3719,80.323906,3.7378533,600,-125.8764463459644,38.55849321258275
mh3720,67.92342,2.9859097,900,-125.2019420607502,37.86727895360348
mh3721,99.49672,7.18214,700,-124.3678461335946,38.14803680306306
mh3722,66.77781,6.0614023,900,-125.1939639151565,37.07815418328679
mh3723,44.355293,3.6630762,800,-126.1574005045012,36.56937719021315
mh3724,38.50199,6.765603,900,-125.325332172907,37.09613280997677
mh3725,19.75521,2.1668015,700,-127.0897421518449,36.14588408468631
mh3726,49.089043,6.4878144,900,-129.7080319327228,38.40178977926955
mh3727,42.654068,5.283776,700,-128.298574854573,37.76879769081996
mh3728,35.75035,6.594799,600,-128.1928127439578,37.74370890288305
mh3729,73.34128,5.7353473,400,-130.161142139373,38.45483322250984
mh3730,97.45199,3.4422235,900,-133.4283093692169,35.53130447063624
mh3731,68.140236,3.9786606,900,-131.7730574457468,34.84253357112834
mh3732,54.88371,2.9668295,500,-133.843001533426,33.2079446386717
mh3733,134.50252,5.06632,600,-137.7034342634787,33.5201039272801
mh3734,108.22654,6.0517797,700,-137.9145680561926,35.15730366514667
mh3735,147.80103,6.134325,700,-137.8471227869694,33.49482882474754
mh3736,52.096954,2.50395,900,-140.3266912018493,33.94440545334484
mh3737,79.09866,2.8179362,700,-140.1336461773296,35.39746187905681
mh3738,48.974663,2.521565,1000,-141.071323625825,36.06564441899979
mh3739,91.75216,3.4240537,700,-141.9544808450397,34.27383061535872
mh3740,66.96675,3.5084348,1100,-142.5295264459181,34.19381418190938
mh3741,104.8563,3.2809694,600,-142.530869614986,33.18498861547566
mh3742,109.2118,6.12829,900,-143.2150487394569,33.65649313443279
mh3743,147.11293,7.8981466,1200,-143.3492344710549,33.62320285048222
mh3744,76.285484,3.731559,800,-143.1309799414525,33.86773684837723
mh3745,57.24986,2.657572,600,-143.8885480617359,33.33437194022589
mh3746,154.35002,7.9405932,1400,-143.4818297851882,33.60452791217161
mh3747,172.56436,7.0154977,900,-143.3395626823516,33.75307936141076
mh3748,99.44387,4.0093136,700,-142.8440009220174,32.00400680795656
mh3749,134.97885,6.34653,1600,-144.8883681607381,33.40479389465594
mh3750,201.60283,10.485038,600,-145.6201819197129,31.23013671019508
mh3751,86.16092,3.7164278,900,-143.7990187833412,33.86185819787397
mh3752,103.149284,5.0533357,800,-147.0306422835253,33.99948929792834
mh3753,72.03496,3.7682207,600,-149.2076053381739,31.66654125706181
mh3754,81.32256,3.475651,800,-149.1565720994674,31.73913291581932
mh3755,224.19873,12.936726,900,-149.2042103998996,30.63823194128555
mh3756,50.070686,2.2640936,500,-149.7926461139558,32.43257888924039
mh3757,83.54755,3.1254308,800,-149.3587902065948,34.04269316497961
mh3758,43.25022,2.885552,700,-149.6634893870709,33.52413562523301
mh3759,109.91944,5.268056,700,-145.8944271221928,33.96079992949459
mh3760,125.76871,4.9839177,700,-145.8202939865861,33.9355909917268
mh3761,49.740215,2.788472,700,-146.5021640945841,35.00864838963543
mh3762,65.74549,4.137044,400,-146.423007668024,34.68669490982573
mh3763,79.49538,3.9772432,800,-146.4880299760373,34.6657827926695
mh3764,70.88138,2.7412713,800,-145.682847057962,35.06200066102128
mh3765,60.072445,3.9508927,800,-146.7851793678708,34.43794363037404
mh3766,45.856354,2.1992965,700,-145.3694714933247,35.49923257517668
mh3767,89.1862,3.2242265,900,-145.5049282958568,36.17664662776202
mh3768,69.85015,2.5170891,700,-145.7574790998032,36.78227846740237
mh3769,71.35338,3.0363483,700,-143.6049604148276,37.06412049955523
mh3770,72.6655,2.9050093,1000,-144.3161512919373,37.49448910261123
mh3771,85.81307,3.676037,800,-142.2941418714059,37.9772787999872
mh3772,84.0619,3.5612588,700,-142.4791696686189,37.91326002282582
mh3773,102.663895,3.9417474,800,-141.1563982482574,38.20162341628365
mh3774,160.74771,6.727804,1400,-140.2704333106259,38.21688006541219
mh3775,75.41678,3.6825004,700,-137.940499731867,37.89449712399265
mh3776,85.44098,2.8952923,900,-137.7889595527784,38.07881296683543
mh3777,73.61493,3.353105,700,-138.6604539852639,37.09054175139894
mh3778,46.411606,2.7617242,800,-137.7725915167465,38.89688438456619
mh3779,89.88787,3.0665965,600,-134.5120740373808,40.99686715912046
mh3780,85.82701,5.320199,500,-133.1297684051921,40.48638052073517
mh3781,16.402529,2.5462396,600,-137.6454308568314,52.08123088298484
mh3782,155.94954,7.750113,600,-148.6223974503629,48.2589876815927
mh3783,77.25374,3.477561,900,-147.9236029258497,50.03982798246161
mh3784,18.251255,2.138962,700,-144.228044782124,49.72356409465695
mh3785,15.259631,2.2795582,500,-144.0875212585196,49.75154706988383
mh3786,46.651585,5.270088,400,-143.1740270650241,49.83813619242403
mh3787,76.96924,5.70356,400,-144.4165687524518,50.48410772782115
mh3788,55.14903,2.7907798,600,-138.5601836767611,40.87820224276012
mh3789,91.79886,3.1677973,700,-138.7303095658172,40.6398965258152
mh3790,64.93614,4.5045342,500,-137.6356902108872,41.48973733695684
mh3791,198.69736,9.470712,700,-139.2695168587752,39.81027605152376
mh3792,89.022964,4.944745,600,-140.7374367278311,38.81672286838952
mh3793,114.31367,4.173957,900,-137.3878326938163,38.00375114003102
mh3794,43.295105,2.6391923,400,-137.7280157128133,38.73240866831265
mh3795,56.48612,3.6887312,400,-128.4907149627493,34.17908591469186
mh3796,58.10518,3.0831885,800,-129.4583679746211,33.71026849670987
mh3797,114.79689,5.607408,900,-130.0199086340341,33.61331951688101
mh3798,111.142876,4.21996,800,-127.8385252158392,34.14190335131637
mh3799,73.48933,3.779504,800,-127.8854413058708,33.9776818524123
mh3800,83.37634,3.5248034,800,-127.7152080288541,34.22015913422635
mh3801,57.86411,2.0780113,400,-126.5226362582094,34.30862780722983
mh3802,43.094757,4.2354336,500,-120.4736560454076,31.67996637877763
mh3803,145.82906,12.839593,900,-121.2784257401624,33.16392140653529
mh3804,84.00236,7.8586407,900,-121.4854466402163,32.36525144089152
mh3805,71.49635,3.367709,800,-123.2645497776529,31.57216517225795
mh3806,83.43968,3.0405343,700,-123.768644781928,31.36570112794339
mh3807,99.365326,6.299338,600,-124.4983474231328,31.25640241712854
mh3808,78.60857,3.0714424,700,-126.6141683039883,31.89516582626421
mh3809,114.82476,7.491984,1100,-122.2462890631342,31.17931482351884
mh3810,132.33833,9.057304,1000,-122.1168573857505,31.1461176414503
mh3811,98.026245,5.7006583,700,-121.7184969645335,31.54660053213812
mh3812,58.738613,3.4136033,800,-122.5901692068194,32.29955027054268
mh3813,83.265945,5.622813,600,-122.5980996065568,32.57703308235667
mh3814,133.5605,5.0735455,1000,-121.523726224372,33.46694898028046
mh3815,87.59846,4.7680936,800,-121.9777015927036,33.69370363460401
mh3816,82.818016,4.9171185,700,-122.0437288916501,33.74726326998291
mh3817,108.07904,7.008611,700,-122.1891212169543,33.71781946326341
mh3818,159.53279,6.8028536,400,-122.5431986893125,33.69158829459182
mh3819,130.38103,6.443654,700,-121.8115227094723,34.20111455871938
mh3820,35.13646,4.8121357,600,-122.8052878799774,34.94633009332665
mh3821,65.590935,2.8800924,700,-123.4657203740265,34.64721805921614
mh3822,46.142303,3.0678298,900,-123.6863560017212,34.35551765051024
mh3823,48.09763,2.7816463,600,-125.3162239581775,35.3357118714597
mh3824,121.05849,7.3930354,800,-124.600747571463,33.84674093374117
mh3825,168.47382,5.2504277,800,-126.8784806849636,31.86817044558043
mh3826,103.13336,7.9705267,600,-128.0969974345832,32.35116859273984
mh3827,122.87409,5.624945,700,-130.2237756562441,31.43657912525855
mh3828,129.00465,3.4787843,800,-133.2272784206124,32.51355484367277
mh3829,60.026478,2.6966162,400,-134.419620414944,31.59070838838993
mh3830,319.8029,9.154928,600,-132.785047641679,33.12640438654051
mh3831,77.07638,3.1563742,700,-146.6686810785265,32.5410766149305
mh3832,69.34123,3.5418417,1000,-147.9409984315774,33.28968541139661
mh3833,57.822845,2.5857227,700,-148.0512118980547,35.54731880500692
mh3834,56.54548,2.9332006,400,-147.6473573937598,35.38617786257274
mh3835,71.83443,3.776762,800,-147.2671532779543,36.79030180193813
mh3836,135.38788,5.477708,1000,-136.5642253732941,32.23877889524857
mh3837,145.44719,8.391162,900,-136.400001185228,32.41365147924084
mh3838,134.78448,11.814017,700,-137.1547892626095,32.27449721144999
mh3839,230.64095,7.711167,1200,-136.742038799047,31.06229863064912
mh3840,90.71514,3.79543,700,-137.6038566497716,32.81350400222982
mh3841,92.08662,4.829995,700,-137.906323833127,32.60016649756049
mh3842,87.54434,3.5430393,900,-137.1628095832869,32.9365599713879
mh3843,107.46316,3.16944,800,-137.0926014433774,33.10830642993143
mh3844,85.30633,5.516991,800,-134.9513398497949,33.02947758562677
mh3845,112.7822,4.968308,700,-133.0325106665576,31.02014014696596
mh3846,108.71338,4.799631,800,-132.0039762897019,31.25395377523982
mh3847,149.03171,6.6210747,800,-131.8696729856966,31.32827741030469
mh3848,135.56198,6.674113,1000,-130.7560033933157,31.94975431203001
mh3849,160.16605,9.098626,700,-130.8965849871656,31.93262735796231
mh3850,104.33544,4.6143494,700,-131.9519754662149,31.60823473283073
mh3851,105.551994,5.724101,700,-131.3773716087119,32.32470236360918
mh3852,171.39522,5.5173106,700,-129.7342112449911,32.73697992217806
mh3853,96.22783,7.9816437,800,-128.0112185677641,30.80725705957817
mh3854,85.9423,5.76839,700,-126.9627699046742,31.06136046887368
mh3855,291.39224,15.205615,1200,-122.3448222309343,31.66977543545711
mh3856,62.041885,4.459621,600,-120.6870526576129,32.05786026117683
mh3857,166.03436,13.61898,1400,-120.976878402972,31.96652150351729
mh3858,163.44669,10.529339,1100,-121.7120922445718,32.22791890010517
mh3859,152.61513,5.8074746,400,-126.0608519597648,31.70241177131885
mh3860,239.22055,8.277336,800,-135.4846379561999,31.82331937333549
mh3861,148.88367,6.337365,1100,-137.5261039782016,31.22497389435861
mh3862,49.824192,2.8251593,1100,-144.2701102593939,34.62379651980059
mh3863,58.197117,3.4472413,600,-146.8572460982338,36.08703696965789
mh3864,53.441288,2.9033475,700,-147.0477232489313,35.98947348111835
mh3865,65.96267,3.2032154,800,-149.089548495526,36.3318404723117
mh3866,69.691246,3.9127686,700,-148.7611736488679,33.07891343285345
mh3867,117.40665,3.387106,1000,-148.1490012957164,36.44010131567062
mh3868,451.89835,9.282992,1200,-146.3110597943914,38.33421053953153
mh3869,125.20405,5.456115,700,-147.805817640385,36.33913657427053
mh3870,187.55795,8.313425,1400,-149.446777630268,39.26039772941608
mh3871,89.421844,3.8161244,500,-143.3418052318432,37.66172166808398
mh3872,130.07825,6.086848,1300,-146.0809430556701,39.71800647303926
mh3873,391.2428,9.80812,1000,-146.544879108722,39.09459277924455
mh3874,200.6049,7.763656,800,-146.3557468078173,39.77986165946384
mh3875,66.47955,3.3527844,500,-146.6696930181992,35.43688401067504
mh3876,75.24919,4.1279607,800,-127.3772468477204,34.27100008879231
mh3877,92.32623,4.3057075,1100,-127.5796672150134,33.80660375499871
mh3878,54.167023,2.6584754,400,-128.7051042541857,33.81219852327372
mh3879,112.413,7.0178585,900,-124.4869318880039,36.24753364999032
mh3880,68.81674,3.3487024,700,-124.1205513819056,32.57528883901078
mh3881,146.8954,7.1152472,900,-122.5768559170649,34.56834452127802
mh3882,45.176586,4.7084265,900,-120.9842682156535,32.51992930069611
mh3883,60.785152,6.950577,800,-121.6872838835335,33.07796976087516
mh3884,55.574333,3.0254407,900,-125.1733721385987,35.72215145024781
mh3885,54.958996,2.472527,1000,-125.1598912771018,35.99584508467526
mh3886,68.39072,3.2465408,700,-132.5321651661825,36.3141412504344
mh3887,91.9364,4.460773,400,-129.5064232898263,35.64561936333445
mh3888,28.989607,5.0431385,900,-131.5258447579924,38.26685903562913
mh3889,67.307,2.6884482,800,-135.2289496022932,36.54901141364699
mh3890,128.16273,3.4058523,800,-133.6829800640365,39.37610795825945
mh3891,28.074926,7.347104,600,-130.9038128164989,38.38296092856938
mh3892,81.02576,2.778077,900,-132.1859609961748,35.88441614984888
mh3893,83.880196,3.8650534,700,-130.9833193310063,35.65736756940342
mh3894,55.707172,2.4638293,500,-134.6837684789053,36.63525584039097
mh3895,75.443924,2.5957506,800,-134.960366449014,36.75914479695093
mh3896,101.91427,2.3687522,400,-141.9471222615581,37.26294097077061
mh3897,60.40292,2.8039918,700,-133.8765016034977,33.54424984559126
mh3898,75.39759,3.4985204,500,-135.512408559838,33.27177714955454
mh3899,98.6595,3.9211931,600,-137.8777327300157,33.30798696661575
mh3900,53.89772,2.336518,500,-143.2389094879333,35.77804401096989
mh3901,86.81897,3.061843,1100,-137.0394960770413,37.18079594026167
mh3902,162.46414,3.8286998,800,-136.5554068527834,34.70996117166438
mh3903,97.84544,3.99633,1100,-140.5696902883394,38.83617159849442
mh3904,131.55759,4.5581436,800,-137.2737311592948,31.03760525587289
mh3905,58.29195,2.8894207,900,-146.4962291864187,32.45920970954572
mh3906,69.972496,2.9664588,900,-142.6201230811582,37.6207015033669
mh3907,104.14541,4.89606,700,-140.5855278743892,32.86542912744729
mh3908,108.604065,4.346701,700,-143.070610018073,30.72645843245868
mh3909,280.1618,5.9854465,1000,-143.1242269820805,31.11065632551757
mh3910,130.9817,5.010325,400,-139.6256283524791,41.48015550172965
mh3911,43.197376,3.1030035,500,-138.1409198349211,39.05561405744469
mh3912,52.20518,3.1499424,600,-136.5088757993605,41.63395428801944
mh3913,20.80635,3.5524118,600,-135.5991191504957,44.13544308133099
mh3914,31.690031,2.9024177,600,-134.7198128648547,45.24338980876791
mh3915,17.842598,3.590225,500,-137.895464417463,45.18387928867776
mh3916,41.18486,2.7884843,700,-138.4411712660681,43.43468419994429
mh3917,66.41349,2.4287293,500,-135.3214407060395,51.71302087598217
mh3918,55.234814,3.2572093,500,-133.1744577439259,51.95056616141472
mh3919,76.717674,4.1229253,800,-133.1437708259257,51.69543170750946
mh3920,33.12594,4.3598523,500,-138.3329370613619,48.2962554701995
mh3921,24.119215,4.26699,800,-138.2040804436156,48.45533584778927
mh3922,34.89503,2.852992,400,-137.6222612892749,47.9784351858997
mh3923,24.606237,4.720086,700,-138.3620412912485,47.75890664456168
mh3924,151.32655,11.261877,1000,-139.0887638298035,48.14638379571733
mh3925,103.148384,6.9847703,800,-135.7857124642215,49.33627638030727
mh3926,23.755985,7.101505,600,-137.99733814749,51.257919663434
mh3927,36.599876,5.098244,800,-140.5537796518367,51.88892184593855
mh3928,28.355991,2.848206,1100,-137.4714694030068,51.72433870187617
mh3929,26.258236,2.852155,800,-141.4833665812726,53.75825634857273
mh3930,64.65671,4.35457,600,-133.6487163745958,51.11153736649929
mh3931,51.106625,4.418608,500,-129.679065726053,47.02177187147905
mh3932,26.944517,2.905643,800,-127.0996023135204,44.39764365513602
mh3933,20.88001,6.9669585,1300,-129.1536276530416,41.80476706772262
mh3934,103.811676,4.12038,500,-131.878135888312,40.7929513219341
mh3935,63.418068,3.6410115,800,-131.9467518093098,38.9458761951276
mh3936,127.739235,5.446811,800,-132.1157219432636,38.95981230693878
mh3937,48.72925,3.087093,800,-135.107710513811,40.879325016154
mh3938,207.42247,6.2017136,900,-138.4380944778729,32.81574006741739
mh3939,102.269714,6.8132052,900,-129.0114779024878,33.25204177370954
mh3940,107.84865,4.4165893,700,-143.507552801258,28.56786398782504
mh3941,71.66539,2.9288647,900,-143.9299703136302,27.78223356795536
mh3942,67.240036,4.6823535,600,-145.0410757280393,27.62511048881475
mh3943,83.61922,4.879767,700,-144.4937579919618,27.27262331401402
mh3944,74.6972,3.2576363,900,-143.0406437329235,30.22476851080384
mh3945,60.109005,3.699154,700,-143.1985654520135,30.24877072864533
mh3946,62.664463,3.1218529,1000,-143.8393193454045,30.3709949221734
mh3947,224.25085,8.544577,1500,-142.5549518739722,30.58772912338256
mh3948,196.79018,5.7760057,1100,-140.1111890106483,30.01761097721896
mh3949,142.29305,8.770796,700,-138.4682265284116,30.01800565272614
mh3950,139.43172,7.7028503,600,-137.1895601124019,30.08053345521667
mh3951,199.30853,6.0467887,900,-136.5795177230712,29.73646071362743
mh3952,311.20844,8.145408,800,-134.986951374197,28.47982711799794
mh3953,126.35436,4.6901917,900,-135.1852622625395,28.32306642727089
mh3954,192.08176,8.352889,1200,-136.8827296123942,30.75291433755475
mh3955,394.47693,14.709061,1400,-136.7547224835525,30.70604582498062
mh3956,319.34973,16.217085,800,-136.142212168028,29.06800156533488
mh3957,185.81744,10.276795,1500,-120.8488911352994,29.98267445129277
mh3958,46.43875,3.115141,900,-121.3867992050297,28.42293446279657
mh3959,132.31535,7.396579,800,-120.037109044545,29.05499098168769
mh3960,115.218216,6.033496,900,-121.1844394288498,28.09892729199644
mh3961,74.08765,4.3876696,600,-121.4766746517995,28.08877191046213
mh3962,96.51197,4.068017,600,-120.7403120735537,28.45517328326279
mh3963,57.595535,3.8705423,700,-121.5777894958383,28.49435407790464
mh3964,74.78768,4.114588,700,-121.1071010656775,28.36298277433964
mh3965,263.75674,13.575022,1900,-121.0732974462839,27.06667723334596
mh3966,158.52744,8.81936,1100,-122.0021429416879,25.8639222481696
mh3967,49.920834,2.9379191,800,-121.1361270363101,24.38011912411006
mh3968,50.302345,3.545705,700,-121.7697092166063,24.3997882836894
mh3969,72.53664,4.6985326,800,-121.1161482102633,23.8665657510673
mh3970,61.09499,3.3348217,600,-121.3890147334612,23.65780703873911
mh3971,47.952843,3.5678618,900,-122.5549642438138,24.09950626632265
mh3972,230.17763,7.2521253,900,-122.411901211309,24.72553684438733
mh3973,106.57165,3.706939,800,-122.1206609421373,24.79925780014606
mh3974,181.7126,7.133627,800,-122.4580531067438,24.90035073338655
mh3975,134.82176,6.317901,700,-122.3570933542632,24.98030046891287
mh3976,76.87694,4.33255,800,-123.3283812915723,23.84288181710988
mh3977,150.83446,6.616813,1200,-121.6491161195092,26.34952164202604
mh3978,245.74239,7.933358,900,-122.6378709894737,26.12959089098647
mh3979,75.79829,3.9711332,800,-125.8232405879433,24.15352597766624
mh3980,78.01603,4.431052,900,-125.7210175482761,26.33206373135793
mh3981,75.36972,3.264936,700,-125.1689989695824,26.61886768970892
mh3982,198.28435,12.452541,900,-124.5320761870736,26.42253656973474
mh3983,119.28451,5.6562247,1200,-126.8149260208158,26.2006429674353
mh3984,89.11345,5.0163445,700,-125.1282808871682,26.91861238857337
mh3985,99.17421,5.891882,800,-125.0542152275662,26.81035553142767
mh3986,244.29852,11.15991,1500,-124.0829534042797,26.45112953592244
mh3987,65.57175,3.869065,700,-124.1826340426653,26.98399198250239
mh3988,87.895805,3.4408786,900,-124.9667261290867,27.74728750816762
mh3989,48.128757,2.1289196,700,-124.2739484379035,28.47093326882012
mh3990,120.3056,4.339857,700,-124.0223782542741,27.38085318697197
mh3991,231.04236,8.856662,900,-124.6250596967927,26.71334484074183
mh3992,74.25994,3.7387292,800,-124.9281086202496,28.75935046301707
mh3993,155.03812,8.275429,1100,-125.3196977174635,30.05054759253034
mh3994,84.393456,3.7493246,600,-123.7975198413386,27.99524719017347
mh3995,95.97518,4.240555,600,-124.8756874575406,28.90962785728026
mh3996,117.26837,4.8618884,700,-124.9944344374128,29.12780763656028
mh3997,68.02187,4.0279055,800,-125.9824790977346,29.57515419070256
mh3998,68.18946,3.2195227,700,-126.4718100002487,29.56573386190264
mh3999,155.18724,7.939206,800,-128.0444921465711,30.25246211597917
mh4000,160.78572,9.259213,900,-127.2370485139105,28.30445501191431
mh4001,90.1816,4.7265716,800,-126.6432779242268,27.72553273091682
mh4002,87.37169,3.5444589,600,-126.7945153617608,27.84326086730784
mh4003,108.419106,4.3938727,800,-126.9631121043273,28.0581614269736
mh4004,210.31383,9.162741,1000,-130.0468436077271,27.44870209784225
mh4005,129.00285,7.2974787,1000,-128.9729447301671,28.87399997684231
mh4006,103.69115,5.294408,1100,-131.5721101512319,30.17642187030069
mh4007,95.12964,5.041989,900,-128.7651273385136,30.4230482665308
mh4008,152.39072,6.6372705,700,-130.3642005092757,28.97304636508335
mh4009,130.64616,6.581564,1100,-130.6657848686585,28.69584232827931
mh4010,163.50732,7.5002103,900,-132.4552320945488,27.33742644085428
mh4011,111.45453,6.993462,800,-132.0104676926642,26.78100670514162
mh4012,270.05725,10.421194,900,-131.994125390599,27.65198315931024
mh4013,215.26476,7.6357822,1000,-132.0982607906893,27.65644146732422
mh4014,168.45862,7.7733564,500,-133.1492532996189,28.95023970523296
mh4015,122.84695,3.309997,900,-133.3735282241891,29.37797759714855
mh4016,135.2543,10.323213,700,-133.4154823441803,28.05999923682864
mh4017,174.76364,8.957612,600,-133.3783568410898,28.53370711822713
mh4018,338.93265,10.488031,1100,-134.0983621138602,28.0713178676287
mh4019,138.22748,7.492757,800,-137.0533573006332,26.42841226194514
mh4020,172.40727,7.1922603,1100,-137.2027390525056,26.42093116176225
mh4021,75.734215,3.6799016,900,-138.298882427811,25.57249037675667
mh4022,96.56301,5.2710834,700,-138.3290293194424,25.13099109391684
mh4023,70.05466,6.5215573,800,-139.251855353426,24.52059694544579
mh4024,146.66591,11.800489,1200,-139.4554147883774,24.43822617628367
mh4025,177.18988,10.049909,1200,-139.6566675220802,24.32686290089935
mh4026,129.80713,5.4334235,1000,-140.3045882666076,25.25842753883452
mh4027,80.03651,6.9572945,700,-141.7135704960169,24.13809529001517
mh4028,107.15042,7.4267,900,-141.8340292947407,23.7204800736653
mh4029,158.05472,7.645344,1000,-142.2439674762747,23.62149448094472
mh4030,307.13492,10.088478,600,-142.3912443927071,23.67729487020184
mh4031,173.24629,13.23765,1300,-142.8554431059439,23.85485361875874
mh4032,173.69658,9.917695,1000,-142.6527228107309,23.91326480031721
mh4033,118.42774,6.1958504,700,-143.1682215943318,24.2948931140474
mh4034,120.84095,4.826819,800,-143.3333429987144,24.2625727959139
mh4035,71.90393,3.0298903,900,-143.3810364574775,25.43150219997238
mh4036,119.73913,3.2491724,900,-146.6499475605671,26.36894061271065
mh4037,55.23264,2.6807892,800,-148.834145908058,28.0908248259263
mh4038,107.187706,5.3046155,900,-147.0457131699009,28.44588338704735
mh4039,48.690163,2.6134765,800,-146.9135059345728,26.0702286252586
mh4040,65.0241,4.1826463,900,-149.1446104675397,26.74237601826538
mh4041,100.53483,4.337709,800,-149.7928647996663,25.54821477885026
mh4042,76.98408,2.9652176,1100,-146.5473876150006,25.82491046976382
mh4043,76.02234,3.7853851,800,-149.0511533743836,25.32043687309737
mh4044,128.2362,5.7863035,800,-149.1296780379629,28.16119791744523
mh4045,88.319305,3.360399,900,-149.5502030030077,28.02127489304657
mh4046,51.70495,1.8437632,600,-149.8488163876554,28.50460620625852
mh4047,56.68737,3.0866158,900,-148.6153914378703,26.80603386641958
mh4048,45.314495,2.4786272,700,-149.530930789703,24.72038528120285
mh4049,68.51379,4.3115087,800,-146.7664240125559,1.989400967918788
mh4050,55.047314,3.6169374,900,-146.368076876313,2.042169614769564
mh4051,38.880966,3.22379,600,-145.7104131644868,1.727870296097783
mh4052,49.115467,6.327397,400,-146.0024680299829,1.19739538894799
mh4053,67.61575,3.5554664,800,-145.8393352342175,1.633995542380132
mh4054,42.103523,3.9062006,800,-144.9922523415453,2.486948548028516
mh4055,52.013706,2.7269647,600,-144.1574815120919,3.812255632707921
mh4056,55.40095,2.8367865,700,-142.8954428957624,3.116664640821388
mh4057,22.876778,2.7141018,600,-142.3337901724721,2.647216081561121
mh4058,50.07612,3.3981807,900,-141.5717164398702,1.672249898962947
mh4059,45.16428,4.1702104,600,-142.8692377273917,2.239481240546453
mh4060,95.80434,7.5478764,900,-141.3754114136657,2.265609190886851
mh4061,47.064224,2.680136,700,-144.7012165493471,2.828481044995907
mh4062,33.66074,3.366329,400,-144.6644356002865,1.336348705723105
mh4063,64.85542,4.0871844,600,-142.0120389526997,2.138796726778405
mh4064,39.723255,3.1147492,900,-136.2899495923778,2.813925222728767
mh4065,51.253582,2.8378198,600,-136.6580846463976,2.444664295875484
mh4066,27.221418,3.2544472,600,-137.7869564032785,2.32960679631613
mh4067,52.448784,4.669165,700,-138.0593409581787,2.487576089917638
mh4068,37.30245,3.2626169,600,-137.3748718763319,2.271060079261964
mh4069,40.86199,4.219002,800,-136.8921640715712,2.682044800886169
mh4070,53.83293,3.5336673,400,-139.6759207728314,0.6639304373588367
mh4071,25.544807,3.0231102,700,-139.7072461912888,1.847074076424422
mh4072,101.36879,4.1803403,700,-139.4944604603937,4.690966047689125
mh4073,90.65867,3.5496342,600,-135.6129871286247,4.846662627147909
mh4074,81.00476,5.423899,900,-135.2386504580842,6.134974276683458
mh4075,68.5145,5.981906,800,-134.976436101317,6.141868197086739
mh4076,44.71219,5.434139,1000,-135.3435968704407,4.565836568924512
mh4077,31.382181,3.725955,600,-139.8704217123135,1.874848010000184
mh4078,71.905014,4.04842,1000,-138.8143541919829,1.066067211020371
mh4079,45.42815,3.9493463,600,-142.850493437413,1.586061725125928
mh4080,31.023115,3.797639,400,-142.3875970721534,1.163711959023647
mh4081,36.291485,3.2919924,700,-143.2992392102927,1.437395908060498
mh4082,46.32003,3.1025968,500,-145.2596924611553,0.6241326493470306
mh4083,54.88009,3.020293,600,-146.9271121377709,1.201416885136426
mh4084,28.2284,2.6653168,400,-143.6091114389395,3.567558788477309
mh4085,30.131962,3.845359,400,-143.6550698446729,3.254601218225321
mh4086,21.394901,3.0689335,400,-143.4511429552948,3.318100474722966
mh4087,87.11469,5.0861125,1500,-138.8974894018783,2.471183767222196
mh4088,94.70144,5.207428,900,-133.6674022546829,1.075817537429798
mh4089,123.04747,9.973115,1000,-133.8774205415061,0.7929632030565155
mh4090,65.394745,4.7840877,1300,-133.1549744726306,3.705221324453774
mh4091,99.60965,6.1046,400,-133.2371437630838,3.599031125696923
mh4092,61.632507,6.0273705,1000,-131.9420520378854,3.549914169289678
mh4093,68.23109,7.2003546,800,-131.9105431676746,3.237853505362893
mh4094,101.98015,3.569909,900,-130.9973221612807,4.992043999538025
mh4095,42.22116,5.71556,600,-131.1868312697721,5.034272085194599
mh4096,82.06929,5.5623198,600,-131.8904384308259,5.431253999936448
mh4097,56.98816,6.102815,800,-131.7881839716456,5.057674125397877
mh4098,58.897152,4.3896956,600,-132.8754369936549,0.1119398893610876
mh4099,96.86199,3.5841637,700,-133.3725285147905,0.229964210513705
mh4100,46.7942,4.2774415,1000,-132.6319342786271,0.5559584030034252
mh4101,65.80413,3.7375398,500,-132.3591932512491,0.5849301079273675
mh4102,89.51053,4.4560037,700,-131.6288217930529,1.744949721175525
mh4103,47.44356,3.1110728,700,-131.9887090772052,1.155483500679483
mh4104,64.472466,6.76872,400,-133.6178700690932,1.447555385625946
mh4105,70.488655,5.08679,600,-132.6134730030612,1.1441878842859
mh4106,55.711517,3.2139947,900,-130.3355572970859,2.987547857890421
mh4107,88.355865,3.6748557,900,-129.245348515164,1.929327553935682
mh4108,104.44873,4.4822216,900,-134.4417900301939,2.844875655223957
mh4109,74.54915,6.0982885,900,-133.7534994887552,1.427485714405308
mh4110,117.3433,6.204943,1000,-133.596641698857,1.847988265350569
mh4111,50.47174,4.6081204,800,-125.7901667499302,6.234526707691708
mh4112,36.171314,4.1311016,500,-125.9836117703586,6.209378079730499
mh4113,34.854855,3.9178526,900,-123.4682146605766,5.273064475904482
mh4114,45.82052,4.555776,600,-123.7987249151471,5.290438760104996
mh4115,77.07258,4.5200133,700,-123.9923759221127,5.291522671366987
mh4116,30.53193,2.8534255,1000,-124.277411338793,5.428589115266002
mh4117,63.399246,5.2347975,700,-124.1221081869401,5.270617544216035
mh4118,68.48808,6.5102425,500,-122.9258733875421,6.432847601172178
mh4119,49.664566,4.5852976,900,-121.0869715201845,5.487920757763983
mh4120,137.54155,14.054408,500,-121.2866180297549,7.604591183696501
mh4121,190.29112,12.421773,900,-123.670003353339,8.072092359703266
mh4122,30.127619,3.9700634,500,-121.387197640985,5.376505332648485
mh4123,33.897823,3.8352396,500,-121.2814157543459,6.016721255786927
mh4124,52.283005,2.7815533,500,-121.9115605108964,6.055055368311248
mh4125,44.530483,4.4568944,600,-124.2015769391477,5.872754681394389
mh4126,86.02338,5.3404984,800,-120.5115776848133,8.221310869811251
mh4127,29.315374,3.3644795,500,-123.1399987875851,6.10398225805631
mh4128,65.03278,3.8064957,800,-127.7512932041814,6.04600102694744
mh4129,58.932625,3.8370144,600,-127.4526408788149,6.151465384343484
mh4130,66.25115,4.587098,400,-127.2607068403024,6.169158749796314
mh4131,52.77057,3.7158551,800,-125.3948888781318,5.487328165957633
mh4132,26.460573,4.019842,400,-127.8059578404713,2.983730138355943
mh4133,74.30447,5.6156096,900,-124.0708812016365,5.121563042965287
mh4134,130.66824,4.94653,1300,-126.3238923170605,4.767461538128148
mh4135,80.52733,3.2632983,700,-124.9610027439581,5.323665268916286
mh4136,90.98118,3.8333707,400,-126.2700756632895,4.940437821775298
mh4137,33.35524,3.168806,600,-126.1406235860275,5.254948991339488
mh4138,49.423138,3.2730367,800,-126.3311066733335,5.236925517440658
mh4139,54.342213,2.8270524,700,-124.908680110221,5.718726098080151
mh4140,33.73657,4.007184,700,-122.7832880225567,5.314257527659469
mh4141,43.793526,2.664048,600,-129.2582415880369,0.3012986394761459
mh4142,51.152596,2.6561697,800,-129.3859500182603,0.4740149365582947
mh4143,50.690006,5.591579,800,-130.4324933486828,5.562066598154662
mh4144,80.38182,3.3348527,500,-130.6419920630395,6.08270076860444
mh4145,25.313513,3.086034,800,-130.6591204326042,1.896784811270182
mh4146,71.97994,5.6890926,1200,-133.0696787919672,2.134035585918773
mh4147,53.282745,3.736114,800,-132.7432419991212,2.3047604437958
mh4148,48.597137,3.8107386,800,-138.1185678344033,0.611781469528104
mh4149,48.885258,3.2637422,1000,-142.6980557624954,0.2831951280933311
mh4150,48.49253,5.825413,700,-144.7005120765322,2.522264650327062
mh4151,34.7564,3.5744503,900,-147.7523030026399,0.2138427197593422
mh4152,67.35731,5.0238094,700,-145.7682429451011,0.9222274681748682
mh4153,40.34945,4.00936,1000,-149.6428867126925,0.1883338413504769
mh4154,61.01355,4.5867925,1000,-136.272568944551,0.0344950799940776
mh4155,210.36812,15.345378,1500,-135.1333623038094,0.5240225057067761
mh4156,421.56985,21.450226,2100,-141.7067339170771,4.895903422697812
mh4157,30.359276,4.2931294,400,-140.0860329617267,3.057568475500278
mh4158,58.58659,3.9997725,1000,-148.4461924191208,4.836187525633617
mh4159,53.001503,3.426473,1000,-148.2937631113932,5.212174546451019
mh4160,45.434303,3.032022,900,-147.5019817667016,11.04877619119675
mh4161,61.772587,3.6357985,600,-147.4354115050482,9.406813742410668
mh4162,101.557014,3.7541158,800,-146.1977476405438,10.94762023653305
mh4163,65.34154,3.5981238,700,-148.259489453625,10.86602148588587
mh4164,58.84141,2.7774851,800,-147.6672163535995,11.05722396771687
mh4165,63.92699,3.4724548,800,-146.953096899193,10.66767649753915
mh4166,51.70857,3.163842,700,-147.6228604905758,9.440194467543094
mh4167,117.52645,3.928016,700,-148.6770869583616,10.74134869090394
mh4168,75.82507,4.108367,800,-143.381283735947,9.719890396612604
mh4169,86.05776,3.681362,500,-142.6434568335828,9.884398150270323
mh4170,60.124207,3.135645,700,-147.0136592392498,8.970047756367645
mh4171,62.26087,3.907845,600,-146.0975421188956,9.149353770334663
mh4172,63.122707,2.7111564,900,-146.3900134080233,9.472837347915409
mh4173,45.399197,2.68785,800,-146.590762626806,9.409158898541158
mh4174,57.274113,3.3682263,400,-147.3191799278755,9.37750375180934
mh4175,104.07012,4.5686975,1000,-144.5122586286711,7.815288299460036
mh4176,80.1299,3.6603467,700,-143.3207939955731,7.982566548093019
mh4177,44.926834,2.6838799,900,-142.2280253384362,6.79921125639568
mh4178,62.17545,3.0307252,500,-142.3172069754502,6.775926205658474
mh4179,61.34764,3.6701834,800,-137.9221999877325,8.96326088102196
mh4180,29.493097,3.4763374,800,-136.6274422727281,7.642817681294611
mh4181,46.175243,3.6558506,800,-137.001472450068,7.512752226133588
mh4182,82.26837,5.3985925,700,-135.6369920422651,8.816294682360542
mh4183,51.74404,3.4457474,700,-134.1640521549874,10.07791277820469
mh4184,57.202805,3.9239569,1000,-128.8811938665872,11.49811087097302
mh4185,32.640003,2.3576,700,-130.2335526166729,12.1525205291816
mh4186,46.90822,3.5356889,800,-133.3826256173973,11.55810984325656
mh4187,65.787476,3.5386078,800,-132.2961421539178,13.98964619835664
mh4188,60.217957,2.9233506,800,-132.1073199413174,13.6759507043133
mh4189,51.719067,4.4537435,800,-134.7028289426557,13.02985702078019
mh4190,55.23047,3.0563984,700,-132.3238307088172,13.56299464858768
mh4191,44.308964,3.4427097,600,-131.8508158912602,15.10720129850825
mh4192,63.380062,5.3452625,700,-131.4067304494431,6.62622574806635
mh4193,65.74911,4.520977,700,-120.3820525023417,6.433000237225651
mh4194,71.85687,3.6639752,600,-120.473406938953,6.360850638934694
mh4195,54.053364,3.3042624,600,-129.9449012128838,2.661976030379303
mh4196,39.06376,5.37687,700,-131.5234764670052,5.03389159576214
mh4197,55.918922,4.2250834,600,-133.176110167381,0.9239197483840004
mh4198,45.739803,4.613578,600,-132.8040591237005,5.383998743461514
mh4199,96.48266,4.3450265,900,-143.694792318908,7.148118745090053
mh4200,62.825172,2.6410055,800,-144.0239990639883,6.663059795618444
mh4201,80.21749,3.9677448,600,-144.4479210483573,6.666031414485798
mh4202,52.924767,3.6949048,700,-148.2293394446249,9.925574836793984
mh4203,57.783394,3.426335,500,-148.4736768035696,10.19813957342736
mh4204,54.15942,3.3791027,500,-148.0812836497419,10.54896078703611
mh4205,59.045197,3.4650736,400,-149.0661109150331,11.00669383767502
mh4206,102.70118,4.74852,400,-147.7059775413132,13.51610563489854
mh4207,110.88154,5.1438046,600,-143.2437388921125,12.14080370639298
mh4208,78.99478,3.740863,700,-144.7736230971133,10.7461894213556
mh4209,49.28885,2.8870988,700,-145.511761155188,9.993198757054133
mh4210,69.71405,3.2075171,700,-145.2606287873061,9.25437255119534
mh4211,50.89126,3.2344303,600,-142.9302960459773,12.05218207665735
mh4212,62.661205,3.8008726,600,-142.4700159720524,12.08601908159409
mh4213,79.89932,3.9727209,800,-142.5298192516725,12.10567119677652
mh4214,243.6535,11.508894,500,-143.1371665699441,12.30324422228752
mh4215,179.89374,8.940974,1000,-140.1812438759386,10.92158952074138
mh4216,76.774864,3.8555126,700,-138.1319113485753,12.55190708960421
mh4217,48.44837,3.5011828,800,-138.3918477437158,12.10744908900386
mh4218,62.989506,4.1657925,700,-139.620198670708,11.93140317114232
mh4219,59.95734,3.390624,800,-140.084689605385,12.64635479192907
mh4220,53.141582,3.6094706,600,-123.0529087867469,13.09635751056629
mh4221,61.52609,3.880527,700,-124.0397778228729,13.83279652419459
mh4222,128.52904,6.5028434,900,-121.932832349555,15.94223346351972
mh4223,70.40866,3.0737636,800,-122.2073605097834,20.58038780408188
mh4224,57.876778,4.2929454,800,-125.6940273407281,21.87051457360137
mh4225,128.99597,3.670307,900,-125.9970566569928,21.90959578073961
mh4226,370.50122,10.678147,700,-125.5345250704482,22.14644825821241
mh4227,105.68104,6.0688314,700,-122.6288724556334,22.94125525489484
mh4228,374.88495,15.277321,1200,-121.8248361050202,21.00597542548918
mh4229,64.676254,4.0418835,1000,-121.2266478797127,21.88064774306774
mh4230,174.43063,7.376207,800,-127.3410735136327,25.05422195097308
mh4231,196.53589,5.7596893,1200,-127.313922084995,22.84145979995449
mh4232,167.21962,7.082308,700,-123.7157195546087,20.23918297333906
mh4233,137.44925,5.221802,800,-127.4314316368244,25.48836602053969
mh4234,100.85806,5.539432,1100,-126.4821382615574,26.435284991092
mh4235,57.913338,3.3104203,600,-122.3785079639514,29.32219348634231
mh4236,87.78758,5.242634,900,-123.0683423500245,29.85987805864591
mh4237,103.666534,5.99187,400,-127.2111065660831,29.53617441965488
mh4238,108.191795,3.582166,700,-127.6691522682601,29.45233443762374
mh4239,100.45737,4.1501064,600,-129.1007518448278,30.6813065431859
mh4240,121.20074,4.6339607,700,-130.3205218803819,28.16328743972467
mh4241,310.6018,11.373446,1400,-134.4686145290037,28.01829598269018
mh4242,191.91634,9.426893,1200,-133.4511507692672,27.21553379258721
mh4243,282.78494,11.623347,1000,-133.6179188976083,27.23265629814463
mh4244,94.445526,4.88862,700,-133.4226848894986,26.33719152787493
mh4245,109.7095,5.721828,900,-130.4797624682769,23.6311150675708
mh4246,130.17706,7.6969924,800,-129.9366820238066,23.55094411255225
mh4247,110.7335,8.388395,500,-130.8282599858136,24.36031920862144
mh4248,72.275665,4.6789556,500,-132.1392622983642,21.90771608247506
mh4249,52.292778,2.2555716,700,-132.2530868806301,22.12925462260358
mh4250,35.86292,2.8663652,700,-130.4229907891443,22.13675160180225
mh4251,44.49827,5.3635745,400,-132.3534170607598,21.52029209888219
mh4252,483.45447,12.070449,1400,-130.6362693293848,20.27772319485281
mh4253,37.986557,3.2320125,400,-132.0430131529187,20.36774394516519
mh4254,54.93619,2.8720977,700,-130.1761806073356,19.65185921597865
mh4255,99.51591,7.8983636,900,-128.2800740767642,23.3095151561984
mh4256,86.67129,5.4493113,900,-124.1176011340094,22.01155688649762
mh4257,129.01154,6.7434187,800,-123.8149158490723,20.45603121193994
mh4258,124.76969,7.5620284,1100,-123.8104045479356,20.92604111354255
mh4259,100.12002,5.4215612,1000,-123.6762929761238,20.90042142112193
mh4260,93.25467,6.987476,800,-124.2151228887301,20.9804770247115
mh4261,143.23415,5.814181,500,-123.8639097249814,20.18424893459364
mh4262,68.17535,4.622374,700,-120.4756136739672,20.13935281496815
mh4263,72.882675,4.317277,700,-120.7618695858328,20.11933000300069
mh4264,249.6487,15.3813925,900,-123.241477797508,22.47424103583717
mh4265,97.614876,5.4031973,1000,-121.5308724612961,21.91441428856153
mh4266,110.01898,5.319138,1000,-124.80387709309,22.78367540503337
mh4267,75.042145,3.8881168,700,-124.7280286402075,20.90617521011927
mh4268,160.71948,5.647023,800,-127.9240753216307,23.67454020863137
mh4269,140.25954,9.108441,900,-127.9690167053621,22.82469433757679
mh4270,312.85086,15.497329,400,-126.6375837352873,17.47295184278502
mh4271,232.88475,13.274252,900,-125.6987663294376,18.13206567405478
mh4272,79.2648,3.8085208,800,-124.8160053763606,16.94664938112977
mh4273,75.94452,4.385446,700,-124.9626427807942,16.98950899675708
mh4274,276.51266,13.8725,1500,-125.0502389654869,17.72039665458784
mh4275,94.22111,9.90164,1000,-126.2946651797094,17.56134096351239
mh4276,89.11852,3.5851262,500,-125.9669205969625,16.1035173608127
mh4277,52.320286,4.038665,900,-124.2342076089769,16.83499063383216
mh4278,92.85434,4.84432,400,-124.1507257135508,17.39140784931816
mh4279,100.21232,4.2589602,800,-126.2699502662482,16.15258811325274
mh4280,73.21061,3.6045203,700,-126.5312236454105,16.17317526469322
mh4281,45.95336,2.4315288,500,-128.8155356122535,16.32408070689419
mh4282,102.98749,3.5623276,500,-126.9367577523498,16.28548851796111
mh4283,77.14117,3.1425943,600,-127.0446200301778,16.27365628091479
mh4284,85.86339,5.644525,1100,-136.0432698773129,15.88049265875955
mh4285,65.73644,4.1119714,900,-135.1202780945011,15.16953328427738
mh4286,57.005898,3.1556056,800,-133.3953422229135,15.91600490756667
mh4287,127.79244,6.782794,1200,-134.712286742133,14.7833882524712
mh4288,58.081287,4.368179,500,-136.8439316548522,14.71873409340883
mh4289,63.721756,3.1433706,700,-137.2497875474376,15.61881937366891
mh4290,61.40049,3.0608628,500,-136.2836759155692,15.0215069628575
mh4291,45.868298,3.305496,1000,-135.4066055132997,14.73476368839716
mh4292,107.8349,4.7306533,900,-134.8486659997011,14.61597960463136
mh4293,58.141735,2.8315244,400,-136.6204185693917,15.0454510217981
mh4294,100.39692,7.202729,1000,-121.9948393202844,18.12192840889004
mh4295,147.03783,9.762555,600,-122.350259426146,17.931375101822
mh4296,115.226906,7.3986387,800,-121.2952900797267,18.194802400251
mh4297,181.88762,12.603109,600,-122.162884638219,18.03188183586224
mh4298,84.05357,5.7144275,600,-120.3689980513727,12.44731700464006
mh4299,46.483273,3.7157168,700,-123.2645010839916,12.81860869137669
mh4300,42.35038,2.7255907,700,-125.1813491313825,5.777587140226558
mh4301,38.992813,2.948372,700,-125.4371099232391,5.816465275471991
mh4302,82.258965,6.1096606,500,-130.8804618606405,2.414461304872417
mh4303,32.88035,2.3773956,600,-132.5597573827173,0.3681688240519567
mh4304,45.40535,4.250598,900,-130.7345232447331,1.085310698204889
mh4305,36.501423,2.552944,500,-132.102761177418,0.6160883256068866
mh4306,65.475105,5.1070614,600,-132.4864380053629,0.5807559004288294
mh4307,36.56549,3.233969,500,-135.157556346754,1.843040239463731
mh4308,56.24324,3.8040676,600,-133.1429839601033,0.1816792038599728
mh4309,48.878384,5.4941893,1300,-132.2889158858723,1.483246383838625
mh4310,64.651276,3.122795,1100,-142.4223989630044,6.787213357180726
mh4311,80.43069,3.0799592,900,-143.5022583713028,6.822682063077179
mh4312,49.588554,2.9469163,800,-142.6441563466744,6.783298632523502
mh4313,53.32184,3.7865744,600,-135.7902488084018,10.61724519809973
mh4314,46.509335,3.867427,900,-135.7932289907109,10.87463631475519
mh4315,41.897564,3.2688584,700,-137.3761524477983,10.94873992870062
mh4316,194.78815,9.540064,1300,-142.1741749809455,10.57784509852802
mh4317,98.01485,4.381113,800,-143.1306661524869,8.408058088099073
mh4318,192.57547,10.679609,1900,-144.2585405304253,12.07039910214876
mh4319,61.928593,4.231627,500,-142.2324030104458,9.4339475328822
mh4320,87.31015,5.946817,800,-140.4337918427186,10.78961135593762
mh4321,70.915405,3.8211095,700,-140.991514725492,10.69988795814455
mh4322,123.377945,9.349805,1200,-148.3017111027705,7.062293285083291
mh4323,50.693626,3.6256151,600,-141.4092135633204,2.963476008059482
mh4324,68.602104,4.70655,600,-138.9559237427209,1.993280832998227
mh4325,29.496355,2.7054617,700,-138.6392233282907,3.365190387066693
mh4326,50.8062,4.208648,700,-139.1228215884625,1.254217256276792
mh4327,65.86711,2.7760348,600,-135.4264822770868,2.035164326583488
mh4328,53.347538,4.854369,800,-136.8829338379788,2.807711068047555
mh4329,26.479395,3.6730926,700,-132.9345675612628,1.973662028403632
mh4330,59.8911,4.832673,500,-132.7529102262733,1.406286667830051
mh4331,87.137856,5.9096203,900,-133.5850526141547,1.697513329478985
mh4332,70.506386,4.8821163,1200,-133.8230786993649,0.1713188134149257
mh4333,59.307617,4.3187346,700,-131.8856570673875,5.809885488800699
mh4334,67.85139,6.826295,500,-127.4794128762361,5.687422591780714
mh4335,39.091267,4.2720838,1300,-128.7488992768885,5.061072603249316
mh4336,83.360054,7.1516414,1500,-123.4782507703314,3.540689666018704
mh4337,57.95098,4.984569,1000,-129.398726508865,4.20029057619252
mh4338,43.14344,2.916971,700,-129.3889236049675,1.478481896922468
mh4339,39.99364,3.7896762,1200,-134.3072175338592,3.52956853967921
mh4340,31.823053,3.3759317,900,-132.9572739058954,3.513779446960855
mh4341,124.064224,4.5060506,800,-134.2200754547014,6.872176575050297
mh4342,76.007866,5.0465465,400,-135.5226508663289,8.944096392201475
mh4343,57.363155,3.7083702,1200,-139.049412726229,1.130278017439048
mh4344,33.22747,2.7875683,800,-146.6166175580409,1.472575749856905
mh4345,93.2496,6.545173,500,-144.5604529664489,2.405985492413357
mh4346,63.285954,3.6183846,600,-149.8226815924308,1.098988150376161
mh4347,55.49217,3.3955138,600,-145.7527021534133,8.486005307346622
mh4348,94.66524,4.7519255,500,-145.8709711001561,7.780731827799444
mh4349,60.183567,3.4058619,800,-143.3597734731975,9.01703474638506
mh4350,96.09101,5.199002,600,-142.4472500937311,9.373193837225188
mh4351,56.104248,2.9272532,900,-146.2074002979383,8.863564511459446
mh4352,95.85935,4.4348617,600,-145.2158218763653,9.646129337430404
mh4353,62.16278,3.3317397,800,-145.640742957579,9.634957008561305
mh4354,68.19634,2.9783547,700,-145.0736303856986,8.26880920765388
mh4355,49.77931,3.3721592,500,-145.4382746404932,9.99171339088138
mh4356,58.160194,3.1813548,600,-147.0654996450946,9.834356610706315
mh4357,79.67237,3.464717,700,-146.7143220906433,10.50960754007791
mh4358,51.266613,2.8977005,500,-147.6426944703237,10.74285197001995
mh4359,68.978546,3.242547,600,-147.2437636850387,10.60589854333971
mh4360,65.06065,4.120281,800,-148.9611852270036,11.07308094311818
mh4361,71.70811,3.400676,600,-146.8269261917141,10.73577111390639
mh4362,52.214954,3.6269472,600,-149.2377119505369,9.337545936229173
mh4363,129.8712,6.81133,900,-146.0263882043398,4.653069598463841
mh4364,48.69776,3.3587854,600,-147.1458651592245,7.188714801135904
mh4365,29.295465,3.0219612,600,-146.2768437312423,5.869208121315864
mh4366,59.95698,2.8469398,800,-144.2048299346065,7.028794235584248
mh4367,76.26522,3.5016406,600,-140.724256067371,8.581028385575337
mh4368,97.809975,3.5735347,800,-128.2379306386095,21.10153847340544
mh4369,35.061535,3.0466802,500,-125.7373478645893,21.51288867287532
mh4370,78.37474,5.8975115,600,-122.9179936478951,18.87180215794502
mh4371,108.134605,4.8340154,700,-121.5566408253411,20.92524050963888
mh4372,74.62661,4.4050007,700,-122.6435763079368,21.1478949889706
mh4373,86.66441,5.72678,800,-120.8112598662646,22.06020335046897
mh4374,67.30084,2.8946347,700,-129.5261219556519,19.21267775930444
mh4375,48.941,3.590564,500,-125.6918051802133,21.13594875445978
mh4376,56.1361,3.5186114,700,-121.5938789855721,23.80777598799651
mh4377,116.575935,6.4916415,800,-122.4856701634553,21.77806684702663
mh4378,56.312016,3.4489498,700,-120.6391484673231,24.9534204510334
mh4379,65.69445,3.6631343,500,-131.06778100307,26.35933934417093
mh4380,166.43994,6.517117,1000,-128.2603950424638,30.43782643947153
mh4381,119.29609,5.9397426,1200,-129.3455973852969,30.56960006992952
mh4382,140.54584,6.411478,1000,-127.8937332369965,29.61748419073066
mh4383,160.71442,6.4655075,700,-127.6464777864957,29.04016151025799
mh4384,115.51973,4.8186483,1100,-130.3578545357541,30.61187064923245
mh4385,115.88351,5.229066,1000,-131.4353495260765,27.1243568698029
mh4386,137.7866,4.3901014,800,-142.3417587212784,25.80313552236991
mh4387,100.869644,5.108406,500,-141.2488742440633,24.78119137440306
mh4388,108.70107,3.26161,700,-142.4970197660087,28.17651058268208
mh4389,141.44786,3.8364842,1000,-142.4266703329508,26.01943486862222
mh4390,123.757645,3.6869116,1200,-142.983234738503,28.06319405304107
mh4391,81.69936,4.572301,700,-145.9286148828748,26.70518249258174
mh4392,129.72823,3.3757043,500,-145.5040600634648,27.45203158564647
mh4393,73.65836,3.357072,800,-147.554902250551,26.68169624209855
mh4394,57.525314,4.2481365,500,-146.2150280889392,25.46648789683839
mh4395,65.917786,2.4885566,700,-145.8325753789004,25.68668296333539
mh4396,80.5961,2.7685084,600,-146.1108007456087,25.98093909123679
mh4397,36.161903,2.261452,600,-147.9217594633038,28.91705783549398
mh4398,71.28388,3.149917,700,-140.5974407243168,30.25044610833966
mh4399,198.4885,7.920032,600,-132.2968543351138,28.70760344908388
mh4400,71.84312,4.3588777,800,-130.3324846140351,24.31368300346827
mh4401,76.47697,4.599614,700,-130.2193744959668,24.33431954967127
mh4402,157.17007,6.023828,1000,-123.0856752055051,21.96236561236298
mh4403,152.91846,7.5328727,800,-123.0297540543993,22.15088009612159
mh4404,88.80723,4.8413177,700,-148.4573216745438,6.256111926215253
mh4405,80.1013,3.1580892,800,-147.5078728609694,5.957216942425166
mh4406,73.12917,4.0022783,400,-147.6312421295514,5.385964306652236
mh4407,91.201256,10.822146,900,-149.1887976914002,4.722660921118114
mh4408,119.03185,8.744284,1200,-141.9495074829563,10.81037236537818
mh4409,63.56032,4.5210066,700,-131.7393833176785,4.682149438890119
mh4410,102.7486,8.138321,900,-121.6347764714684,8.308552085430948
mh4411,75.73096,5.3852844,800,-148.2584461738998,-0.7003708691086326
mh4412,68.31217,2.9618485,900,-148.0738552880549,-1.111298017924138
mh4413,49.19763,3.4785604,400,-147.5067976967754,-2.011460134776886
mh4414,55.609444,4.622874,1000,-149.1134072515025,-2.321794396154289
mh4415,64.84818,5.3820047,500,-147.4951783402627,-2.760060790679901
mh4416,53.40147,3.1933603,500,-147.4855117406189,-1.09192517690764
mh4417,41.230106,3.903518,800,-148.706043228249,-1.175420425634508
mh4418,38.487877,2.565567,800,-149.2392112020436,-1.198495912704692
mh4419,41.289104,3.2049067,800,-149.4998849828409,-2.055566969916056
mh4420,35.710896,3.250043,800,-147.8677530769016,-2.330052294541339
mh4421,49.030045,4.3945265,700,-140.5637342339354,-2.957847514466442
mh4422,52.102024,2.896391,700,-143.5824090860658,-1.951449278162375
mh4423,80.18998,5.5293956,1300,-143.3960485179093,-1.652957538923633
mh4424,49.951965,7.1514816,700,-143.0937181153218,-1.285203486766108
mh4425,101.18636,6.28655,1100,-144.2023748463469,-0.8121758475401784
mh4426,112.529915,8.673013,1100,-143.9288634493798,-0.5549108972615729
mh4427,38.73184,5.619042,1000,-143.1722941019225,-0.7203420200118144
mh4428,96.385284,11.962063,1000,-143.1867289722346,-0.8837885136693034
mh4429,66.11252,2.9146194,1000,-143.3759606335698,-2.858336643295084
mh4430,159.73422,7.338511,1300,-145.4924384578091,-0.6393200510347626
mh4431,44.65898,3.5814438,800,-145.3785353713946,-0.9096715359200328
mh4432,47.34619,5.0270457,600,-144.344815662015,-1.139498847475126
mh4433,35.240707,4.4208155,600,-144.1973064184775,-1.075485654819329
mh4434,61.894207,4.3593707,700,-142.1610727788744,-2.593819630462066
mh4435,32.30555,3.2833598,800,-142.5045426610075,-1.656335953471687
mh4436,40.372616,3.3137698,500,-144.7684263822649,-0.8595415444863068
mh4437,64.69182,3.3498738,1000,-143.8997670705776,-1.253130867190553
mh4438,53.000416,5.801593,600,-145.190788663194,-0.3787267167247542
mh4439,43.41817,3.6325705,900,-146.694696594852,-1.913398800799543
mh4440,54.99483,3.229149,700,-147.1367185404832,-2.44465374338156
mh4441,61.58002,4.3946357,1200,-147.6656419714444,-3.892572500380697
mh4442,28.291382,2.9671843,800,-144.8495366452796,-3.652147173619602
mh4443,98.918304,4.084357,700,-140.2661091775815,-2.824843917708667
mh4444,81.963234,3.777176,900,-141.5353320532793,-2.550469042700847
mh4445,30.202545,3.090439,600,-141.4775329232215,-2.12472356629934
mh4446,87.59611,4.382217,700,-140.8392111853125,-2.096839906203443
mh4447,37.80956,3.6499944,700,-139.3824963647751,-1.662812506876276
mh4448,81.533226,4.7140503,600,-139.6487021434466,-2.185477810367918
mh4449,75.30855,3.8279674,700,-143.9483271287367,-2.970898986811275
mh4450,53.749317,3.5409327,600,-144.1105039756269,-3.025537706929594
mh4451,85.65671,4.2749696,500,-143.5737019993885,-4.519432444503482
mh4452,71.77615,3.871375,900,-143.74426267172,-4.541730416309188
mh4453,72.576096,2.9831984,900,-143.926910981981,-4.556785784844582
mh4454,49.446663,3.5070174,400,-143.1794251283987,-5.289862502803342
mh4455,90.235535,6.0343385,1100,-143.9649766607962,-0.111897302017104
mh4456,42.281246,3.2387347,800,-140.0214043667277,-0.0454481365566757
mh4457,84.597244,5.354959,800,-135.2658171171999,-2.448835489184647
mh4458,65.76359,3.4459834,1000,-135.9351725548814,-3.205642360939896
mh4459,73.470505,6.1073465,600,-136.9454920793043,-0.3282648111684842
mh4460,59.05859,4.216862,600,-136.4144083313794,-0.5877799409564353
mh4461,54.81928,3.3898184,1000,-136.7108174585647,-0.9412174092818024
mh4462,55.928333,5.539394,800,-136.1368269305634,-0.6507863990582037
mh4463,43.40297,2.6468425,700,-138.2521205367414,-0.4225159113964961
mh4464,44.799423,3.5682573,400,-139.0799913921222,-2.093810806624434
mh4465,45.039043,4.069612,600,-139.2063302807453,-2.11791201367325
mh4466,71.67082,4.0969605,900,-131.2901946960148,-0.0702383391839962
mh4467,108.897255,4.8646255,1100,-131.8748933893793,-3.046671773123826
mh4468,160.74881,6.790085,1000,-131.8493570484941,-3.182245041513558
mh4469,139.24712,5.470277,1000,-133.5300583127598,-2.900693912802017
mh4470,39.186462,3.5273957,900,-133.6914337244878,-1.487744326004559
mh4471,83.59822,3.4552493,1000,-133.7982733042109,-1.295632864095046
mh4472,68.36936,5.2033877,400,-131.9156451418647,-1.903962165014068
mh4473,79.42805,6.037777,600,-132.0075052394726,-1.56127974186411
mh4474,53.035526,4.8875556,900,-133.4209956781624,-0.4694091802778107
mh4475,81.719635,5.9470134,800,-135.1144804687912,-0.4776121340694711
mh4476,87.22075,4.788954,400,-135.2541893725296,-0.3623103938502548
mh4477,100.49175,6.5897427,400,-133.7891359272575,-1.02511313780445
mh4478,57.766018,4.827659,700,-135.8244637278536,-0.7014274275545492
mh4479,57.731995,4.1724105,700,-131.5752869622839,-0.4629384492687028
mh4480,58.25467,3.573656,700,-130.0461482758228,-1.241313887983639
mh4481,113.239006,5.391109,700,-147.4868135096141,-0.7690031648466273
mh4482,58.26191,4.001378,500,-145.0300279285638,-7.586666467969827
mh4483,44.606495,6.8261967,800,-148.2065793596638,-5.943855150647637
mh4484,115.67393,3.2515042,900,-144.9071617037992,-8.743819156753412
mh4485,102.012726,4.094456,900,-145.0632886066878,-10.22694061542311
mh4486,129.33766,5.573856,900,-143.3178681125484,-9.12164976622656
mh4487,75.678116,3.514131,700,-145.1758699655627,-7.638284960420074
mh4488,79.72486,4.570079,800,-146.1709174828296,-7.427265274545325
mh4489,81.240395,5.3812284,800,-142.9241766183692,-8.756745535287367
mh4490,202.49652,11.228136,1500,-145.3517810427883,-5.015836526775818
mh4491,52.47593,5.863503,600,-142.958362025431,-7.725972462867047
mh4492,39.415226,3.9933312,600,-142.1735376185631,-6.599309221184388
mh4493,35.935314,2.4477584,900,-141.0316985918332,-6.328811235043139
mh4494,85.33347,3.3620522,1000,-142.6129779387144,-5.154427061662934
mh4495,46.642174,3.122685,800,-141.6999783919457,-7.063057889798869
mh4496,45.21568,4.186697,1100,-141.9105604998869,-6.982131297419507
mh4497,103.86344,3.692296,600,-142.7127189924585,-5.662353196277333
mh4498,125.26377,3.597936,700,-142.5309379542942,-4.666342191661653
mh4499,61.201046,2.858774,800,-141.9042804504889,-4.624888492610648
mh4500,186.70734,8.356202,800,-142.4609667348669,-4.271456430205309
mh4501,173.6137,7.710465,900,-141.8753002333571,-4.071689575009898
mh4502,36.48007,3.1105046,400,-140.8395383622446,-5.28097473711597
mh4503,115.83898,5.2329946,1200,-149.9120686251665,-6.744336540084466
mh4504,76.05383,5.083164,1000,-146.7698327372034,-6.727469341299266
mh4505,108.15813,6.0266733,700,-148.3108977094127,-10.81245494072304
mh4506,94.734375,6.9796977,900,-149.5440243377588,-11.63812099313569
mh4507,225.9517,8.231529,1100,-147.097202282659,-12.95394490362354
mh4508,281.9937,15.20283,1100,-147.7520780730373,-13.04126540457758
mh4509,109.83221,6.2263103,1400,-144.7547160953585,-12.9924380972661
mh4510,152.27562,9.342644,900,-148.9827854417935,-10.75908995494524
mh4511,258.8096,7.635801,1000,-144.91387845556,-10.99616553918134
mh4512,131.67305,6.4731803,1200,-143.4756172119773,-11.16846560034051
mh4513,116.92741,7.281497,900,-143.7249774310721,-11.12286602589708
mh4514,88.38265,6.432014,1300,-148.1479155428664,-9.0525926008802
mh4515,131.9257,6.0347357,1500,-148.3237378396438,-8.827905520155095
mh4516,304.63593,8.436452,1600,-146.3533612175165,-9.805862244460354
mh4517,53.863335,3.0321524,400,-145.7242547049868,-6.90384945210563
mh4518,350.19547,20.283955,2000,-141.2306897889801,-8.05684035300061
mh4519,618.73535,19.068136,800,-138.9060860078867,-10.12608893402916
mh4520,796.83435,14.902982,1700,-140.1123957086425,-8.002278012640776
mh4521,574.2038,7.8605494,800,-140.125453306343,-7.584427464084997
mh4522,215.14459,6.933156,800,-139.2375012580521,-10.77920782531492
mh4523,68.63106,2.5304854,900,-141.6020923878774,-9.46467759866135
mh4524,43.559338,2.8444953,500,-141.9384651505771,-9.3006096870509
mh4525,186.71565,7.847607,1400,-141.1400880981232,-11.83678870025417
mh4526,200.61359,6.9475737,1100,-142.5792497404201,-9.90613796443554
mh4527,103.458405,5.1688704,900,-142.8446083641431,-8.892773883834757
mh4528,107.23367,3.8556612,400,-141.0120297680785,-9.33450176149458
mh4529,106.81145,3.82065,600,-141.1407057241557,-9.328807299161832
mh4530,91.346405,3.278095,600,-141.2969870131016,-9.256006129677733
mh4531,61.61875,3.9848335,800,-137.4007955094765,-5.009984270513937
mh4532,58.588398,3.814363,700,-137.2563975955481,-4.771300449205517
mh4533,66.1013,4.0318036,800,-137.375640308256,-4.640537988504819
mh4534,79.89317,2.5720036,500,-138.4426194663041,-7.063491655109946
mh4535,34.300327,3.1787348,500,-139.7597554097698,-5.750753929309067
mh4536,38.502716,3.0627298,600,-137.0576115974651,-6.552154715115499
mh4537,83.07953,4.953292,800,-138.541169680065,-4.847428472347212
mh4538,65.57573,4.3801136,400,-139.0017703681828,-4.915438739698809
mh4539,72.05776,2.82935,600,-138.5039959088659,-6.441149140960765
mh4540,69.358604,3.527311,700,-137.5650869660549,-5.030086058865805
mh4541,80.95409,6.7131023,600,-138.3912864607761,-4.842245601860936
mh4542,79.58768,4.640932,900,-135.4952449420866,-0.415335939188856
mh4543,59.44806,4.5081825,800,-135.6845336996082,-0.890756190629361
mh4544,74.241844,3.7803998,800,-141.3203087930632,-11.47916573486562
mh4545,84.42169,5.795634,700,-140.6850075899672,-10.97656603153384
mh4546,129.12773,8.848695,1300,-140.7672337256038,-12.44068919816605
mh4547,85.3675,7.0572944,900,-140.0431836342385,-12.60474124935753
mh4548,104.27771,9.167644,700,-140.4605100454331,-12.31804118184671
mh4549,113.75588,7.7321005,700,-140.5785905465792,-12.36754352716066
mh4550,117.52645,5.9092517,900,-139.6723865551759,-13.16601604544508
mh4551,297.92767,9.481195,1000,-139.4279988124802,-12.0302543107065
mh4552,275.76648,10.961389,800,-139.5439986486132,-12.0583147826331
mh4553,156.33286,6.024767,800,-141.2034649024515,-13.82982240907801
mh4554,49.099,6.248657,900,-139.9976549444662,-13.70637852838761
mh4555,86.8615,6.2426605,1300,-139.6326538685699,-13.87467829131929
mh4556,23.998863,2.341881,600,-141.9868138115208,-13.55111533662062
mh4557,54.7458,3.345194,1000,-142.8213718058834,-14.24482657439707
mh4558,61.748333,5.372568,1000,-142.4422533346001,-13.95706610703645
mh4559,136.39992,5.803547,900,-142.7078795325378,-14.37262586717724
mh4560,326.12332,7.716807,700,-143.4476901812901,-14.57433526786886
mh4561,114.46714,5.2464747,900,-142.9797574972866,-14.33602710217516
mh4562,177.2136,5.9232693,600,-141.9778530105343,-15.99225822790717
mh4563,379.8214,20.203495,1600,-142.7713164006765,-14.90112265087515
mh4564,199.51358,12.981132,1100,-143.6165364292277,-14.74502078764608
mh4565,478.49646,13.189343,1200,-143.6337593039802,-14.31142973715152
mh4566,620.664,20.54479,1600,-144.9110843268959,-15.49343632344787
mh4567,353.34164,16.807722,1100,-146.2249477137478,-17.1255366146539
mh4568,82.12956,8.671999,800,-142.8451521449678,-16.04922540158926
mh4569,469.55905,12.270745,1200,-142.8361539086725,-15.70165966272619
mh4570,233.47311,9.732427,1200,-146.7406877522187,-17.48872327080834
mh4571,300.6147,18.243202,1100,-142.4989057101054,-16.95698652990791
mh4572,437.94568,12.114803,1500,-144.2843359754999,-16.82591067476222
mh4573,404.36447,28.228043,1200,-145.497323379612,-14.35441594836221
mh4574,155.11955,13.709325,900,-142.6303349463567,-15.80925120300504
mh4575,497.32706,13.219575,800,-143.0895579458787,-15.85665274651317
mh4576,978.7377,26.00463,2600,-145.0934322331791,-14.29302626076835
mh4577,249.9817,11.487274,2200,-147.9504363694473,-17.50313588382005
mh4578,141.37401,4.2723756,800,-144.6231736908855,-8.570161177843216
mh4579,87.404625,2.9458992,1000,-145.006266917355,-8.487821309044124
mh4580,146.254,6.0735216,1000,-145.3804129314452,-8.095220504297247
mh4581,67.30121,2.6476245,800,-145.104411438674,-8.468673423070362
mh4582,92.30307,4.184397,900,-145.717423449187,-8.232746267046036
mh4583,86.19965,4.7662306,700,-146.7429263717264,-11.20969612900659
mh4584,141.98573,4.5775347,600,-145.7156166901061,-8.0228535853437
mh4585,139.34846,4.152041,700,-141.7587142355472,-10.47303409052798
mh4586,64.11195,5.510701,900,-141.1450163504871,-10.3318530345781
mh4587,39.996536,3.9041007,400,-141.4743671571843,-10.69676619078259
mh4588,94.662704,3.3623044,700,-141.6553572586733,-9.959224207070902
mh4589,118.17183,6.555432,600,-142.4131667943831,-9.056295587065302
mh4590,41.724186,4.7688813,800,-143.6872355088161,-8.81406241396702
mh4591,276.69727,7.300671,800,-139.5933726300443,-11.23165962513263
mh4592,298.60184,11.573476,1100,-138.3759044444323,-10.69128849029361
mh4593,47.878277,3.7719371,600,-136.541598590562,-9.720112844392416
mh4594,65.183365,3.5886595,800,-134.7930505072597,-9.858858705415816
mh4595,111.92834,5.6712556,600,-134.8216416157899,-10.01530920735382
mh4596,122.37277,7.422476,700,-135.1760477691368,-10.15132781950322
mh4597,169.06598,7.4544144,900,-133.7135523567071,-10.53047669430373
mh4598,64.01277,3.1669822,1000,-134.0405359303227,-9.436347411165562
mh4599,149.85065,9.338869,700,-133.2299287361436,-9.999083543454413
mh4600,116.08584,6.5762577,700,-133.0127422749155,-9.761315638542534
mh4601,132.78789,8.514181,600,-133.6296082975123,-9.907386488362793
mh4602,76.949326,2.885817,900,-134.2834632691318,-8.475891927295638
mh4603,112.37102,3.7557085,700,-134.4370390345897,-9.436258759077012
mh4604,109.404366,4.051366,800,-134.5513307994633,-9.463026212922443
mh4605,55.8668,3.8363342,900,-134.7684140086475,-9.220219417247844
mh4606,161.0724,8.607175,800,-131.9275756613395,-9.804693224066154
mh4607,139.53271,8.7470875,800,-131.7282964086614,-9.76885025313006
mh4608,35.646465,4.902484,900,-142.900761582626,-13.56447506277898
mh4609,403.89682,15.955255,600,-143.190999491491,-17.32057939792454
mh4610,140.21175,10.030683,1100,-143.8041962891803,-19.15380289038918
mh4611,167.11356,8.690717,800,-144.5278756864411,-19.27321827862558
mh4612,66.89906,6.543437,900,-143.4545707881536,-19.67159312815006
mh4613,298.45578,14.055538,1800,-143.8897408788304,-19.02103926363263
mh4614,182.19221,9.418922,800,-149.7192827022992,-18.92793977211819
mh4615,86.12581,4.628879,1000,-146.6288208306985,-23.10198429762839
mh4616,151.20312,7.899116,1100,-146.4260576231249,-23.08833365811916
mh4617,125.29056,6.662482,400,-146.2687049861433,-23.06319459541217
mh4618,97.10161,4.2674203,1000,-145.919684934032,-22.72860097495296
mh4619,345.44144,7.544586,900,-145.614107691738,-22.91059100252244
mh4620,217.18968,7.4113774,1000,-145.7618805196764,-22.91286927812528
mh4621,105.25482,5.038411,1000,-147.6839803813156,-22.70926467517289
mh4622,102.80072,5.305641,1200,-148.1742930808541,-21.57465961145137
mh4623,142.77626,4.705576,1000,-148.4723361238044,-21.46417641736036
mh4624,218.96547,7.4468093,900,-146.5733404777299,-29.55152246892736
mh4625,323.20752,11.577219,1900,-149.5373327136501,-28.11192429409256
mh4626,132.79839,5.7264156,1300,-147.0751894309812,-29.50297075869372
mh4627,115.1784,6.3585787,1100,-146.9508050724377,-29.18204206516301
mh4628,106.05223,5.160928,1000,-149.2298313079478,-26.81448161283895
mh4629,75.06821,4.438639,1400,-149.1160588373746,-27.49599639662377
mh4630,69.078804,4.306856,900,-145.7553477919113,-29.53787389486341
mh4631,136.20988,8.519599,1300,-144.0828984690999,-29.8543951083354
mh4632,76.56782,3.861816,600,-145.2472067931249,-30.32199552992748
mh4633,98.22587,3.831072,700,-143.7271161255233,-29.37431401447186
mh4634,119.512184,7.229121,1100,-144.399785171511,-29.8421529511922
mh4635,142.47691,6.1594615,1200,-144.6230201749985,-29.26458343625317
mh4636,152.17462,7.0197964,1200,-145.529529995372,-28.6274348411625
mh4637,136.5143,7.782525,1200,-145.6610358572445,-28.64480659403948
mh4638,120.62413,10.375671,1500,-145.7758090081031,-28.73282512271252
mh4639,71.61797,4.5081816,800,-144.8125426345895,-28.29222734571871
mh4640,184.29684,11.609461,700,-143.0586625015766,-28.12366711423482
mh4641,151.23679,5.481865,900,-142.6824461859616,-29.75012939580045
mh4642,102.37867,6.9016523,1300,-144.1239312610808,-28.82475819895936
mh4643,59.07379,2.9813116,800,-141.2620498584087,-30.43247594564452
mh4644,66.64714,4.135514,800,-141.0010830231977,-30.48134184856453
mh4645,76.99602,4.542645,800,-140.4572838056279,-30.73161349576112
mh4646,492.58417,26.100132,2000,-143.840474120869,-27.38056341729933
mh4647,201.0255,21.676775,1200,-143.8771734791927,-27.49960928323748
mh4648,516.9625,19.080254,900,-143.2494332976348,-27.9022980886083
mh4649,131.43922,8.244699,800,-140.780851707263,-28.69291780535363
mh4650,307.76346,14.6969385,1400,-141.9922209943217,-27.83054858853279
mh4651,305.9314,10.996842,800,-140.1718723783961,-28.18309134933483
mh4652,90.56239,5.319497,900,-139.7995906614642,-29.87099456809153
mh4653,150.03036,10.233549,800,-138.1112492215808,-30.28564587790609
mh4654,64.94555,3.9457693,900,-138.6236383553995,-30.09207583832602
mh4655,115.98594,7.1699786,800,-139.7642606282314,-27.57701130909628
mh4656,241.88242,12.057272,1000,-140.5977573889703,-27.28507123949643
mh4657,403.7193,21.384125,1100,-139.0697367797646,-28.81423448262374
mh4658,104.400955,6.6662083,1400,-139.7516417818841,-27.44818620645356
mh4659,90.39552,6.264465,900,-140.2644696728723,-27.04544966859983
mh4660,73.57873,7.716647,400,-140.1180361659474,-30.11019663911103
mh4661,98.5234,6.660964,700,-141.0825914205344,-27.48498871029917
mh4662,183.43953,14.512763,1000,-140.9958455208279,-27.00865424598824
mh4663,82.298775,5.2329187,900,-140.8660856819567,-26.89324823165184
mh4664,194.49425,8.529591,400,-141.7267041861665,-26.87458282286687
mh4665,303.9652,14.57826,1000,-141.1870514548602,-26.99541437533163
mh4666,119.74999,10.222587,600,-145.1466467041769,-25.29398724655287
mh4667,122.98051,5.7676888,1400,-142.9781503584023,-26.06007714976714
mh4668,219.18481,18.632057,1200,-142.4730603049627,-27.31161331971174
mh4669,195.8288,7.490029,1000,-147.8231356684772,-26.218039576149
mh4670,250.0407,10.079691,1300,-147.8484237907297,-25.78888383007844
mh4671,221.4203,6.947821,1300,-146.0931440931272,-24.21785815924866
mh4672,359.42535,26.543146,800,-144.7522999707592,-26.75296710005153
mh4673,169.82031,8.382619,1500,-144.4036216760695,-24.02642512980321
mh4674,112.95993,7.86731,1100,-140.6053983059679,-23.52384128007809
mh4675,70.164696,2.876284,800,-141.6629358849672,-23.3431949502783
mh4676,53.80361,3.4145324,700,-141.335887190731,-23.29844022181671
mh4677,54.11852,2.829736,400,-139.8506781340682,-24.20823040447403
mh4678,145.46745,8.414833,800,-140.6539600578142,-24.02972939022877
mh4679,78.16263,3.933552,800,-140.3409471368392,-24.03982892039227
mh4680,56.284504,5.2187304,900,-140.0371569635073,-25.4160946002423
mh4681,85.15394,5.2259755,800,-139.5689300221422,-24.53453647239883
mh4682,68.54998,5.5628085,600,-141.0772404834576,-23.89321885116813
mh4683,86.64559,4.7387147,700,-141.0460854781304,-24.5045629440492
mh4684,89.61586,6.7479916,700,-139.6630156742127,-24.65838389280543
mh4685,264.7954,10.628797,800,-141.2727419017092,-26.94114349787484
mh4686,53.47133,4.2289405,900,-139.3146292613358,-25.81089063658831
mh4687,81.76886,4.9714293,600,-140.392105874307,-24.37497860642381
mh4688,92.93433,5.8344464,700,-141.0831100047674,-24.15956784942061
mh4689,63.603394,3.9365573,800,-140.8627888528235,-25.13196645774486
mh4690,94.9758,4.072625,700,-141.6200733878216,-24.49141565370715
mh4691,76.11464,3.820297,500,-141.3647360108739,-24.60715643331313
mh4692,81.65376,4.5348783,500,-142.0280394515242,-24.53327189450212
mh4693,147.98164,6.883873,800,-147.612503201596,-26.714299192346
mh4694,140.53679,6.7013326,900,-147.3871762068251,-26.99882548055525
mh4695,102.41378,7.8162494,1200,-147.0884762671053,-29.19517194177625
mh4696,78.7653,7.7109985,1300,-147.1989389739039,-29.19492055943527
mh4697,326.29614,10.385866,800,-144.0998450224915,-26.82432195508783
mh4698,685.6958,5.246007,900,-145.6920991449347,-24.56028481298559
mh4699,71.88184,4.4603496,1000,-136.2965528852315,-27.09163572888626
mh4700,66.124825,3.4309711,1100,-136.5904882796891,-26.81711378233152
mh4701,63.883915,3.6113722,900,-136.6446947594481,-27.26833167529732
mh4702,100.22716,5.087651,900,-136.0975906564859,-27.42054431030567
mh4703,84.735146,5.2470784,800,-135.6910686246043,-25.85622998614613
mh4704,102.15118,7.398069,700,-135.9410191319596,-27.47620161412295
mh4705,351.6158,10.681008,900,-136.9986340266679,-23.30557336881112
mh4706,92.425415,5.575152,800,-135.8864487078935,-27.22894492168363
mh4707,53.410156,4.4461985,500,-135.4623264876595,-27.62910906945492
mh4708,62.242413,3.4726086,1000,-136.5017377959773,-27.84416861129797
mh4709,80.09153,5.1954646,900,-138.6721083963457,-23.36144561970901
mh4710,76.993484,5.479782,900,-137.8217479864897,-25.20933365861524
mh4711,309.93777,10.556926,1200,-137.3018032210755,-24.86181137071776
mh4712,64.07105,3.4946082,500,-137.8755668602404,-25.44930344183772
mh4713,105.25953,8.051455,400,-137.4467181987008,-25.92938296876371
mh4714,146.61307,8.897018,600,-137.5678736588422,-25.90732960447297
mh4715,83.58773,4.2499433,900,-137.6969521352138,-26.11177316483187
mh4716,66.631935,3.7698045,900,-136.2575504145495,-25.21616207074939
mh4717,52.755005,3.6030617,700,-136.3688670675011,-25.17472101591809
mh4718,41.665546,2.8883393,800,-136.5315029533199,-25.10203364679579
mh4719,115.63773,4.9214497,600,-137.7656811473733,-23.57415530714866
mh4720,238.34659,9.959248,800,-139.4801143247557,-22.24821286050266
mh4721,58.75309,3.945242,600,-133.4902398870243,-28.72473305512646
mh4722,126.94726,6.963125,600,-134.2642743293657,-28.2228123590044
mh4723,74.099594,4.607701,500,-135.9573408685055,-28.22210865770526
mh4724,158.86949,12.5622425,900,-135.7140691141636,-30.12941625410204
mh4725,118.9544,4.666247,600,-135.2619651659154,-27.6949962250552
mh4726,78.03594,4.837602,800,-136.6287172730358,-30.22430988934705
mh4727,98.66131,5.1990137,600,-136.6440257050691,-30.08668962442726
mh4728,46.218315,3.6599805,900,-135.6102028123871,-29.41121486679306
mh4729,46.81266,2.928773,800,-135.3374567678003,-27.40705907488123
mh4730,65.57537,3.9922607,800,-137.7588863625044,-26.83369671406793
mh4731,87.31703,7.3377156,1100,-134.2409660938883,-24.50265425813406
mh4732,40.881535,3.5719128,800,-137.6602449994344,-25.51801634358888
mh4733,147.31673,8.446682,1200,-138.1474852121808,-24.23793743326311
mh4734,116.96831,3.8377361,1000,-133.1300014327994,-25.18487518349212
mh4735,114.55184,5.707837,800,-129.6303129762341,-27.08904849722046
mh4736,102.811935,4.6225085,700,-129.5070752813162,-26.94791332886328
mh4737,115.95101,6.391457,800,-129.843336994804,-27.09382949005743
mh4738,131.92986,5.895062,1000,-129.9918452961195,-26.81457663888163
mh4739,125.71677,8.544115,1000,-130.0757451278569,-27.40212741070788
mh4740,87.403175,6.684848,1000,-131.0147792058386,-27.80054536302584
mh4741,344.7861,15.101929,800,-129.533820171019,-25.29069626870877
mh4742,69.65867,5.450179,600,-129.0081573139638,-27.31617882770703
mh4743,111.77885,5.245211,800,-130.643239853402,-26.64267463926828
mh4744,72.576454,5.436078,900,-130.738284146951,-26.38227074556679
mh4745,123.83673,8.779308,700,-129.2432978833965,-27.19329521898786
mh4746,102.81447,8.342521,900,-128.9585129984511,-26.84936861043015
mh4747,107.07351,7.0466413,900,-129.1806236469974,-27.86832885432335
mh4748,40.001785,3.1694694,800,-129.4157669854832,-27.68480239156338
mh4749,138.57893,5.754347,400,-130.0748826181341,-26.77291787912471
mh4750,116.916,5.917975,800,-130.863504196238,-27.07325223627158
mh4751,125.077545,7.8067584,800,-131.3056775977547,-27.01078862391549
mh4752,134.84239,6.5734324,1000,-131.1341984370964,-27.25124478009959
mh4753,129.90631,7.090817,600,-128.5589350785359,-26.41480440121791
mh4754,84.71126,4.4758606,700,-131.6281442834152,-28.32989766040462
mh4755,80.98467,5.197616,900,-132.2899296360129,-25.16097588970355
mh4756,68.21679,5.075541,900,-132.5140225065957,-25.15959783952105
mh4757,123.65068,8.304971,500,-132.8070737405607,-24.97897298106206
mh4758,131.93204,7.609064,700,-131.0680435549233,-26.02697759948672
mh4759,158.61594,10.1735935,800,-131.8048153658839,-26.64583817046847
mh4760,121.85318,6.498623,1000,-130.9747826245693,-25.89155437088329
mh4761,224.90437,4.2176495,900,-131.6894293396234,-26.19750113297601
mh4762,74.35948,4.1524734,1000,-131.7698914226633,-27.19074411946164
mh4763,148.97089,5.8329873,700,-141.0924464648891,-22.3146503005388
mh4764,85.82068,3.703429,1100,-140.4093065400195,-22.26381363752617
mh4765,183.46776,7.3628263,1000,-141.6471475961658,-21.60433953654725
mh4766,240.74677,11.754518,800,-141.7036621878444,-21.95077548484117
mh4767,223.84146,15.03963,1000,-143.0598387293414,-22.28038003986315
mh4768,92.16661,8.403904,700,-143.5428628109235,-19.42393156523041
mh4769,67.21072,3.3450122,800,-148.7632393737947,-20.55059750380998
mh4770,89.54166,4.4971957,600,-147.3995820061798,-21.98780883921005
mh4771,130.87999,7.532661,1300,-147.635233525408,-21.85389796675492
mh4772,60.487255,3.827768,1100,-148.2986565750951,-20.61623216780426
mh4773,298.74045,12.236841,900,-147.6121016066772,-20.10270271960854
mh4774,347.22122,14.721657,1100,-149.4419613812623,-20.60070900817232
mh4775,126.64792,7.3501005,1100,-149.6390408845577,-21.26511097540199
mh4776,72.82584,5.4816213,900,-149.6896014146344,-18.71313163825658
mh4777,55.141426,3.5787292,800,-147.3195106158963,-19.2519357661705
mh4778,34.88707,4.0502086,700,-149.8184717571136,-16.05129103744293
mh4779,113.90284,5.863943,1100,-147.5755874245766,-17.47395628224701
mh4780,104.548096,14.682329,500,-146.5965895924509,-16.14919571872212
mh4781,171.52834,11.485615,1100,-147.0358942271806,-15.27569455651571
mh4782,105.61932,5.0422955,800,-142.3033292378484,-4.394980189131318
mh4783,210.24397,7.423768,1400,-140.8830681704766,-16.78965491812335
mh4784,97.861374,9.397796,600,-138.7694137805084,-17.16986929239553
mh4785,89.79793,5.61418,800,-138.0552372736015,-16.21035520768556
mh4786,141.27213,5.450656,1400,-137.8301869798285,-16.10973224320531
mh4787,211.7729,9.215975,500,-138.3403819905165,-16.91924486787925
mh4788,74.005486,8.672245,500,-140.2859333615545,-16.30818782121148
mh4789,77.06624,4.6908355,800,-138.6751718736582,-15.36673262693521
mh4790,56.859303,4.4650545,700,-135.5443985198451,-16.0935535662195
mh4791,159.055,7.18543,1200,-138.0979452016385,-18.68497154438941
mh4792,106.31031,4.6309,800,-136.3875653877147,-15.41954323065923
mh4793,102.48219,7.9263105,1000,-137.0472849742533,-14.63022567536165
mh4794,91.481415,4.558181,700,-136.5892243102788,-14.56114487725755
mh4795,65.60903,2.5276,700,-136.7859285315569,-14.08913286700317
mh4796,48.746265,4.458816,800,-137.9560733571988,-13.74072777917594
mh4797,34.556595,4.408333,800,-137.9883977528382,-13.59839162019947
mh4798,39.122036,4.5418177,900,-138.1617922099367,-13.7104583928405
mh4799,98.74709,3.631304,1000,-136.7815747875412,-15.75750385197746
mh4800,65.42497,6.878504,1100,-138.9890338943926,-14.34623037439811
mh4801,157.05878,11.368365,400,-140.2895592155195,-15.46258871619621
mh4802,197.81126,13.638957,800,-139.8649103463153,-15.60905471634779
mh4803,461.6576,14.116056,1700,-139.4983834583016,-15.37572580175742
mh4804,192.25931,9.179559,600,-139.4590532329658,-15.53949729374228
mh4805,242.9055,16.018549,1300,-139.6021755045902,-15.31971945721493
mh4806,203.14297,11.098518,1700,-139.739755774312,-15.23296398152806
mh4807,486.86343,17.02557,600,-139.5592773857835,-15.14651018208722
mh4808,48.827164,4.5413723,800,-139.1678604606403,-15.02940551532319
mh4809,149.32724,6.1398816,1200,-140.0635950506594,-14.76508429275146
mh4810,43.30162,2.7534678,900,-136.2027233161609,-13.07210236372318
mh4811,68.4175,4.3093395,900,-137.0213113140805,-13.46875197605423
mh4812,100.60994,4.8525925,1300,-138.2565055294062,-15.61445737387227
mh4813,55.530174,3.951759,700,-135.1665155350154,-11.93441909593036
mh4814,82.06061,6.8376527,900,-137.1888540478569,-13.94789988178341
mh4815,71.08227,3.6425798,700,-136.0984602821675,-12.78224216940568
mh4816,54.91212,4.7037396,700,-132.0665092004742,-12.00627760833254
mh4817,82.90325,4.3428316,600,-133.1133755679094,-15.02887763353158
mh4818,52.893818,3.0157483,800,-131.9534988457794,-13.93081587726111
mh4819,56.270206,2.6971421,1200,-131.9309754045209,-12.97295465123128
mh4820,105.5739,5.3540344,900,-133.2648700611262,-13.78894487359843
mh4821,98.524124,4.3965955,800,-133.0552174632658,-13.20730216897593
mh4822,81.43296,4.108337,900,-133.0082628169751,-12.73044859012409
mh4823,122.07995,4.45457,1100,-133.079201858959,-16.68211694394786
mh4824,133.06407,6.1322117,600,-134.1944319584885,-14.14282755917308
mh4825,189.2389,8.092786,1000,-134.6785998602247,-15.33855301544922
mh4826,56.437252,3.1486642,700,-132.68073326044,-12.76827556624796
mh4827,63.33916,3.224786,700,-133.861973496951,-13.50853808310281
mh4828,105.99649,6.0912747,1300,-134.4977861447395,-13.78323552538641
mh4829,64.3313,4.724549,700,-132.8598840463308,-12.3354625467294
mh4830,112.56104,3.9251008,1100,-131.2737052738809,-19.3007744980572
mh4831,73.84911,3.8714416,400,-134.008580081676,-17.24819071869545
mh4832,102.74298,4.2706494,800,-127.8709059509371,-15.14443322158822
mh4833,135.7245,7.0599346,1200,-128.773059830838,-13.23829198601669
mh4834,152.97691,8.526038,600,-128.2762386699151,-14.72008485778948
mh4835,128.59854,5.6381807,800,-128.2060346394769,-14.65028248757327
mh4836,69.117355,5.930995,1200,-127.1794320954554,-15.54402148415955
mh4837,56.258263,4.0625963,800,-127.7599190323303,-14.83847735119758
mh4838,90.36566,6.363385,800,-127.5490074936631,-15.5261919595186
mh4839,111.644196,6.303638,600,-126.9211769867953,-15.51051362662057
mh4840,53.32238,4.8999615,500,-128.3642789931648,-15.3021952093014
mh4841,140.66982,4.150101,700,-130.9668636255385,-14.06773060134491
mh4842,107.811005,3.3065267,700,-130.6957361506297,-14.12335226720374
mh4843,58.55311,5.564971,800,-129.0596856816157,-12.17182508947795
mh4844,98.26731,6.226833,800,-130.0501297778661,-11.74336834528035
mh4845,87.25206,6.383904,700,-126.2027505481654,-15.2885272421932
mh4846,40.486633,2.9146647,600,-130.0424614055007,-18.20668916149731
mh4847,156.25684,6.2910795,800,-132.2328628025753,-10.88457403464226
mh4848,92.25891,6.2178183,900,-129.7832587700182,-13.81009349381552
mh4849,102.51079,6.202018,1000,-130.302232617526,-11.42703430456356
mh4850,52.58289,5.3327374,400,-130.1035244171059,-13.85718040924818
mh4851,53.85682,4.56849,400,-130.2511827281927,-13.79916964005099
mh4852,66.49475,4.7617884,900,-128.9553517323805,-13.99215694574456
mh4853,83.97466,6.502543,800,-128.8401878008485,-13.93802318044791
mh4854,50.39392,3.3330603,700,-129.0148395233425,-12.46250174906457
mh4855,92.38578,5.1089625,700,-128.4342990811513,-13.68660820728341
mh4856,83.33345,5.0625973,600,-131.2889130684586,-11.84289255035552
mh4857,44.57953,4.5375166,900,-127.5111828642533,-11.99617264945023
mh4858,60.13253,4.315192,900,-127.2962321286462,-11.94665623824139
mh4859,106.1286,5.716964,800,-126.0607276739215,-12.56664927785667
mh4860,102.514946,6.6561327,500,-125.931157436256,-12.01439277071225
mh4861,61.95248,6.0264688,600,-126.2970348644847,-12.02172972111174
mh4862,45.476475,5.367345,500,-125.9927465145999,-11.57716139351557
mh4863,55.01275,6.0683813,800,-125.91286819244,-13.39732457026478
mh4864,123.68236,8.389464,1000,-128.5337516035824,-10.55627251817794
mh4865,43.11141,5.6014695,500,-128.6543547119881,-11.48408625926414
mh4866,63.942917,5.3155556,700,-129.3092840293625,-12.15414997717803
mh4867,53.149002,6.732937,800,-129.2838054315525,-11.541672852633
mh4868,122.56353,3.881449,700,-128.1940184976085,-12.20874190996716
mh4869,201.56808,7.6685443,800,-128.9994882033929,-13.15175010689579
mh4870,95.16185,3.3744223,800,-128.4106225775425,-11.47490770699478
mh4871,49.16578,3.8162167,900,-128.4426018867962,-11.26124758998743
mh4872,87.92332,5.3383784,700,-125.4933700357152,-13.27163185936304
mh4873,98.01358,7.017543,800,-125.8841638497623,-13.03852028991283
mh4874,74.941154,7.1844344,900,-127.531384728842,-11.52186809777875
mh4875,71.25927,6.1717134,800,-126.5391050215879,-13.56714970209523
mh4876,84.223335,7.4459724,800,-126.2779008500858,-13.80633451434422
mh4877,114.94964,7.7016335,700,-126.0764722585963,-13.86304878815904
mh4878,38.513214,3.9982271,600,-127.071353606128,-13.39871646196889
mh4879,92.380165,5.6772957,800,-126.9153366434602,-14.04143445613738
mh4880,69.141426,5.2756443,700,-127.3679228054228,-11.51880970525305
mh4881,95.184296,6.5992074,800,-127.6852599133143,-11.48925244922591
mh4882,97.40494,6.3757873,800,-120.7082588739892,-6.997661326505676
mh4883,98.29102,6.6383734,800,-120.882540343734,-6.981244280230873
mh4884,148.06635,5.0198326,800,-121.057264250241,-6.963838344683298
mh4885,72.4628,3.035901,900,-121.1851016882046,-6.755023918679099
mh4886,132.70609,5.5410075,600,-124.1724840464115,-8.593139928487632
mh4887,121.95869,8.097223,900,-120.3826835504826,-9.0264824986985
mh4888,64.705025,4.3245044,900,-120.1181827908149,-12.24265170867788
mh4889,39.958893,4.513515,500,-120.8980130016722,-12.35440780710029
mh4890,122.428696,9.962532,800,-120.0477185646032,-11.51394258527624
mh4891,73.24229,6.5475297,1100,-120.0388951902308,-11.88356011101106
mh4892,90.160065,5.1614814,600,-120.4423338893265,-13.05553185995671
mh4893,139.58664,11.033052,1100,-121.1721281675703,-11.6372959044302
mh4894,115.50109,10.140379,1500,-121.5263772307997,-11.58924027330819
mh4895,103.542015,5.4480257,1100,-123.3291841168664,-12.05154054684898
mh4896,90.28187,5.423161,900,-120.7473829787128,-14.58082636712372
mh4897,57.663765,3.2208476,800,-120.3055117556913,-15.48179558873384
mh4898,157.14221,14.045577,1100,-121.1632973340494,-12.7321676628214
mh4899,252.5882,11.260886,900,-120.2297219861184,-17.04601950029031
mh4900,115.28427,9.652062,1200,-120.5436221423857,-17.00802755754014
mh4901,38.23812,3.8386931,800,-122.2593140848711,-16.33559488077291
mh4902,82.08794,6.4100857,900,-124.2001884934629,-14.88756538760008
mh4903,122.047005,5.248982,700,-123.153048300196,-14.03629603177418
mh4904,115.90486,5.9472694,900,-123.9949922732206,-14.73519924217053
mh4905,79.92792,4.9820094,800,-122.9230803851219,-16.92403247497508
mh4906,140.86763,14.1477785,1200,-125.0396508285688,-15.43522325061907
mh4907,98.639046,6.3918376,800,-124.6541032696694,-14.70290648725596
mh4908,78.54993,6.7589464,1200,-124.9856831788031,-14.3897098091887
mh4909,72.798515,6.0207124,700,-125.1586518276537,-14.55041832357268
mh4910,134.14073,9.63158,1400,-125.0940897963913,-14.75866502308811
mh4911,71.493645,3.989379,600,-122.4741906944767,-14.18837390112559
mh4912,135.99832,8.188873,900,-121.8885228213597,-21.5512774606858
mh4913,86.29123,4.9255457,800,-121.3409159379502,-22.28151132936047
mh4914,95.04168,7.135202,900,-121.0050295168995,-20.81132028890842
mh4915,75.690056,6.6235213,800,-120.2301100712942,-20.87108163749567
mh4916,80.80387,7.2558227,900,-122.4827091361237,-21.07786409381797
mh4917,167.8384,12.887548,1000,-123.8172863005776,-21.1213052347296
mh4918,81.651405,5.107419,700,-121.3825394320994,-22.67226392877846
mh4919,87.78269,4.7583356,800,-120.0373595114703,-20.87898201561313
mh4920,72.187706,4.810667,700,-120.0598803150543,-20.97996608591723
mh4921,128.11713,9.611254,700,-121.5408009956506,-19.86222658575637
mh4922,123.4574,7.4073853,700,-120.6737286127979,-22.00375297879345
mh4923,122.19143,6.7590857,800,-122.1212949077869,-19.80959890036998
mh4924,146.56094,10.227647,400,-122.0481306886314,-21.53109997396164
mh4925,81.800354,7.5758643,900,-122.8108981875202,-18.61553000628587
mh4926,117.30927,6.7853775,800,-123.4844086366028,-20.99408010403734
mh4927,82.03889,4.95373,700,-123.4099134064787,-19.99859632286672
mh4928,82.18802,4.022941,1000,-122.7862283606767,-19.59381086672767
mh4929,43.1686,3.1381104,800,-122.9733473108899,-18.87853409288948
mh4930,47.68499,5.2573986,900,-121.0810881874371,-21.86709334005893
mh4931,131.86362,6.817848,600,-123.564103487049,-21.74948859126648
mh4932,114.04654,6.812529,1100,-125.7461177956063,-17.84691649505343
mh4933,106.67698,9.680851,700,-124.4504015222656,-18.37241475368548
mh4934,114.77898,6.426552,1200,-124.6663999883453,-22.56176742098918
mh4935,85.29492,7.7757545,1000,-123.4997537582804,-22.14314927854966
mh4936,118.4138,9.077588,800,-123.7159353310485,-22.18664917480329
mh4937,77.54421,6.3099627,700,-123.8922676204931,-20.66597526054188
mh4938,96.545815,6.817831,900,-123.3250273416285,-19.77594577501029
mh4939,204.25131,17.614014,1000,-124.1114922814421,-20.26604795733224
mh4940,139.83821,4.952148,800,-123.0571814015401,-19.31302027135991
mh4941,116.5258,7.336702,800,-121.7395307647746,-19.83356605464339
mh4942,85.23049,6.4781656,900,-120.6835357817491,-20.3060257154821
mh4943,168.92192,15.238493,700,-125.5994642456266,-18.90756014670091
mh4944,82.717384,5.814844,900,-124.2772805808235,-18.82193205480178
mh4945,73.965126,5.0824814,1000,-123.0312383287901,-19.53244309922376
mh4946,69.42973,4.4386153,800,-122.359879915756,-19.87556693396868
mh4947,70.74637,5.109909,900,-123.1206856220771,-19.54590545402369
mh4948,235.98387,9.945836,700,-123.4374021587622,-19.09590720237768
mh4949,113.00843,9.342766,1200,-123.4536818241111,-18.68773576691556
mh4950,119.54765,6.7517786,1000,-122.6183947187778,-18.1579457419217
mh4951,246.1572,9.125783,800,-123.6960630190569,-18.95372814401617
mh4952,101.76098,7.172216,800,-123.8678927424967,-18.8832502911492
mh4953,156.41104,13.542321,1000,-124.0098168434119,-20.00304664127644
mh4954,127.629196,10.760006,600,-123.8072982813138,-20.15723079913609
mh4955,148.80367,4.1836348,1000,-122.0670417276806,-18.38538153958247
mh4956,97.65306,7.103202,800,-124.8771835398483,-18.70082806873547
mh4957,133.7594,8.197048,700,-123.6446501336266,-18.28436172809879
mh4958,48.75495,4.189981,800,-121.5009923192193,-18.4614898391144
mh4959,145.48157,7.6326613,900,-120.5464966619717,-18.11539105164023
mh4960,152.1701,6.3898597,900,-125.2502848980152,-18.73968129973749
mh4961,201.7505,8.129565,800,-123.7524892370517,-19.08239904425687
mh4962,124.91683,5.99754,900,-127.4154243372039,-19.59976727886064
mh4963,214.39641,15.792463,1700,-125.4523949082932,-18.92479817320143
mh4964,193.10304,12.1968565,1100,-125.9057217098674,-17.53126853345011
mh4965,57.60748,5.7642093,900,-126.5875566088048,-17.007700586569
mh4966,101.528595,7.158822,1100,-126.3213764754143,-18.5820438954081
mh4967,161.19673,12.311899,1500,-126.0729932354113,-18.56224398726212
mh4968,204.19159,11.720174,1100,-126.2112490523411,-18.56928040012898
mh4969,107.20997,9.212594,500,-125.2381962233369,-16.62436013291245
mh4970,133.83524,9.302562,600,-125.9034052128188,-16.27791096265363
mh4971,130.87166,9.990971,900,-124.9241997852182,-15.78999699333399
mh4972,102.79637,10.130719,400,-125.5404164818379,-15.93474667338453
mh4973,213.44698,9.838213,900,-126.0684011438563,-15.72864192559555
mh4974,86.041115,5.4387193,700,-124.693366442326,-15.1536659967222
mh4975,74.17054,4.9903216,600,-124.2210744763725,-14.72746793352523
mh4976,62.015823,4.752787,500,-123.9377485561274,-15.01760670833211
mh4977,157.67249,9.876933,1400,-124.0737404606629,-13.05676699589614
mh4978,88.83076,5.0057836,800,-126.3816070303249,-12.62869177623967
mh4979,62.018177,3.38352,500,-122.7916857851836,-16.26260528386138
mh4980,154.99196,5.752994,1200,-124.6564068473155,-17.28141818084618
mh4981,75.5384,6.4924436,1100,-126.7456205555246,-16.86880451911963
mh4982,193.39839,11.570637,1500,-126.25212899431,-18.10628940683059
mh4983,137.89537,5.99102,1600,-129.2848580407977,-15.83210617228273
mh4984,109.864784,4.887893,600,-141.7861151943444,-11.91384820115641
mh4985,133.60231,5.9153666,700,-142.9521765020733,-8.524235488458599
mh4986,71.44532,9.373281,1200,-141.9495531790774,-11.03686208638112
mh4987,153.32784,4.492593,700,-143.0847241770194,-8.502819678270065
mh4988,170.93353,2.7080884,800,-139.8954302460648,-16.78663323591717
mh4989,98.645744,4.0980372,700,-135.2925668628027,-14.244947053235
mh4990,97.52547,5.0361767,1000,-136.5342934061171,-15.53123602217364
mh4991,113.23972,8.757879,500,-139.1528500664394,-12.92377398206886
mh4992,185.45457,10.109682,600,-133.3041512752519,-19.95193601354262
mh4993,97.20332,3.7277172,700,-133.8570922593071,-14.01895784303813
mh4994,131.56917,7.7158384,800,-130.4014507233926,-19.61160445640473
mh4995,192.6571,15.643005,500,-134.0641525417986,-22.08814434488402
mh4996,83.362404,9.294437,1000,-132.3727286149686,-22.84578387765517
mh4997,111.908966,8.474232,900,-132.584329371664,-22.89188870909878
mh4998,209.62393,11.624545,1200,-132.2298399069336,-23.15999421159599
mh4999,138.03563,9.19096,1100,-132.8041765717,-22.5695851106918
mh5000,79.99525,5.470209,1100,-134.2300257493893,-21.76681236362903
mh5001,98.90455,7.6011887,1400,-133.2832344522281,-20.62284780298247
mh5002,233.82802,16.030186,800,-131.4446789251062,-23.16137880929136
mh5003,189.40721,7.8074136,700,-133.9285187653236,-22.04338491258778
mh5004,585.1054,20.913782,1600,-130.8212451051755,-23.737468014393
mh5005,301.5806,20.40078,1500,-130.9995440848157,-23.71763101768139
mh5006,87.76532,5.9709477,700,-131.943302185405,-25.60624965843781
mh5007,82.50763,6.782855,900,-130.8445174865448,-25.73148501852117
mh5008,93.2192,5.568462,800,-131.222407830942,-25.27344774108574
mh5009,102.31569,7.318043,1000,-131.2112169170923,-25.38679996074971
mh5010,73.58289,4.9609413,900,-131.3255983223841,-25.25944562736816
mh5011,521.66125,21.315918,1400,-130.9847274501392,-23.8849123431976
mh5012,332.41403,8.46426,800,-131.3512782828441,-23.95776087630631
mh5013,167.99873,12.0848255,600,-131.2778274826572,-24.08464493103124
mh5014,117.747795,8.217165,900,-131.1950954585567,-24.18014365998595
mh5015,133.74945,6.5868416,500,-129.1553779719899,-28.11864881945248
mh5016,242.26266,11.720409,900,-130.1360503285003,-28.49446928445865
mh5017,188.05565,7.0075393,700,-130.3430147951914,-28.66796919347529
mh5018,71.0763,4.3810334,800,-128.8952861020929,-28.33925452101675
mh5019,82.986145,5.1751266,700,-128.4732754007645,-29.18834150476082
mh5020,171.00304,9.236565,800,-128.7928566027599,-29.0778612576425
mh5021,244.31572,11.130514,1300,-128.9357410782322,-29.18149753028799
mh5022,175.55997,9.028411,700,-127.9714483493694,-27.57636371888164
mh5023,150.80913,8.234878,700,-128.0876326386656,-27.21173918734538
mh5024,140.1343,9.804656,1000,-128.1244869772341,-27.33598370475437
mh5025,130.7086,7.927335,700,-128.2827327723807,-27.07115564279447
mh5026,81.38663,7.8129945,700,-127.7856262281335,-26.71200534530957
mh5027,100.50515,6.767815,1100,-129.1085514779879,-25.95243415122005
mh5028,93.12653,6.49993,900,-127.560132234756,-29.55238044819363
mh5029,101.32699,4.2893,700,-127.3492169476557,-29.14639021115754
mh5030,90.94154,5.820886,700,-127.4228623502446,-30.47021802692757
mh5031,129.69781,7.8013763,1000,-131.4927406814934,-28.91474894140361
mh5032,182.51418,9.64346,700,-131.5047023492829,-25.7755929165286
mh5033,146.32385,12.267768,1000,-130.315559058849,-26.27064089939233
mh5034,108.91825,5.1816554,700,-125.6711382615879,-26.82329802707972
mh5035,135.20056,8.057123,1300,-131.3110818335209,-29.01574866242916
mh5036,155.97668,8.441622,1000,-132.0750685455411,-26.5676454446244
mh5037,139.59279,8.943297,800,-132.2036626194193,-26.5495195307604
mh5038,177.60034,9.772776,1000,-129.8270775880804,-28.61074446993668
mh5039,232.99551,11.072038,900,-129.9282179899897,-28.45461704600032
mh5040,131.6184,6.4026513,1300,-133.0357431579193,-27.31064251253174
mh5041,150.97435,9.51364,800,-132.351178933832,-30.64689940594633
mh5042,88.986404,4.189631,800,-132.4085119841426,-30.48624525592802
mh5043,90.52511,4.4131107,700,-132.3033401647951,-28.20865475175214
mh5044,93.79979,6.2500343,700,-131.8330148277939,-30.67302124663175
mh5045,126.24759,10.004583,1000,-135.7769729520101,-30.4046627078084
mh5046,88.487434,6.0496,1100,-133.7647470052219,-26.96024986060956
mh5047,94.18256,6.8255672,900,-132.3597148438238,-27.20954348045025
mh5048,189.1504,9.931638,1000,-132.561300162171,-27.09696053444431
mh5049,169.23665,9.608754,800,-132.6656854465998,-27.01106779850829
mh5050,73.481,5.186856,800,-138.809983651998,-25.86489781749819
mh5051,143.2678,8.688048,1000,-147.3826782718898,-27.35974560329027
mh5052,101.561,6.8634906,400,-149.8376549151272,-25.64573835911101
mh5053,533.05035,28.981005,800,-146.7529755265646,-26.26627114928827
mh5054,146.44656,5.9012866,1000,-148.4228774026019,-23.63901250073778
mh5055,153.82228,5.541012,1200,-148.5289525476756,-22.0650494801007
mh5056,100.71219,4.455128,600,-147.889464109288,-22.8106443539585
mh5057,154.04453,8.147727,1300,-144.7910337025768,-20.52806703289134
mh5058,68.33027,2.1488345,700,-143.4516305711298,-6.461218980115685
mh5059,125.59135,4.9364834,700,-145.2417202170668,-9.01368134547524
mh5060,73.770935,5.899181,1100,-136.7732763637252,-12.31590051373338
mh5061,88.80253,5.4274616,800,-134.3590712517095,-14.15047158380373
mh5062,61.201046,3.7835972,600,-134.9882896565307,-13.9522136755644
mh5063,62.66428,5.222266,1100,-129.2466182751499,-11.88730621382169
mh5064,111.28114,5.0266814,800,-126.8809342257006,-6.805025867226484
mh5065,84.72682,4.870971,500,-127.2348706391406,-7.763511108767463
mh5066,126.88826,8.201231,800,-127.0702905554674,-7.274134856310161
mh5067,84.88645,4.932156,1000,-126.834986593312,-7.228903098926598
mh5068,208.13373,14.566352,1200,-125.5142590824624,-4.974588607594116
mh5069,72.818245,4.877225,700,-123.2073497811981,-9.477866884045
mh5070,145.86833,11.5143585,1300,-120.1134768905985,-10.92500136233494
mh5071,114.42136,7.110471,1100,-120.0481183269892,-10.18015277870111
mh5072,74.94098,7.1345973,700,-121.1988747828122,-10.34166914577434
mh5073,231.04091,13.159251,1000,-123.2844578927657,-10.17636903760908
mh5074,122.554115,6.600724,1000,-122.4383968368259,-9.509594061005316
mh5075,107.95254,6.8849397,1100,-120.5629696926839,-9.915656240390692
mh5076,67.10068,7.534616,800,-121.0278665057755,-11.66779290833228
mh5077,143.54634,10.470268,1400,-121.4484686494849,-10.59140751002729
mh5078,150.76497,11.295603,800,-121.7477687215504,-11.61192946203516
mh5079,123.03118,10.60103,1400,-121.5654163575976,-10.68419236023391
mh5080,98.18714,4.51917,800,-120.0294494674877,-12.0497146698644
mh5081,64.84529,6.851387,1200,-124.7945625571415,-11.07006918959581
mh5082,79.499535,5.7811193,800,-125.0179818292936,-10.80029314228259
mh5083,84.337715,7.6606827,800,-125.0357909758481,-11.25159001867993
mh5084,93.236206,5.5764728,800,-124.0271382655932,-13.44439322048938
mh5085,99.482605,7.1487303,900,-123.466442121923,-12.28393153591555
mh5086,115.122475,7.7370386,1100,-120.2809097770942,-11.76620845804522
mh5087,161.81334,9.141668,900,-122.8846413211544,-11.590660418884
mh5088,123.33107,5.1133657,800,-125.3440409643812,-13.19728930880119
mh5089,190.33185,15.097163,700,-121.3510663143966,-10.67693081472733
mh5090,207.01599,17.029125,1200,-122.5542047058289,-11.71881252392925
mh5091,268.64468,17.208529,1100,-122.4336826251124,-11.64482259526691
mh5092,120.21168,9.397342,800,-122.2447126624968,-11.61958295748484
mh5093,81.74606,7.212002,800,-121.362474046579,-11.78455332600418
mh5094,205.7616,12.132506,800,-120.0980620956769,-10.41770321777525
mh5095,95.006386,8.037377,800,-120.2418642884371,-10.50228748089231
mh5096,115.49729,8.623665,900,-120.9298410772084,-9.635676047201086
mh5097,123.46554,6.4068427,800,-122.1656599164618,-8.969265832218113
mh5098,91.52431,6.463243,800,-123.7061144766878,-12.75090373741187
mh5099,97.20984,7.5900464,800,-124.3889322103626,-13.85505179246796
mh5100,53.522366,3.0554051,1000,-123.106688721828,-17.24744824568211
mh5101,77.08325,4.4366584,600,-123.4476744019796,-17.27914420101953
mh5102,70.03692,4.7018847,700,-125.4592642543303,-17.60701045252203
mh5103,64.5416,3.7859077,600,-121.3688818741694,-18.08688267053683
mh5104,119.138275,8.345481,900,-124.3997923390619,-19.85453424278928
mh5105,124.24683,8.275414,1000,-126.6358209122169,-19.89330838454567
mh5106,111.85051,5.3049273,700,-123.4195986368264,-22.84528096814901
mh5107,97.122246,6.841244,500,-122.2558264674893,-23.18455593759043
mh5108,54.047394,4.7400084,700,-120.4092774672295,-21.02845032217232
mh5109,181.38576,13.379566,1000,-121.8287170117904,-22.09384557989274
mh5110,66.68117,4.7388115,500,-121.4448133039054,-23.19685469091903
mh5111,98.746735,6.380647,700,-124.9615405039942,-21.76869989496901
mh5112,120.84963,7.419199,800,-125.1878651420297,-21.82504948716292
mh5113,148.44786,9.71035,800,-125.3788311270267,-21.84797894084517
mh5114,111.89467,7.854419,800,-126.5890514404424,-20.11118096485473
mh5115,113.23756,6.6870756,1000,-126.3226537486396,-21.66649808140187
mh5116,81.43767,4.2875385,900,-127.0819882469255,-21.72457372915749
mh5117,134.34686,7.3264074,700,-123.578625382691,-21.88903873841093
mh5118,113.0088,8.628797,900,-123.9680620829078,-20.40407614012041
mh5119,79.64414,6.227315,700,-123.0048471239955,-21.72975076212604
mh5120,71.577255,5.306014,1000,-122.4253740344162,-21.57805805452496
mh5121,191.37991,7.47791,1500,-121.4784016415339,-20.55163911307443
mh5122,168.69678,10.933397,900,-127.9197823775608,-20.26135247673167
mh5123,124.755936,7.8677793,1000,-129.2117678554613,-20.5799862156504
mh5124,68.41859,3.425175,800,-138.6086719524271,-14.12097241031135
mh5125,283.97653,10.081664,900,-137.5534731663153,-14.9586434908869
mh5126,86.82494,3.911238,600,-138.915133991672,-17.41633934213121
mh5127,195.74628,6.707325,700,-139.0586465092048,-15.49817024025113
mh5128,180.49913,5.8781147,900,-136.1518644975629,-19.38183936756982
mh5129,226.71255,12.510993,1200,-133.319439128427,-19.63221377081195
mh5130,535.78345,10.847358,1400,-135.2311400076483,-21.50253563462771
mh5131,1001.16095,20.881372,1700,-135.8985782961619,-21.37913564025916
mh5132,585.3977,16.941248,1500,-135.8373381242132,-21.68982395034674
mh5133,256.5982,5.4537225,1400,-135.9960093968765,-19.65278492420824
mh5134,183.22707,9.936756,800,-133.0344662201966,-22.53569655428501
mh5135,172.5962,8.058107,900,-130.8073361299035,-22.57052800244423
mh5136,144.99002,8.104437,1100,-129.012108784821,-21.27381347079769
mh5137,118.350464,8.001424,1000,-127.6928202661819,-23.69376776020752
mh5138,146.45688,11.519651,900,-126.6429853133634,-25.46688524221359
mh5139,66.32173,6.0236087,1100,-127.4779339877072,-24.6258657075451
mh5140,460.38513,21.6267,1000,-126.3822482486396,-24.4585489057324
mh5141,204.03812,10.534626,1000,-126.9766358389848,-24.6541200185287
mh5142,104.79332,5.109472,1000,-127.3415182529955,-24.89499199263491
mh5143,83.32458,7.107424,900,-127.6755336844917,-25.22726666735014
mh5144,168.96518,12.172594,1000,-128.0546798119139,-26.53579733732787
mh5145,83.01727,5.4516735,800,-127.4327068375846,-26.55406032298124
mh5146,236.19255,8.546673,1000,-129.4204647837053,-24.85871305860125
mh5147,85.09892,8.677645,800,-125.8174996168828,-25.92703829767291
mh5148,111.115005,7.8517427,800,-129.22534772804,-25.95361644159978
mh5149,465.87357,25.514698,600,-124.2100927935925,-24.5685249040779
mh5150,192.61475,16.003601,800,-124.918851367444,-24.48858302185825
mh5151,49.297897,4.8785834,1300,-126.1286863850816,-26.37033328635053
mh5152,74.49413,5.452766,600,-122.9945000805771,-26.22890579093224
mh5153,192.38509,15.423889,1200,-121.4670967958187,-25.20289453114138
mh5154,181.90825,16.374315,1200,-121.7331487764988,-25.30153724358333
mh5155,90.25182,11.155162,800,-121.8887694477927,-25.39882359064153
mh5156,101.555565,6.1918616,800,-123.4841587734958,-26.72318303690337
mh5157,83.177444,6.5546756,1100,-120.9891783342312,-23.81018050215184
mh5158,81.356224,4.0397115,1100,-120.4325691908525,-23.57277735014956
mh5159,138.58817,8.259661,900,-121.9995643806931,-24.08871927991462
mh5160,311.61945,26.700062,1100,-123.3950018006991,-24.44420785531762
mh5161,179.20638,14.579823,1200,-120.4467605356586,-23.896735878844
mh5162,139.78464,8.2115345,1100,-120.4990069237382,-23.73469627436882
mh5163,117.76969,10.906435,1300,-122.2778914161378,-23.68086770581293
mh5164,99.30651,7.5882516,900,-120.7659967212567,-26.99329471639063
mh5165,130.0433,6.6774282,800,-120.7181511762547,-27.1647189188246
mh5166,145.35542,8.097822,800,-120.7336430003574,-27.29389804942022
mh5167,165.00331,13.728027,600,-120.7732438192124,-27.45391157293215
mh5168,163.58261,10.173591,1300,-120.6544978771399,-25.45265504728288
mh5169,188.04895,14.602285,1000,-120.8308807996316,-25.53454472744766
mh5170,175.52359,14.471241,800,-120.8746010952936,-25.34831158505432
mh5171,233.83073,16.010223,900,-121.8133605341824,-25.16419438963329
mh5172,130.39857,10.378159,700,-120.9810245990904,-25.62048399937799
mh5173,233.53647,16.813267,1200,-120.9991238719412,-25.28486191383841
mh5174,160.058,7.704975,1100,-122.6293334826533,-24.20486165193734
mh5175,124.43705,10.032797,1200,-121.057846967369,-24.13235448497685
mh5176,203.13121,14.654712,800,-123.4335415200591,-24.28345942583222
mh5177,311.8133,27.358444,800,-123.8676598091668,-24.31580534169439
mh5178,133.41861,9.370948,1000,-123.9013326864506,-25.90406802956414
mh5179,113.45437,7.7131195,800,-121.8525424564048,-26.90672755867527
mh5180,102.77031,7.27988,800,-122.122471778585,-27.35499599390854
mh5181,141.39719,9.498387,800,-122.1216761182091,-27.62947959285655
mh5182,178.52553,9.692488,800,-122.0426345122967,-27.99889045452943
mh5183,69.71604,5.912398,900,-120.6939870668092,-28.65934645006587
mh5184,158.66154,11.284536,700,-120.5380427799837,-27.86371536182499
mh5185,81.09598,5.779067,800,-120.65985079077,-28.82039633112845
mh5186,192.50417,11.680466,800,-120.689787437724,-27.72594657525157
mh5187,146.76744,11.407629,600,-122.0677926454469,-28.82882264386638
mh5188,126.18551,7.3633285,700,-122.85392775806,-30.19243991506515
mh5189,241.07777,16.954037,600,-120.2176695864114,-28.03071206312275
mh5190,144.91618,7.8734837,700,-124.4311877608951,-29.4915348536842
mh5191,63.655334,4.5648837,600,-120.5347361977606,-29.92010446844202
mh5192,108.23143,7.170817,900,-123.6631301140165,-30.37483894710856
mh5193,70.607376,5.557845,700,-123.6441424666,-30.14088394093904
mh5194,70.82673,4.760913,600,-122.780256304905,-29.22380447300709
mh5195,85.067795,6.498711,1000,-124.40186029673,-30.06030075022773
mh5196,92.73887,5.0263076,1100,-122.8192057862987,-27.17902336983709
mh5197,93.72233,6.4870477,900,-124.0036038346321,-26.72978691967321
mh5198,61.610245,4.921106,1300,-123.1550784567973,-27.11114106103224
mh5199,67.99654,4.7201824,700,-126.0035288925906,-28.73530150834035
mh5200,68.80553,4.8988957,1000,-124.1771725863461,-27.46322362878753
mh5201,90.787346,7.004792,1000,-124.7601846929204,-27.03185132044673
mh5202,73.95879,5.3087826,800,-124.3913452655815,-26.62108845202736
mh5203,69.927246,5.1017246,800,-125.8417229482614,-28.05712048111586
mh5204,193.59947,9.565164,1100,-126.3648075941241,-28.42985881237696
mh5205,116.219765,7.2512674,700,-128.8169827849577,-26.70140303749457
mh5206,155.12589,7.149568,600,-126.9810700530905,-28.52532374447201
mh5207,105.14479,7.9481874,1000,-130.9767835882016,-25.70491456374327
mh5208,82.223305,5.7213936,700,-129.40791997699,-26.75340924358548
mh5209,77.353096,4.565559,700,-124.1569938627556,-27.0951111203402
mh5210,47.188377,3.907183,700,-123.4660614162964,-27.20768179973924
mh5211,74.28908,6.7711315,1000,-124.6752106899293,-26.76775776088004
mh5212,62.67532,6.3869014,900,-125.6211413331031,-25.525011629426
mh5213,128.34444,9.03009,400,-124.9871937308569,-25.37702503571939
mh5214,120.43953,9.612898,1000,-123.9520149570083,-27.93688617496176
mh5215,113.9318,8.760435,1000,-124.5620975638654,-25.78305290405134
mh5216,86.59274,9.687058,900,-125.2405834010403,-25.38862152588638
mh5217,80.79609,5.0884395,500,-123.8159067231042,-26.30733112276164
mh5218,128.97643,10.015016,700,-124.8434893256633,-25.52110850776752
mh5219,235.54065,18.002659,900,-121.1276904548817,-25.35398364124841
mh5220,197.18959,13.698673,800,-121.2764999854536,-25.27959914322654
mh5221,130.58064,8.395649,400,-121.6836658448968,-27.25217384740288
mh5222,153.05927,10.142533,1100,-121.012380068031,-27.6371412591335
mh5223,91.55272,6.612702,800,-125.9907653112074,-28.07520017640855
mh5224,85.92492,4.564992,700,-125.5548617794527,-27.97588757297134
mh5225,177.84593,10.9311695,900,-124.906895515774,-27.74352567824976
mh5226,128.0022,9.758786,800,-124.9755888010229,-27.69228405599706
mh5227,186.63132,10.037006,800,-125.0883587345444,-27.6958144447313
mh5228,130.65413,9.266552,900,-125.2024876829311,-27.66952877818806
mh5229,183.95642,5.9317,600,-131.2754684688684,-28.63866663560152
mh5230,91.239624,5.7131534,700,-132.5815512563139,-28.79320580020359
mh5231,84.32504,5.5245533,500,-132.3784670097158,-28.8190669150068
mh5232,78.4055,4.608721,1000,-132.4259861310513,-27.38052286028642
mh5233,127.49201,8.711137,900,-134.0134366982159,-24.68745727109338
mh5234,158.59729,8.85378,1100,-127.3925853710836,-26.9269947684534
mh5235,63.869076,5.8350267,1200,-139.7340008351218,-30.10435255007186
mh5236,115.44535,7.6586266,800,-126.9086493143655,-17.13749669402988
mh5237,105.79632,5.234595,700,-127.1847985761156,-14.06929922850522
mh5238,127.74322,7.199833,800,-126.5434140015706,-17.8655095165765
mh5239,108.96386,6.5856624,800,-126.7359629502122,-12.83089553122095
mh5240,87.78686,4.4759383,700,-128.1110142279702,-12.10593907294271
mh5241,51.908733,3.713972,800,-127.4753455758565,-13.83754968979884
mh5242,97.30594,6.8868046,700,-127.2868654063259,-14.34469089043645
mh5243,49.183517,4.2139397,600,-128.791303558615,-12.41106787393043
mh5244,99.20172,9.610265,900,-125.1228734537738,-11.34355199775176
mh5245,52.572575,3.4703064,500,-125.218257830712,-10.92880181742317
mh5246,66.112885,4.7329473,700,-125.6851689678448,-11.14983208248672
mh5247,80.098404,6.911691,900,-127.1891468037479,-11.31365574648902
mh5248,94.463806,8.163996,600,-126.7947541264457,-12.92382031468424
mh5249,84.793785,7.7329636,900,-127.3330034889135,-11.30182037373383
mh5250,48.674236,3.165048,700,-127.4543618626808,-13.68433206798692
mh5251,56.544937,5.214922,900,-131.1316617189346,-11.44878245728013
mh5252,107.76033,4.873528,800,-135.4290843425555,-15.94091275636722
mh5253,214.56816,8.498571,1400,-134.4603602389376,-15.32389860212956
mh5254,149.86115,10.267933,1300,-135.5127006254663,-17.86922652426859
mh5255,146.26413,7.482617,1200,-125.6102161110792,-15.65883289698454
mh5256,69.14034,5.384117,600,-129.6664695232622,-5.150513704241928
mh5257,56.535343,5.805255,700,-127.3486232646477,-1.405189155714227
mh5258,59.832104,4.6565766,800,-130.7016793861979,-0.2424542643804591
mh5259,138.015,8.463004,700,-126.720380398164,-21.44539771188533
mh5260,107.99579,5.9507236,1100,-127.3732829989928,-21.15336406943704
mh5261,166.86037,13.079388,900,-131.9272839734411,-19.7020409888113
mh5262,96.319954,6.8351903,1000,-132.9019539932547,-19.96958911776892
mh5263,136.13062,6.324132,1000,-131.631567069193,-19.50390102307256
mh5264,147.0905,13.872898,1000,-134.6423605502768,-18.88684637905124
mh5265,226.79707,14.302325,1700,-135.5676422384882,-18.91635941210228
mh5266,302.16498,10.329089,1000,-134.9723891742111,-18.77031369058696
mh5267,275.97934,15.988173,600,-133.8442939962666,-19.40138604993998
mh5268,193.45197,10.816442,600,-133.9219103560428,-19.35469569477545
mh5269,107.278015,9.162259,600,-134.1427052019156,-19.12328649075044
mh5270,569.0036,19.437822,2000,-141.2895187746184,-16.42474956469142
mh5271,199.38951,11.152813,600,-141.4922359348706,-15.34343146754814
mh5272,331.4284,17.16128,800,-141.5409232501771,-16.1213147650217
mh5273,143.9892,11.3318615,1300,-143.3050271832174,-14.27946885255524
mh5274,122.2421,5.65339,700,-138.0250295005385,-10.58590902370062
mh5275,131.48447,5.579546,800,-135.1127903229564,-9.795843257007087
mh5276,59.31377,4.0645046,600,-134.9064281816457,-9.04697184410854
mh5277,78.03883,3.799792,700,-131.1788252711143,-7.243724176345824
mh5278,207.74896,8.561115,900,-128.0479348183593,-7.096344990369716
mh5279,101.06836,4.224508,700,-133.0785549263592,-6.533963318758066
mh5280,64.22524,3.2343144,600,-133.6247903452115,-6.493510425758923
mh5281,110.87303,7.672694,900,-127.7704564365898,-11.47592436913306
mh5282,85.96691,5.533919,500,-127.814555228132,-11.53194103792596
mh5283,77.39526,5.390012,500,-127.7496012956329,-11.37591509515415
mh5284,42.89224,5.4703627,800,-129.1380621874912,-11.89277895664159
mh5285,73.928024,5.06674,600,-130.577020484242,-12.34808883456038
mh5286,126.94219,7.9070745,1100,-149.8648686581322,-18.89682399903617
mh5287,65.68142,4.2016344,600,-148.8599651036631,-20.57370320253809
mh5288,55.010033,4.039934,700,-148.9496345326196,-20.57681945442658
mh5289,123.32872,6.301714,1200,-144.3099593879028,-31.99999294375462
mh5290,91.203064,5.2920446,1100,-146.749187050203,-31.86608944825691
mh5291,313.38312,7.9606194,900,-149.9141592588162,-30.53361864124003
mh5292,152.48663,11.29264,600,-148.2937356508828,-31.14138645271247
mh5293,134.56404,5.4864283,1200,-146.0811144317022,-31.75095439823166
mh5294,162.55319,8.497001,1500,-147.0043813246897,-31.85065948735962
mh5295,110.32303,3.345308,900,-147.7701653449436,-30.46874349953201
mh5296,94.095146,4.8583655,900,-146.6867887626266,-34.04378178534768
mh5297,154.47562,5.025547,1400,-145.9660870993626,-32.64196673422575
mh5298,55.106678,3.6202815,700,-145.8003697009387,-33.72960566696586
mh5299,332.12555,17.559889,1400,-148.6682623621496,-31.99973170824435
mh5300,449.26978,17.828333,1200,-149.5519127004115,-31.84372957073469
mh5301,294.5368,14.104072,1300,-147.4131146686901,-33.17726642397884
mh5302,170.97932,8.482826,1400,-147.0409605322392,-33.53176210116366
mh5303,370.18018,19.288416,1500,-147.7506504023663,-33.9901913238187
mh5304,118.63189,5.0403595,1000,-141.2412271729077,-34.29535930221434
mh5305,111.766174,6.7874813,1200,-144.6140638680851,-32.16726937309188
mh5306,135.30498,6.4113035,1200,-143.9567693806871,-34.45716136293263
mh5307,114.51854,4.3575883,800,-141.472778956825,-31.55414821508476
mh5308,133.8108,9.069844,1200,-146.5305363055883,-35.72316799230278
mh5309,112.98816,4.618001,1000,-140.2822378380343,-31.71762365175364
mh5310,93.7835,5.0185766,700,-140.1299201145151,-31.87463220327796
mh5311,136.5239,9.091669,1000,-138.7878913806674,-30.96800127838794
mh5312,114.91851,4.0697565,600,-140.3453110290003,-31.43586802027251
mh5313,112.39563,7.566151,900,-137.8792195507592,-32.64517145572819
mh5314,125.68039,5.030971,1200,-141.690318580196,-34.18991390390136
mh5315,230.5367,14.892575,1000,-142.5260670465368,-34.9814679301013
mh5316,38.722427,2.6548376,700,-137.2267450167208,-30.91357840464464
mh5317,251.69234,15.9618,1200,-134.4638133198962,-31.10077549419827
mh5318,77.64755,7.283265,800,-136.449010055901,-31.46402848401438
mh5319,121.13631,8.035974,700,-136.5842942601216,-31.58786835428582
mh5320,74.60562,3.5922568,900,-138.6526837271941,-34.39608565303502
mh5321,46.844513,3.1226537,700,-138.8775377611163,-34.75572764214847
mh5322,116.093445,3.8065321,1000,-139.6961930206884,-34.41144328616074
mh5323,87.80713,3.6595137,400,-135.4283995658307,-33.66095652266868
mh5324,89.36501,4.06882,600,-135.2247862439316,-33.86694640463539
mh5325,81.71421,5.636318,1000,-135.946298197979,-35.13909216293143
mh5326,52.487514,3.496238,1000,-136.2279748327606,-37.40473145920234
mh5327,101.52986,4.734958,1200,-134.7521251616441,-37.51652539542967
mh5328,116.04421,5.361326,800,-135.8244814445372,-38.66937771545637
mh5329,107.9786,6.6664996,1100,-134.7586250071409,-38.99259282813138
mh5330,118.5852,4.197263,1000,-135.0112826375104,-36.27716671341094
mh5331,99.736336,5.288796,700,-137.3623487700708,-38.90504683321387
mh5332,53.953827,3.4230187,900,-133.6311349040939,-41.06363673275568
mh5333,61.652054,4.5105205,800,-134.5924070112522,-39.01974355744137
mh5334,58.616993,4.2491283,800,-133.8140051534206,-40.79104343369257
mh5335,75.62961,3.1674201,1000,-130.6208958447332,-41.62991178560047
mh5336,87.04375,4.2118516,800,-131.2936676700792,-42.02077211750661
mh5337,84.87233,3.9420402,1000,-137.4411336191285,-39.72227842492589
mh5338,164.70108,8.589991,1100,-134.5964732545304,-43.53920236543245
mh5339,130.25868,4.662514,700,-144.6417806088151,-60.07922511869003
mh5340,74.26157,3.619487,400,-144.4154892101051,-57.86032191059288
mh5341,77.50603,5.5433507,1000,-145.7591790468979,-59.01151169396702
mh5342,57.613995,2.3922985,400,-146.8743508753517,-58.7086293012901
mh5343,87.76098,7.1287813,600,-142.8210715743443,-58.65755279929315
mh5344,79.89426,3.5288072,900,-146.978061570534,-43.42564783382647
mh5345,98.83397,4.657231,500,-147.5457201619653,-42.55839134215255
mh5346,44.213768,3.0377467,800,-144.6469520228231,-44.79393441844319
mh5347,87.01552,3.5980988,1200,-144.3099792405037,-45.12431811299859
mh5348,112.84808,5.6620297,1100,-147.6804170606456,-42.27927983759979
mh5349,118.51751,9.848232,500,-147.836605706266,-46.01672902522495
mh5350,93.511665,4.794792,900,-143.8210658657734,-45.96623723742686
mh5351,87.54181,4.81514,900,-147.9303732577012,-43.47483496747181
mh5352,98.354004,4.3863187,1000,-147.8382855491766,-42.60800479248488
mh5353,172.43332,4.1419516,1200,-149.1080107008332,-41.38986176663442
mh5354,57.591915,3.480481,900,-149.1393978486636,-40.51272122942988
mh5355,94.28989,4.0509725,900,-149.1077194930587,-40.18293109375847
mh5356,107.90512,4.349266,1000,-146.6204699510579,-39.66304219052742
mh5357,82.64047,2.602661,900,-146.2817986460336,-40.27489983819319
mh5358,58.59781,4.0447693,500,-145.8745969195891,-39.89799933627587
mh5359,68.49894,2.8834286,800,-145.9651044333204,-40.54943066910372
mh5360,65.69843,2.8463418,800,-147.9490542828846,-37.17603116723878
mh5361,162.45654,4.391742,1100,-149.9353763703263,-35.70836101186986
mh5362,61.805164,3.5886626,1100,-142.7422810825347,-46.36031389860888
mh5363,52.157402,3.202608,700,-138.8812214272323,-44.40157950341825
mh5364,53.609962,3.0156548,1200,-141.9580818230923,-48.78957704226168
mh5365,96.69802,4.4863944,1000,-139.4637649991859,-47.81995307800057
mh5366,67.08439,3.165311,1000,-140.1452000842554,-48.01364787948274
mh5367,79.23259,3.1206436,800,-139.5593498524087,-48.02573705890991
mh5368,142.92285,5.1064806,1000,-143.6455240934969,-48.93180689239941
mh5369,114.23114,3.3524358,800,-142.6672140596075,-49.05376217105138
mh5370,52.356846,3.1483893,800,-141.6447959740841,-48.35208559218118
mh5371,83.98045,4.1387305,700,-144.3115287704306,-49.14208513737131
mh5372,39.199856,3.21112,800,-146.1496187059136,-46.41384287181253
mh5373,173.87105,9.62745,1000,-144.0686779657046,-48.60140717766131
mh5374,144.8152,7.830167,700,-145.871638380361,-46.78546464442876
mh5375,53.546616,2.9386728,900,-147.0144500750295,-46.82141171889759
mh5376,209.4386,12.294827,700,-148.1701934527247,-49.59823587423196
mh5377,105.8651,4.7961364,800,-146.4004871141304,-46.36826398639286
mh5378,182.49898,10.433903,1100,-148.506465690458,-49.9137641302496
mh5379,218.65346,12.91258,1200,-147.0390034274099,-49.85340899255026
mh5380,282.895,12.443355,1200,-138.2641430646684,-41.9914136029937
mh5381,192.10492,8.25285,2100,-141.8267817791876,-40.24307034179682
mh5382,62.36874,2.8948467,1000,-133.3965073816865,-42.06784956918963
mh5383,69.15591,4.6004953,700,-134.2995904579665,-41.54805039136395
mh5384,73.360825,3.938246,800,-131.8577020059232,-41.46817097684568
mh5385,41.565285,2.3535388,900,-129.2718176202214,-41.3093512130349
mh5386,137.5307,7.4201436,1000,-135.5830352367623,-43.73418933925514
mh5387,40.64807,2.6777403,800,-124.632071776451,-41.60673813598112
mh5388,59.677906,4.2171745,900,-127.2141601093782,-42.49153933069292
mh5389,90.07446,4.0323887,1000,-128.6573095851765,-43.27748612753219
mh5390,51.249237,3.5928926,600,-128.4955807793457,-42.05990240094108
mh5391,30.802317,3.5789454,700,-124.6698612558376,-43.51147336553159
mh5392,76.73324,5.3095064,900,-128.2554781309616,-42.92068808986175
mh5393,93.569214,4.0252085,900,-129.3580972588437,-42.63983948102992
mh5394,41.008224,4.168691,400,-127.968631749048,-40.72510094430915
mh5395,106.41745,5.0618515,1100,-128.4139004902119,-40.96852954707018
mh5396,86.633644,5.8323183,1100,-131.0322786365645,-44.08403099010803
mh5397,45.827034,4.194115,800,-125.575662229158,-44.10839467140148
mh5398,80.313774,3.8335538,800,-123.4603163363252,-39.01209098676981
mh5399,56.812607,3.4077463,1000,-123.1229824415804,-39.06545977952567
mh5400,219.50714,15.4765005,700,-120.1347498717151,-39.03765471922964
mh5401,69.62085,4.3152423,400,-120.5575221262383,-53.39663089997373
mh5402,165.956,11.15176,500,-120.6224786656762,-52.44952445794302
mh5403,67.27786,3.3557317,700,-122.3609426932666,-50.98707735178461
mh5404,48.836212,3.933472,400,-121.80633788337,-53.53190866677258
mh5405,65.31493,4.559928,1000,-124.2943383461239,-52.89440413295592
mh5406,53.500828,3.9456754,500,-125.2685757735449,-52.66956744541193
mh5407,112.67416,6.9233475,700,-121.8240629839535,-52.53734353057794
mh5408,82.16883,5.359173,500,-124.5649039454062,-51.53667734263163
mh5409,64.65779,5.5517354,700,-121.3949107539739,-50.1659874851199
mh5410,76.196266,4.358864,700,-120.2913412516711,-50.0924773635623
mh5411,389.4983,17.142681,900,-126.6352867832514,-55.23621453736263
mh5412,63.08832,3.6253948,900,-125.6515578452076,-51.70971924986289
mh5413,84.04507,4.740934,400,-127.7979353782847,-53.9009933021689
mh5414,67.75294,4.851805,700,-128.3103164098187,-51.45336892902782
mh5415,99.412384,7.639777,400,-123.6420947608993,-54.51005516854216
mh5416,73.203735,4.136096,700,-125.0221853944653,-52.68574905190696
mh5417,84.79071,6.4022946,1000,-128.9492727464168,-52.89309153107691
mh5418,159.27344,11.523789,1200,-125.0085649676119,-53.7242481591899
mh5419,176.03648,12.861725,1400,-124.3946341788235,-53.91860459914783
mh5420,79.42497,5.5975666,500,-125.369346411882,-53.67509924697544
mh5421,232.64188,15.194023,400,-124.757437637476,-53.76901559863611
mh5422,159.8696,12.418599,800,-124.4706520112314,-53.70060934975444
mh5423,66.030174,3.224704,800,-123.5533144800813,-49.19336912601955
mh5424,105.7223,7.322744,800,-122.6399938344108,-48.70717731945592
mh5425,146.37816,8.194531,600,-122.2112652056303,-48.74894517174666
mh5426,172.07968,7.799437,700,-120.9714805824346,-48.27281263772075
mh5427,115.15487,9.170319,700,-122.1126966538336,-48.63721852040587
mh5428,141.3581,9.403605,600,-121.121356101708,-44.59552963626754
mh5429,76.52764,3.255983,800,-122.1366304185041,-45.40430038150541
mh5430,54.38239,3.4450085,800,-122.2569808175479,-46.31465266538319
mh5431,69.80255,3.9555628,700,-122.3458966321784,-45.82810916821041
mh5432,132.97647,7.5104494,800,-124.4920781775627,-45.94717903384696
mh5433,45.517193,3.2265284,1100,-126.0157369453496,-47.00257649286966
mh5434,345.8186,18.14309,700,-127.976655664151,-47.34508371935084
mh5435,222.34856,6.884671,800,-126.1003779745133,-45.10138383463833
mh5436,85.43989,4.80678,900,-127.6296160847033,-44.48642541205345
mh5437,72.315475,4.5118036,1200,-125.204714217087,-44.93148363256029
mh5438,81.11443,3.9132109,800,-121.447384474124,-42.6859808435294
mh5439,59.02058,3.1283607,600,-123.9257696709474,-46.86284077576791
mh5440,83.26992,3.9598525,800,-123.2295785120435,-43.12132615660727
mh5441,86.67436,4.8710513,600,-123.3149110330687,-47.62904196232945
mh5442,64.93832,3.1032634,700,-123.4713432280538,-42.44656851719483
mh5443,115.83265,5.99088,1100,-121.9453703720121,-43.44771709506912
mh5444,59.41657,3.1555762,800,-132.0636099742367,-46.76117665441594
mh5445,118.4929,4.905847,1000,-135.1700407815223,-48.17177399297071
mh5446,250.95285,11.623622,1100,-135.9934032860057,-47.06369254537407
mh5447,281.13043,14.322727,2100,-136.3082224696142,-46.80441648851689
mh5448,288.4294,13.629769,1500,-136.6055517826027,-47.0889547350674
mh5449,96.54998,6.117876,1100,-121.5268451008724,-41.72402864382234
mh5450,108.78613,5.0497913,800,-121.7136007512998,-43.08610052843218
mh5451,73.96603,5.342809,700,-120.8157856050651,-41.49211234233601
mh5452,60.059414,3.671443,1000,-127.3268034949762,-38.01996568326598
mh5453,73.71483,4.4639816,800,-126.0535388004291,-37.49936375278892
mh5454,41.070118,2.5114021,800,-128.2532155063582,-37.66170640656195
mh5455,69.13238,3.663567,700,-127.3805551651031,-37.81656313712563
mh5456,64.810905,3.8630948,800,-126.7935941805264,-39.83237818404957
mh5457,55.080254,3.3580358,800,-127.5438756467363,-40.14791355712056
mh5458,54.223488,3.8162708,800,-126.8559679754962,-37.1749459519214
mh5459,68.85982,5.0786514,1000,-128.3490159980802,-37.30749693278414
mh5460,43.927814,4.696411,600,-126.0026943201592,-36.99232981725112
mh5461,102.555305,6.2075977,900,-128.7420426020118,-37.39392600398327
mh5462,65.15042,4.0312004,800,-133.6029616135018,-37.93408578667473
mh5463,91.82926,5.6147313,1200,-133.8496615358886,-39.46440343333931
mh5464,79.369774,4.495978,900,-134.5526842741673,-37.71196710535786
mh5465,70.01014,2.5757835,800,-136.2138283210173,-39.15057000201355
mh5466,54.20394,4.2786136,700,-131.5972519745578,-38.52988679692161
mh5467,64.43193,4.02219,900,-137.9043206722068,-39.17942161335346
mh5468,97.33327,5.40049,900,-120.456428491885,-36.81492230074411
mh5469,113.91732,8.824171,900,-122.3328852475495,-35.90096490753817
mh5470,195.77812,14.864587,1300,-121.7233848116552,-36.05871744278849
mh5471,284.2321,12.9459505,1300,-122.1251816042582,-37.88853340257258
mh5472,418.11255,23.745003,800,-122.8803462074593,-36.56270311793075
mh5473,146.81107,7.12983,1100,-120.4325103148339,-34.34758853936579
mh5474,101.57692,8.6476145,800,-122.4674763321977,-35.82587732638734
mh5475,75.08757,6.884863,700,-123.2382992899294,-30.85254041573721
mh5476,159.5089,12.218592,900,-120.4706238343944,-31.0266528693025
mh5477,143.39648,12.192991,900,-120.9488707503751,-31.19054039863689
mh5478,114.83146,10.027876,800,-121.0331693827329,-31.12640818347279
mh5479,106.85235,9.089648,1200,-120.6070634470149,-31.15317087111737
mh5480,82.75413,6.485941,1000,-122.1411875378936,-32.07451417802467
mh5481,127.04843,9.780741,1500,-123.1628622586656,-31.53302442456404
mh5482,117.666534,9.494146,1000,-121.5357914404334,-30.82205606460102
mh5483,125.95639,8.654774,700,-123.6364209785552,-31.61231404378778
mh5484,187.26964,13.335332,1100,-120.0788989750791,-32.70392516166205
mh5485,83.994934,7.1212153,600,-122.3574666956712,-31.33143799000499
mh5486,175.37555,10.5926695,800,-120.3605260131979,-34.08265117585844
mh5487,107.86983,8.626393,800,-123.5614581647111,-31.79306640137682
mh5488,210.58476,11.68269,1000,-124.0323583446452,-36.22618784187443
mh5489,280.53174,20.166908,600,-120.204688954207,-39.25682436180915
mh5490,57.21511,4.4074345,900,-122.0304379085967,-39.32015697572462
mh5491,157.80243,11.59998,800,-120.3450204386881,-39.23952625577679
mh5492,89.07943,6.2292767,800,-121.3016210870569,-41.97022943289459
mh5493,108.05244,4.9208937,900,-122.5619747471601,-43.41112558308149
mh5494,114.74875,4.4301343,900,-122.6712281892752,-43.40073329955433
mh5495,112.42495,6.833042,700,-121.2664235345108,-58.04684953633188
mh5496,89.73422,7.043529,700,-123.4900506004342,-57.15227902489665
mh5497,72.71979,5.34506,900,-122.3197122050134,-57.47528370827304
mh5498,73.50199,7.200085,1100,-123.318855488386,-59.36497907825362
mh5499,196.04652,8.592203,800,-125.3275022016,-56.95016114615298
mh5500,141.56676,15.575498,1200,-125.2080520052947,-57.69466143524218
mh5501,130.75366,7.892335,800,-125.4888326489527,-59.59782114837804
mh5502,57.4893,5.0268364,700,-127.6580953998202,-57.05739024928921
mh5503,87.143105,3.2007704,800,-129.0172930487377,-56.66563837704352
mh5504,52.714104,4.6882615,900,-128.0264281900616,-56.38226690676825
mh5505,98.98816,6.1061907,1000,-126.162539500384,-59.31092671838845
mh5506,84.77189,3.6787503,700,-129.4770620361934,-56.34501736226337
mh5507,81.403824,4.51755,500,-127.3563685377276,-56.87889250225566
mh5508,100.438,6.8694625,700,-124.0078256330409,-56.98441678185155
mh5509,183.95677,9.033374,1000,-128.8779622052012,-59.94775992333623
mh5510,167.2245,9.726854,1500,-133.6087665978159,-59.85014276791384
mh5511,81.094345,6.036113,800,-143.0489178392215,-59.94424298883537
mh5512,411.96045,26.230059,900,-136.8989879848085,-60.02255722881976
mh5513,56.733883,5.657821,700,-138.8721685057773,-58.97906151460089
mh5514,74.3698,6.560935,800,-137.5404320527523,-59.37857514268508
mh5515,76.3653,4.6765304,700,-139.2137130814994,-58.89353663800564
mh5516,73.00737,6.020318,800,-140.850340669779,-58.15995439368105
mh5517,129.73492,9.795748,900,-141.2076093176687,-60.53517788831811
mh5518,146.1713,5.649908,1000,-144.0871101390417,-60.19484917690922
mh5519,34.366024,2.7421482,600,-143.8479974421541,-57.94537103238329
mh5520,39.187912,3.5655084,600,-143.5788711121713,-58.46773218518247
mh5521,72.25322,6.627129,1400,-141.3622422513047,-58.69699717923438
mh5522,136.90251,8.120407,600,-139.4332060549453,-59.16287526081214
mh5523,51.842316,5.7608852,500,-142.5860213975493,-58.08999774630502
mh5524,51.027897,4.8818374,600,-142.1749231617246,-58.11983731075803
mh5525,53.55295,4.704175,800,-140.823268173323,-58.59407315903585
mh5526,55.768887,4.5716968,500,-144.9807758117969,-58.11606354329589
mh5527,308.61118,15.402765,1100,-139.9671367585766,-57.5940567484903
mh5528,84.31871,4.4376874,500,-145.1199058853271,-59.89628599114526
mh5529,93.26589,5.1938076,700,-148.864130047326,-58.71851027016002
mh5530,136.64424,6.756217,500,-149.3156158931515,-59.16935847981852
mh5531,91.68646,5.979685,600,-147.1077672524991,-59.6638442548814
mh5532,143.7903,3.9583993,800,-148.2998272211012,-58.62944177936445
mh5533,72.18752,4.2735186,500,-147.1239339924579,-59.09830101190497
mh5534,116.17416,6.4579296,500,-145.2053696458691,-59.22005653120016
mh5535,78.8366,7.125576,500,-145.9690853927655,-59.08822150448496
mh5536,71.38487,6.345834,500,-149.9021833740503,-58.99980257078268
mh5537,184.1488,8.5657015,900,-148.4835857724781,-57.72384305624404
mh5538,64.94121,3.9810395,700,-148.8888150406888,-56.83448105219961
mh5539,102.90822,5.6288,400,-149.9912538351483,-56.52945571837347
mh5540,64.95496,5.3025775,600,-146.1342533226296,-59.32863603798954
mh5541,86.722145,6.1843863,500,-145.3989235285202,-59.06383685826797
mh5542,80.17134,5.906801,500,-145.789330286172,-59.49691893897405
mh5543,69.57796,5.0818505,700,-145.9152678371062,-59.37066768995662
mh5544,98.4349,5.7348557,600,-145.2311455154984,-59.55404551457186
mh5545,58.22155,4.605901,500,-142.9094685497467,-57.60210059631026
mh5546,50.0249,2.7247734,500,-144.2149846145732,-57.89840336572257
mh5547,337.77002,19.681149,1000,-139.4811644857016,-57.71065900876269
mh5548,330.5818,22.148054,900,-143.7041601323777,-56.35979009568515
mh5549,832.19324,71.22313,400,-144.1256911992909,-55.92886710571958
mh5550,215.14531,9.423203,800,-139.8514125372026,-56.19588801093381
mh5551,137.02992,8.779072,800,-138.0446451996932,-57.15060924673082
mh5552,108.50254,6.138799,800,-137.7715319096536,-57.19443894510204
mh5553,77.57444,5.763321,800,-132.7263828920745,-58.08837151947333
mh5554,49.454628,6.616167,700,-132.5348104664459,-57.86666709054452
mh5555,81.39948,6.2873793,800,-129.3644918344217,-58.65308934908526
mh5556,72.8653,6.8571563,900,-131.6275980339279,-60.56485106064201
mh5557,231.99214,8.935525,800,-135.789228551719,-60.00530982646278
mh5558,170.66405,12.485959,1000,-127.8967554877528,-57.97614404457504
mh5559,168.10551,12.546813,1400,-128.5492427678689,-57.84880012009757
mh5560,202.54828,19.828718,2000,-128.6457264667658,-57.71345962797253
mh5561,131.05446,13.122359,1000,-129.2881267195336,-57.53109632034579
mh5562,138.44067,10.251196,1000,-122.7386091011044,-59.97887053993623
mh5563,144.40256,14.000017,1600,-122.8013871829749,-59.74022571226707
mh5564,236.90326,11.3822775,900,-121.262622110259,-59.23167329849442
mh5565,121.279465,7.537025,1100,-125.8526999363824,-57.67260891816053
mh5566,108.70723,7.9488335,900,-125.1337821390226,-53.66041492246073
mh5567,94.24464,11.387861,700,-126.982363261618,-55.34160474290518
mh5568,113.080284,7.4801073,600,-127.2475763803901,-55.25407822860817
mh5569,203.87125,13.504553,900,-127.7486071528877,-55.00605961920465
mh5570,60.422646,3.4825835,500,-121.3580716120458,-54.65723416431219
mh5571,204.14635,12.456945,700,-120.119082658472,-54.27264639905231
mh5572,72.701515,4.4241467,700,-121.9198402186032,-53.14256313105649
mh5573,89.43705,4.6816335,600,-122.0939122017751,-53.13055915996517
mh5574,110.028755,8.735715,500,-122.3327532541981,-53.60603980875847
mh5575,137.0958,9.924264,600,-122.5095905956302,-53.58719896476637
mh5576,79.325615,5.966876,600,-122.925154177863,-54.15975905940063
mh5577,121.897514,7.6094155,1000,-126.2441523665131,-58.66288855574572
mh5578,104.10034,11.877619,800,-133.0304735462003,-55.53957247879523
mh5579,111.9173,8.571126,900,-132.8123521806976,-55.28106616868107
mh5580,100.480896,10.936231,900,-131.080361131848,-57.26782636567355
mh5581,147.32976,13.534945,900,-131.9715223884558,-57.30605409929898
mh5582,147.08325,15.396737,700,-132.0950369955199,-56.93139118662013
mh5583,165.45613,15.566809,900,-132.3985652467999,-56.75818881089486
mh5584,112.30713,12.793428,1100,-132.3642713700672,-56.8836131251529
mh5585,142.9994,13.902296,1100,-132.7425399097408,-56.83146766657421
mh5586,150.35992,11.553042,800,-133.1814560331996,-55.21377128093235
mh5587,153.58664,8.950719,800,-133.3368060436266,-55.25335752871281
mh5588,108.98395,7.870349,600,-137.0466627773028,-55.03411553170354
mh5589,125.9515,10.8548565,900,-136.8070813095314,-56.63701823159427
mh5590,276.38455,16.934933,900,-135.5918645973118,-54.67408582478273
mh5591,137.51767,9.062088,1300,-135.7383583427856,-55.228193061068
mh5592,131.67215,8.23874,900,-140.6960293429276,-55.01078612317859
mh5593,212.5218,18.583683,600,-138.2669297162452,-54.94802541700154
mh5594,124.16087,9.621594,500,-138.5764154308361,-54.75205293931333
mh5595,214.16801,21.657803,700,-137.8940987640144,-54.86865410478789
mh5596,107.82042,5.8853407,600,-138.3844721904243,-54.1981420470774
mh5597,114.7426,5.5715036,700,-138.4938528606711,-54.2472736910403
mh5598,166.27615,12.597025,600,-136.2397474534262,-53.70509382869596
mh5599,94.22527,5.970427,700,-137.2575145368886,-53.77881151971274
mh5600,91.56521,5.058876,600,-137.0657652410019,-53.88844788462728
mh5601,89.1929,4.95384,600,-136.9205638135813,-53.91824182310519
mh5602,194.3775,16.14432,1500,-142.1563635832476,-54.36321873931021
mh5603,103.04848,8.548017,1000,-144.3565771045782,-55.24999125313293
mh5604,522.63965,31.435308,1200,-145.3933326538925,-55.25952258969669
mh5605,67.01254,4.7611303,400,-145.2711007176795,-54.1603232639949
mh5606,170.39656,9.9861145,900,-145.9464229930199,-53.1687290534062
mh5607,149.71907,8.055018,1100,-145.7906149750789,-52.58065810232048
mh5608,47.4508,4.669373,700,-143.3379783641685,-53.49868102407163
mh5609,118.067406,9.289111,700,-144.2104711206946,-53.36722174290595
mh5610,158.84306,10.796261,900,-145.7700724779171,-53.23024134288134
mh5611,124.3366,7.983752,800,-148.1814179923369,-54.31716637195584
mh5612,200.05815,6.6088624,900,-149.8872321268182,-52.83835207437358
mh5613,133.79108,11.170459,1000,-147.9677771924096,-54.02379699125577
mh5614,139.7926,5.1799326,800,-149.7178835842077,-52.87630053566441
mh5615,142.67383,8.740382,800,-148.6091278001855,-51.7004045887963
mh5616,108.52733,4.8070693,800,-149.296956675928,-51.80728549099874
mh5617,123.80253,5.948638,900,-147.6853482077535,-52.267828385624
mh5618,258.9162,14.0557375,900,-147.8770282235375,-54.71267094694403
mh5619,189.41283,15.976137,1600,-145.416860916642,-54.97105219627716
mh5620,201.90833,13.988175,900,-148.1376812846546,-55.01030734984104
mh5621,92.34289,11.093397,1100,-148.5981650476146,-54.47964437764639
mh5622,205.24725,9.327242,700,-142.3515197674074,-51.14677930730432
mh5623,601.83246,22.904669,1200,-140.2113004797562,-51.30981312367013
mh5624,240.08238,20.89577,900,-141.7889430699204,-50.76219115222665
mh5625,468.18723,26.936632,1200,-141.4152838706526,-51.06173846731842
mh5626,97.14613,9.237626,700,-141.4724757599049,-53.60831122909057
mh5627,165.79347,9.372371,1200,-139.4071112918529,-51.71303105392906
mh5628,121.331406,5.682456,900,-136.6755835579382,-51.45457785180268
mh5629,115.94902,3.2994473,700,-138.0739968740285,-50.94408130444023
mh5630,122.52842,7.5979776,800,-139.1814800680165,-51.57937891288083
mh5631,133.3406,7.1377544,1100,-137.3258325721345,-51.04824426936372
mh5632,307.7546,11.26519,800,-137.6741169373721,-53.21259128508876
mh5633,62.20151,4.338256,800,-133.3645936683776,-52.22622309335113
mh5634,108.826675,5.163017,900,-131.5592487539934,-52.48622954379161
mh5635,253.55663,16.565798,800,-132.2784915642594,-54.09201146993144
mh5636,103.87792,4.9515157,900,-132.1405848587742,-52.15405764506046
mh5637,87.747406,5.6105385,900,-131.4415991016546,-51.6615143030782
mh5638,89.20394,8.168448,1000,-130.8185214980866,-53.15292800284573
mh5639,180.15634,11.966389,800,-129.5105596821557,-53.97461857778862
mh5640,115.64859,8.9717,800,-131.5531443743692,-52.20545367223241
mh5641,103.63178,6.3227987,1100,-129.6791149995375,-50.57179949327402
mh5642,111.560036,5.595016,800,-129.7513804964064,-52.06153447910901
mh5643,76.10885,5.073401,800,-130.4734958990696,-51.84182329957595
mh5644,110.88986,6.989885,800,-126.371561689412,-53.75892102184636
mh5645,89.47704,5.805286,800,-126.261921349172,-51.9973208652892
mh5646,68.04974,3.0119872,600,-123.2454887679846,-50.92029174935602
mh5647,106.614174,4.2406764,600,-121.7792018971891,-49.60922894762441
mh5648,90.58031,6.4986196,700,-122.3616278145253,-48.69177498210167
mh5649,44.806843,3.4982836,900,-124.6354625887354,-48.09975315693089
mh5650,111.38828,5.395523,1200,-122.3155679808175,-42.56755795105274
mh5651,156.28616,8.333726,1000,-122.8764756351151,-41.6210940194479
mh5652,80.68696,5.6370416,1000,-120.466897758466,-41.94578709898888
mh5653,97.03555,5.663337,800,-120.2485130092171,-41.95406619425668
mh5654,182.38766,5.792832,600,-122.3489871905089,-41.20707865507519
mh5655,55.939194,4.6942363,700,-121.700708035479,-45.17984364095225
mh5656,142.10011,6.377246,1200,-124.3590899941431,-44.91854256899276
mh5657,114.746216,6.922806,1200,-124.5877180250631,-46.07252895242481
mh5658,140.31201,10.961925,1000,-126.091879101515,-45.73078004778349
mh5659,45.30038,4.0401335,900,-129.6268811173544,-43.39341647438216
mh5660,104.373085,5.6706743,900,-132.7086173999777,-46.29433884505757
mh5661,65.04799,3.6278281,700,-132.768268621014,-46.58298848587761
mh5662,84.32504,4.787466,1200,-130.8685181638449,-49.14769305138872
mh5663,59.564613,3.1862175,600,-129.882538764066,-49.37972213349786
mh5664,123.53721,7.0195956,800,-130.2380089243754,-47.41830179554672
mh5665,159.36954,6.042013,700,-126.6350627399706,-49.82367749641227
mh5666,71.116295,4.49065,700,-131.8825768588358,-51.27426087652502
mh5667,230.35426,13.51377,1000,-138.6476041153603,-49.4665302849519
mh5668,386.35303,14.833392,900,-136.5522394400422,-48.42405080576245
mh5669,113.56061,6.768899,900,-123.8484316072629,-31.42313373969459
mh5670,535.23126,29.657,1000,-124.0303111223546,-32.28756648275019
mh5671,119.504036,8.406523,700,-125.510084383267,-31.33816554087314
mh5672,68.237785,6.3644443,700,-125.7298148142172,-31.20911560499615
mh5673,168.12814,5.791796,1000,-125.7945479725566,-31.87772691541307
mh5674,150.84912,11.708801,600,-127.6407457560713,-32.95105281853507
mh5675,316.45203,15.57638,1400,-127.0303331704269,-34.35201481430466
mh5676,86.89209,7.9371963,800,-127.7731400501945,-32.94520109288656
mh5677,131.23724,7.304433,900,-128.4981163916167,-33.2932127172127
mh5678,504.09955,20.826246,1000,-126.5319467955275,-32.51513138718714
mh5679,425.21896,21.11589,1100,-126.5163516975825,-31.97734788599055
mh5680,310.55765,15.880317,1000,-126.6787954420972,-31.83374795070292
mh5681,50.851803,3.392666,800,-125.0674750792625,-37.56262820863897
mh5682,76.29092,5.3840322,800,-125.0654434555784,-38.85224913603655
mh5683,131.81133,12.010664,1200,-143.2464444498044,-54.40102007828326
mh5684,168.8327,10.124541,500,-138.1034418264571,-59.97415552635981
mh5685,276.19217,19.195951,1000,-136.4241029843438,-60.29611009388827
mh5686,136.83517,8.356934,1000,-122.6908107379313,-54.39222349566529
mh5687,89.05934,6.3354144,500,-120.257629308545,-51.86775206462216
mh5688,173.55885,7.76292,1000,-127.139003861449,-49.05115104227644
mh5689,231.00255,6.322972,1000,-127.1947074370948,-48.95671553947546
mh5690,80.3116,5.3405094,700,-122.0581399996249,-46.3490859995507
mh5691,159.4175,7.1996574,1300,-127.4184005145104,-45.28783356832562
mh5692,216.93268,10.854963,1400,-131.5555020678441,-42.5159949950351
mh5693,65.37955,3.6045158,1000,-126.0492150213649,-43.20037833190517
mh5694,40.707253,2.5697396,400,-120.1603421711316,-46.11185201220914
mh5695,74.32365,5.975905,800,-130.3817501566257,-51.365154171081
mh5696,58.86928,4.1199193,800,-132.6967704885606,-50.84548105336312
mh5697,92.67553,5.6512165,500,-124.9517662215545,-51.4471869262594
mh5698,165.4489,5.9822555,400,-148.5444683636533,-43.904016722629
mh5699,92.248055,3.4441726,900,-149.574031721557,-41.33216427140491
mh5700,108.76007,3.734016,800,-150.0047783200187,-42.26056290552023
mh5701,47.67703,3.2969613,1100,-141.8293653748025,-44.2698337524145
mh5702,47.645535,3.058638,800,-139.2017551476901,-43.82940878646421
mh5703,227.48317,8.156705,1200,-141.2509619605451,-36.74588236921545
mh5704,257.34836,8.990939,1700,-142.4441109408759,-36.98327162403404
mh5705,348.29697,10.781029,1300,-143.0700032046566,-37.42880418402287
mh5706,236.70454,11.106353,1200,-142.0789169530609,-36.64306873195223
mh5707,127.073944,8.364593,1100,-146.3943066639641,-35.71234585162254
mh5708,89.90651,4.7612386,1200,-137.1184071624745,-36.70937916501244
mh5709,258.34378,12.437053,1000,-140.4743371602051,-35.87201418740712
mh5710,236.43126,14.020347,1000,-141.863765328584,-36.66220579502956
mh5711,103.632866,3.7381516,800,-136.5528276720562,-38.57515506814784
mh5712,176.18869,9.284287,1100,-138.3502869685781,-47.20004787781893
mh5713,104.276436,4.4131894,1000,-138.7341768734306,-47.21846777934211
mh5714,72.825485,2.8627028,800,-140.8785724282847,-44.84361724217745
mh5715,132.9316,10.74966,1200,-146.0176646239814,-51.16684788340685
mh5716,70.339165,4.2840767,600,-142.7536456470253,-47.42313614468545
mh5717,79.54804,7.297183,800,-143.2895783833423,-51.16502686841343
mh5718,190.70901,11.6722355,1000,-139.6970808864847,-51.34773209087346
mh5719,88.19733,6.762472,800,-143.041868859615,-53.3230151249084
mh5720,119.33012,4.1207066,800,-136.2306715734901,-36.76898199493578
mh5721,103.097885,3.8834517,1200,-139.9848700628872,-34.54089019012028
mh5722,93.55908,3.740077,1200,-137.7255639654458,-37.09002586490735
mh5723,72.03641,2.7461283,700,-139.8463621069005,-33.91378662921547
mh5724,130.53358,4.8289094,1000,-133.7860986154473,-36.14541829729253
mh5725,186.0301,10.050496,900,-133.1743348008644,-36.51726058370912
mh5726,68.197426,4.8767877,900,-131.4054233687458,-36.15669959841239
mh5727,84.5158,4.554453,800,-134.8717849034749,-39.13026479000799
mh5728,214.89845,10.523733,1200,-139.7684861503505,-39.83460607078074
mh5729,54.160507,3.0709465,1100,-142.1508733479698,-43.97296043242885
mh5730,147.9411,9.499432,1100,-134.4847801797573,-50.80966679119459
mh5731,75.22457,3.8962526,600,-127.994362246275,-49.71894748571965
mh5732,75.85258,4.7016025,800,-128.8708414811996,-49.93117463028315
mh5733,72.5884,3.4606173,800,-130.8420898745128,-49.6857507178247
mh5734,287.9554,18.604912,1100,-138.3618204415349,-59.8478208141582
mh5735,86.29991,4.3858895,900,-146.9746403338577,-57.46078493626415
mh5736,119.50711,8.192656,900,-148.3142729176043,-55.40774503757997
mh5737,169.18019,13.370824,700,-147.7717410391401,-55.09220793159129
mh5738,228.48238,20.430658,1000,-145.781145933537,-54.94786050299471
mh5739,104.51027,7.987971,800,-134.4165447723195,-56.83207013994422
mh5740,177.01414,8.277784,900,-135.7589872508696,-59.14684318568033
mh5741,143.17876,8.552229,1600,-134.0378281148777,-59.35130297659345
mh5742,154.08199,7.6326103,1100,-123.1692162424122,-54.99962533044086
mh5743,196.54222,10.415277,900,-124.7629020387475,-56.13173121012195
mh5744,75.43904,7.1223564,900,-125.8028486147387,-50.94656026328446
mh5745,255.42455,15.618088,1000,-134.8054314862015,-53.1389030775372
mh5746,86.18083,4.538561,1000,-132.7680323425141,-52.87795498147703
mh5747,72.49284,4.4610834,800,-137.7919336300482,-50.44286397686905
mh5748,107.76757,7.9278007,1100,-137.4817958857245,-51.75962900868676
mh5749,364.50388,25.004774,1100,-139.9432879483639,-51.44416764501606
mh5750,296.4389,22.074232,1700,-139.6504310437443,-51.56403331554816
mh5751,202.44078,9.965734,800,-137.2104941754409,-49.33504423449065
mh5752,478.79764,19.678305,1100,-136.5136960302187,-48.61412960029697
mh5753,391.07156,17.485315,800,-136.4229162805834,-48.73147561345631
mh5754,274.19232,12.226021,1100,-136.7037177341044,-48.62284277227952
mh5755,307.99677,11.916033,1400,-136.7829821714219,-48.3694049555459
mh5756,302.91986,13.509235,1300,-136.2957669712141,-48.34042506317157
mh5757,247.94276,10.817298,1100,-137.4516612484697,-47.83584657205286
mh5758,553.771,28.21767,1200,-136.6314248861037,-47.8115445199841
mh5759,186.71204,8.813531,1400,-136.530208461997,-49.1286232356661
mh5760,262.78107,14.863802,1300,-139.3941830005546,-49.6237304737201
mh5761,203.45119,10.34544,1500,-139.6169578500778,-49.58057457559732
mh5762,218.42523,12.080534,1100,-140.8387688868766,-54.50913041168819
mh5763,182.51291,8.873894,800,-141.967748591617,-52.63390113725503
mh5764,238.49843,18.560589,900,-141.1087432645005,-57.1756598549324
mh5765,313.4061,15.296815,700,-139.6773355733391,-57.48637771784574
mh5766,197.31538,10.92452,1400,-134.3854301093662,-50.24042853770904
mh5767,136.98848,8.230548,800,-134.4057530147182,-49.60883257975129
mh5768,126.89677,3.1154776,900,-137.0228809030578,-72.97071987983007
mh5769,139.76907,6.8313713,1100,-132.7921318800307,-72.35990491531862
mh5770,57.630283,5.125047,700,-136.2862297033835,-72.19693744328013
mh5771,42.135918,3.8206027,900,-130.3267934106389,-71.247820613479
mh5772,66.95318,11.237584,800,-121.3762585556847,-71.36225086907298
mh5773,456.7541,16.470974,900,-122.8715935286375,-70.63653804566549
mh5774,210.36197,7.851019,600,-123.4014977696505,-70.45608433491618
mh5775,289.9026,8.8671875,900,-121.1833934952541,-70.8957815513089
mh5776,252.06317,9.888032,1100,-120.2867922657256,-70.81293300941842
mh5777,75.42311,9.497349,900,-126.9060329970391,-70.85142117218713
mh5778,194.98398,11.017101,800,-123.9646351114828,-70.31109976801164
mh5779,248.62163,11.977485,1100,-121.8917176817745,-70.80764222037139
mh5780,234.62851,10.245905,700,-120.4687605584471,-70.66019034979738
mh5781,67.40401,5.1479635,1100,-127.3423334007907,-67.80558891060996
mh5782,57.052773,3.851232,900,-126.5021474815483,-69.04625695645849
mh5783,72.39873,5.3802657,1100,-133.101057326356,-67.81307314152806
mh5784,31.937433,3.1628165,900,-129.3625374570337,-67.63251177068744
mh5785,11.234604,3.918836,1100,-138.4623348849552,-69.37635266378112
mh5786,46.841255,3.963511,800,-133.4716666243771,-67.70477814941121
mh5787,68.103676,3.154327,900,-130.5904161363148,-67.58578481222096
mh5788,79.99741,3.3037617,700,-124.6656395019113,-67.44579141792626
mh5789,34.951138,4.9967575,700,-122.7504892523098,-68.26654082181703
mh5790,60.557476,3.2732148,900,-130.4093996065865,-67.27142618432539
mh5791,32.54951,3.6615376,800,-128.6866048663748,-65.59647174224538
mh5792,38.537827,7.198166,1300,-123.1835311022767,-67.11178652712924
mh5793,38.181656,2.7082555,900,-120.8563799238272,-66.23547019000564
mh5794,44.29883,2.901177,400,-121.3104760114717,-65.81477451308017
mh5795,14.532448,2.3210542,800,-123.354311096958,-63.61563341064291
mh5796,33.522106,2.3611884,700,-124.7084793770297,-64.39770939251925
mh5797,16.966648,2.770453,800,-126.1325962441263,-63.90998751414508
mh5798,83.80599,8.071449,800,-147.9399891138561,-61.30119200720211
mh5799,200.38193,12.851869,800,-143.7819714423828,-61.52392067159682
mh5800,142.22444,11.0792465,900,-147.2952977163762,-62.22598491459036
mh5801,109.32039,7.0987735,800,-148.3671243842589,-61.74725451807275
mh5802,121.83381,9.126286,700,-145.8893962345865,-61.99861725575277
mh5803,120.72023,7.919931,1100,-146.9180742327229,-61.9967075925374
mh5804,105.98255,7.669568,600,-148.8661521593854,-61.30004087957263
mh5805,53.614487,4.2385135,700,-146.4426963800119,-60.58172968680427
mh5806,173.54274,16.244356,700,-145.7238165207694,-62.56033368127715
mh5807,186.98315,13.487628,1400,-147.4224546329106,-62.44588390930371
mh5808,185.59177,13.586792,700,-147.7768253307394,-62.46989559346837
mh5809,203.62077,13.467796,900,-147.9796877147862,-62.44858737950501
mh5810,157.05406,13.352995,1000,-145.8909224261447,-62.45267818633568
mh5811,135.05034,10.341765,900,-147.7573091765039,-62.13242944924628
mh5812,126.1571,11.178548,1100,-146.3848683417416,-62.30546855199917
mh5813,90.58338,7.863322,500,-142.3854253162697,-62.43144605715874
mh5814,89.27163,4.4580755,800,-135.7534211482176,-62.48673715405026
mh5815,86.10373,4.5783677,600,-136.4365532891993,-62.18359907089633
mh5816,108.10456,4.6600547,1000,-137.3229016858832,-62.03128821164176
mh5817,189.34569,12.396164,1300,-139.2925313682554,-61.69119071004977
mh5818,205.26118,16.293219,1600,-138.2714218384265,-61.43617367758172
mh5819,194.77875,14.982065,1000,-138.5551872510574,-61.35802189039525
mh5820,92.89343,12.8614435,1400,-127.7531954413805,-64.24223438067534
mh5821,109.626976,8.637982,800,-129.9549104504434,-62.69076698836115
mh5822,176.4218,12.488865,1000,-132.314192938369,-61.47742478741667
mh5823,99.12462,8.510188,1100,-134.1796044704162,-61.02030339288108
mh5824,50.7548,6.459985,1200,-127.2106089529176,-63.13497901338798
mh5825,48.11283,10.346281,1000,-127.2787308352589,-64.37076727733213
mh5826,68.65096,7.1287093,1100,-130.7237444194977,-63.30430881344203
mh5827,58.77879,3.6024098,800,-130.0008628283425,-67.48908097717917
mh5828,129.75682,9.512891,1300,-121.5104320962567,-61.56983387126283
mh5829,165.80579,11.014665,1100,-120.6436689070269,-60.09255449604562
mh5830,46.79058,5.3235126,900,-124.4010960503605,-61.63504165802248
mh5831,40.34547,6.8384666,900,-128.5378963580863,-62.85695108774442
mh5832,105.4206,15.16217,1400,-144.4027260401167,-67.62954795173023
mh5833,21.804281,3.3397892,800,-134.7014189098085,-68.11665774754036
mh5834,107.340996,10.181531,700,-148.9641028910484,-62.48021583914252
mh5835,188.98987,17.192787,900,-145.8705473466253,-61.22352617118055
mh5836,341.44196,23.068178,600,-146.5666595497485,-64.31593674228742
mh5837,30.730886,10.233573,400,-100.9166915371555,71.97508030317891
mh5838,17.291883,6.2058544,400,-102.4346414020805,71.6337161003302
mh5839,8.699484,7.6560454,1200,-92.36431542195824,60.47030811050164
mh5840,4.208158,5.8225284,600,-92.4821368809126,60.98978910697286
mh5841,30.828085,16.69496,400,-90.65811323709676,47.08468281227526
mh5842,33.954105,9.404214,500,-90.49098458281011,47.11021979019747
mh5843,236.63387,24.810299,1300,-117.5528772536882,32.2751976710032
mh5844,268.72345,41.475975,1700,-118.3859516007175,33.0214693616168
mh5845,165.00902,26.436462,1500,-117.8239516312865,32.07298628007916
mh5846,231.68819,38.370346,1700,-117.8650261684298,31.7998275882323
mh5847,261.09396,18.830704,700,-117.6126342451659,32.14101426991051
mh5848,188.54547,21.661697,500,-117.6661806373608,31.90701675515678
mh5849,564.4342,34.69632,900,-116.3779856894085,30.50402635497076
mh5850,8.0366955,3.0594468,400,-90.2978643610852,59.87883928073698
mh5851,340.7934,11.138215,400,-96.25890663189212,21.68640667461922
mh5852,267.8235,7.0377526,1000,-96.36132597023791,24.09235322584398
mh5853,476.56522,9.497037,500,-96.28900658210328,24.44311613839428
mh5854,317.22754,9.797074,1000,-96.40824036075796,24.49528794393046
mh5855,295.9025,8.045192,1200,-96.5674713918348,24.4806249828438
mh5856,309.55582,8.665536,900,-96.78672742748192,24.05343152718043
mh5857,252.6539,19.42919,1000,-116.8223551158836,30.1495314637214
mh5858,63.672348,4.0891805,600,-115.9124950301174,24.09307221304506
mh5859,102.37324,6.237034,900,-116.5696798673865,24.46378465444926
mh5860,65.395836,4.7665443,900,-118.2465557366927,23.78689965425784
mh5861,157.98558,6.344899,1300,-117.0190015124899,25.83284422465146
mh5862,89.7715,6.9893513,1200,-119.1129777501232,24.05737257811894
mh5863,209.06216,8.757619,800,-117.928592686117,29.02570228694666
mh5864,246.09494,21.171982,800,-117.3137419354337,30.05253944813763
mh5865,214.84578,10.358091,1100,-114.203631236335,24.84437804391133
mh5866,131.76263,13.015478,800,-115.2237475454749,25.85352189990581
mh5867,316.27954,23.749737,1700,-112.3276791075165,24.27151609560439
mh5868,149.11568,4.1891217,1100,-116.7061705413206,22.06434581340683
mh5869,74.77882,4.0230203,800,-116.3984071975541,21.3007986373459
mh5870,144.56381,9.584287,1100,-116.7267708835785,20.1356368136845
mh5871,190.24535,9.7922535,1400,-116.8476878649074,20.15008784660737
mh5872,116.447624,7.0434017,1100,-115.7783378886154,21.87642721576683
mh5873,127.60386,8.996019,1100,-115.4752224353569,21.1257075827083
mh5874,47.421844,3.8492362,1000,-117.7852856746582,21.54514416582219
mh5875,112.381874,5.3170133,800,-117.4330990654191,20.5314706525549
mh5876,191.41049,5.8358574,800,-118.9366760190073,21.92913800648117
mh5877,67.53015,4.8998528,700,-118.893674790362,21.10944641115547
mh5878,111.19735,7.1138816,1000,-114.2651309016911,21.62768030990951
mh5879,181.66193,8.41534,1100,-113.2533000199339,21.36207668896454
mh5880,133.2483,9.850896,1000,-112.2829649802133,20.42488603222224
mh5881,49.90201,4.6701655,700,-113.2868656837125,21.58903120320097
mh5882,115.86921,6.679111,700,-112.0935263334548,21.20347280131436
mh5883,79.73192,5.78189,800,-115.1925062569962,18.81590626985005
mh5884,181.5367,9.591144,1000,-117.2351173725125,19.12129990249711
mh5885,129.88893,7.9098577,900,-118.4837749096321,18.06899847824528
mh5886,108.20247,7.6586084,700,-117.6516951791499,20.25986745205854
mh5887,104.751335,7.2773795,800,-115.8820766671874,19.89888824342696
mh5888,89.039795,4.390999,600,-118.323065012736,16.9624496874791
mh5889,152.97021,8.06695,1000,-119.5201807085774,18.10833770811854
mh5890,85.51247,5.3992267,1200,-115.8952703494545,15.85650377663548
mh5891,68.65079,5.687609,900,-115.6350043918929,16.41810642690703
mh5892,51.509308,4.8772845,800,-115.7031935590551,16.6353899056778
mh5893,97.080795,4.652704,700,-114.5900636523084,16.90386664179164
mh5894,85.0535,4.7297826,700,-114.37352960391,16.80856285114431
mh5895,136.60243,8.529943,1100,-113.7201698930064,16.7465541634007
mh5896,54.611694,4.919512,800,-115.0624810343681,15.18788552943702
mh5897,122.05823,5.324106,1400,-116.5214232367949,17.22804264976847
mh5898,111.8992,8.934428,800,-112.8013563045209,17.3168734577152
mh5899,204.68604,12.263052,1000,-112.3543715866054,16.35566565009184
mh5900,223.21129,12.79933,900,-113.0157767915998,16.64207646565339
mh5901,241.3954,14.486661,1200,-112.233088523911,16.27407751351027
mh5902,395.63086,24.47271,900,-111.8033253758868,16.59712953847039
mh5903,315.80936,18.364716,700,-111.7278520667767,16.81792796928743
mh5904,243.45497,19.397387,800,-111.9332708291714,15.99328979868731
mh5905,106.46414,6.8473253,900,-114.3975752049708,17.86685033273172
mh5906,68.02567,7.323366,1200,-113.2602625994164,18.03701827963149
mh5907,59.82812,4.280246,600,-112.8008348879021,18.37568797421068
mh5908,545.9374,14.623732,1000,-114.4668294856108,18.19052410429233
mh5909,318.7007,11.096043,900,-114.2109859593387,18.14961839353336
mh5910,119.605385,7.122806,800,-113.5448285982958,19.52562563176428
mh5911,429.2509,11.982744,900,-114.3271890017649,18.24163652339421
mh5912,100.50243,6.4660583,600,-111.8803261598365,18.38442610339075
mh5913,75.493515,8.158461,800,-111.7355810736227,18.66572647940005
mh5914,87.62108,5.135176,700,-114.1301871150191,19.64337141990602
mh5915,140.71126,10.511137,600,-111.8008657408114,19.82206163140955
mh5916,87.40861,5.168866,900,-111.3558092066676,19.99041557152858
mh5917,103.51215,4.441184,800,-111.1204475861074,20.3446380947729
mh5918,96.185844,9.689981,900,-110.9869737840485,20.89989458590848
mh5919,126.64466,6.6243677,1000,-109.2916293097064,20.81635522296033
mh5920,109.690315,6.3201165,1000,-109.3916632058435,20.80691117364593
mh5921,154.01901,10.408679,600,-109.0590841363278,21.30877522164236
mh5922,98.2246,4.6338267,600,-109.265012590934,21.01489194479091
mh5923,65.03188,5.9101186,1100,-112.5955221835571,20.06566998137563
mh5924,42.754875,3.3392875,700,-111.4101145040038,21.01297460618706
mh5925,152.39343,7.7664304,900,-110.8671401041327,20.86196574533809
mh5926,85.64766,6.891058,900,-112.6898983812859,21.02358080790666
mh5927,89.96823,6.590475,800,-112.4989582607574,19.86080123741824
mh5928,37.038395,3.9589503,800,-111.2988871581684,21.21157114010293
mh5929,57.78991,3.8835652,900,-110.022622324128,21.26910053067643
mh5930,49.888622,4.9002094,600,-110.543213568585,21.56238772860715
mh5931,42.15293,3.3983784,900,-110.1252227590838,21.30105675445535
mh5932,99.87208,4.624018,800,-109.6004276240614,21.55703207417376
mh5933,197.84004,9.401757,1200,-110.5706525620394,22.41246951454721
mh5934,100.67853,3.810058,600,-109.3730125137653,22.37096215877894
mh5935,64.91406,4.847416,600,-109.2480952221158,22.39125213606181
mh5936,107.00401,7.268431,1000,-114.7275381641674,22.46596631667711
mh5937,138.57477,8.74657,800,-113.1948627806381,22.63864494875056
mh5938,90.80635,8.016772,1000,-114.3876684307639,22.23951939297753
mh5939,171.43323,9.371538,600,-113.9373871990022,21.31754817429442
mh5940,137.46083,6.6983395,600,-114.0512760275805,21.31199334630505
mh5941,88.741714,4.9317994,600,-114.0545954989121,21.16908774268509
mh5942,169.69363,7.8599973,1000,-116.3914868845357,18.91221899697236
mh5943,120.75154,6.5039387,900,-114.7171732249332,18.72609908070347
mh5944,100.4733,8.235825,600,-116.5514665680026,20.00645880414679
mh5945,95.263565,7.8256035,800,-116.4657407981969,20.03331919260916
mh5946,77.87106,4.753997,800,-116.0978766420901,18.97521024575854
mh5947,125.998375,6.802366,1100,-116.0116708446374,18.03568710273396
mh5948,139.00786,5.329016,900,-116.1571902835387,18.02932815907052
mh5949,90.57723,4.8165393,700,-118.9944219941583,17.29841014080631
mh5950,117.23272,5.4699154,1700,-119.5009335280291,18.82896631212543
mh5951,119.78673,4.712343,1300,-117.2403333783795,16.46247684277285
mh5952,95.88722,5.254528,800,-119.8747970449295,11.96984300358626
mh5953,38.216766,2.703802,700,-117.8803607608272,12.86418089363264
mh5954,96.829414,6.324044,1000,-117.1123175433439,8.976698897621151
mh5955,160.05618,9.018731,1000,-119.0952982145096,8.479012304183271
mh5956,149.12274,8.339634,1100,-118.8889846328831,8.501398278254145
mh5957,187.51976,5.769451,1000,-118.6483402396222,8.536268379037626
mh5958,293.95566,7.1365848,900,-118.4288468423501,8.64661771155769
mh5959,78.3304,6.2116003,1200,-117.9517920839126,8.611111687266408
mh5960,276.7172,15.038863,1100,-114.9833819647704,7.730938016411179
mh5961,219.79636,18.115986,1300,-115.0785045951698,8.055361717112444
mh5962,72.043465,4.81183,400,-114.8463833629062,7.192688884530636
mh5963,89.3699,5.477376,800,-117.2360704651324,8.734403049163683
mh5964,60.56761,4.414756,700,-115.7706014608946,8.484079940128229
mh5965,88.23877,4.1460266,800,-115.3240093264344,9.274173411882131
mh5966,105.86383,7.6772313,1000,-115.8026652566725,8.993494415475693
mh5967,110.44718,8.418481,800,-115.9889401991797,9.00939743613472
mh5968,100.19314,8.070027,900,-119.5923958862407,5.240596888121304
mh5969,22.798052,2.5679307,800,-116.3027244233579,2.189244556986316
mh5970,72.654274,6.1171503,700,-117.6931190527793,4.998681100130634
mh5971,125.559494,11.9446745,900,-119.5053255911233,5.370809351471097
mh5972,56.004345,2.8407304,600,-115.5504086768691,3.062048221337289
mh5973,39.190807,3.0245965,600,-115.3880795237575,2.86028995603583
mh5974,49.399246,2.8341677,400,-114.9507043054888,3.290917289449828
mh5975,42.657505,3.0286343,700,-114.5134850612326,5.461360387577217
mh5976,48.637676,3.2877138,400,-108.5766909009521,-0.0012335794748541
mh5977,31.825405,3.38278,400,-111.3116649207527,0.4108271041790075
mh5978,63.618053,3.4002662,700,-108.749760542676,0.1236268761535874
mh5979,38.739258,3.4899614,600,-109.0276966575034,0.0414407848932786
mh5980,47.252262,3.1501594,600,-108.2257382314543,0.4954055136375694
mh5981,51.230236,2.806742,500,-109.3952015306753,0.2924695929838941
mh5982,29.05657,3.4002786,400,-109.4113302213738,0.5912139179644084
mh5983,29.08426,2.8032105,500,-109.4927858884114,0.6577861947344733
mh5984,48.15138,3.7301378,700,-108.9508733045078,1.492608158654368
mh5985,54.8381,3.6065938,900,-107.7075868667846,1.947834409856967
mh5986,46.382286,2.5241888,600,-108.2517291541573,1.757404884369968
mh5987,30.785667,3.871072,700,-106.820462546929,2.888637583608275
mh5988,85.838776,2.9274974,700,-106.0963181329308,1.662603505236011
mh5989,27.026682,2.548921,700,-106.2687393178687,3.623648592300355
mh5990,38.286263,3.2527342,500,-106.7915613691936,0.1653017906590719
mh5991,36.74448,3.355714,800,-107.6955467468336,0.0490953891304434
mh5992,51.765217,2.9602513,500,-102.9490351926001,0.5023510682835796
mh5993,63.35165,3.9551415,700,-108.1097256911008,4.871150651890598
mh5994,120.24914,7.4495907,900,-109.7126473687912,6.037846044800347
mh5995,53.363644,3.9079082,600,-102.6552202688451,4.683332369782377
mh5996,39.423008,3.389549,900,-103.6056395531933,6.638297453307594
mh5997,74.44382,3.3614674,600,-103.7827591207428,5.195589862287575
mh5998,35.926807,3.7686236,600,-103.577646120642,5.113334387151578
mh5999,31.883501,3.5975013,600,-103.4871652334073,5.137144044709215
mh6000,87.1717,5.805422,900,-103.309383877863,7.8986837911654
mh6001,44.33593,3.8848155,500,-103.4430617211382,7.474471511587931
mh6002,59.148537,3.2159445,600,-104.9088048047259,6.711470124707731
mh6003,51.942398,4.043653,500,-103.3337178849278,7.420403191660605
mh6004,156.75436,10.341397,800,-103.3049719217496,8.098000308243682
mh6005,159.2054,8.540892,600,-103.4420919979672,8.06491978370147
mh6006,53.210716,3.429818,700,-104.5697529840136,7.61761379990254
mh6007,68.24484,4.000673,700,-105.3473383504187,7.796822678640553
mh6008,70.100624,4.2211223,900,-104.7470946119125,7.688212727728421
mh6009,67.89555,4.3332477,700,-104.6637690409928,7.650122215533382
mh6010,88.438934,7.124932,800,-105.7352383330835,8.377590612021473
mh6011,76.27119,6.314808,900,-105.8915230970049,9.275287227507793
mh6012,138.34294,7.282439,700,-104.3983489629742,8.93132984373463
mh6013,79.210144,5.3013086,800,-104.9219008129865,9.813927540436811
mh6014,116.651405,8.222475,1500,-104.6708332994817,8.390951408871773
mh6015,77.845,5.806463,900,-104.9814963412226,8.41571092183702
mh6016,93.04437,7.6211343,700,-105.647717208418,8.38909464993565
mh6017,60.873833,4.8903894,800,-105.0085434685206,9.075312311635027
mh6018,47.001785,5.106137,700,-104.6314008263872,9.642086068671569
mh6019,83.78373,5.4777703,600,-104.7129607186206,9.319936635585524
mh6020,203.5873,14.330986,1000,-104.462804689871,9.913263396700575
mh6021,108.88368,8.395722,1000,-104.818630033119,9.991882763191803
mh6022,65.38226,4.9213,600,-105.7842309529891,9.229712176688142
mh6023,78.65237,4.777877,700,-104.8008514440842,8.918581206571927
mh6024,152.95393,11.003155,1100,-107.0364414304741,8.519339669040443
mh6025,79.488495,5.285493,600,-103.8465835167901,10.6033406332569
mh6026,181.28368,8.666764,600,-103.9669306360084,10.21474701435624
mh6027,61.93366,3.2600174,600,-105.2995641828845,10.53340472879317
mh6028,58.766846,3.674286,700,-106.1377060809375,11.07190559206885
mh6029,282.83618,25.481026,1000,-106.9666379345805,9.856682850321882
mh6030,80.44788,7.126926,700,-108.7013796148004,7.285930795574003
mh6031,136.33766,9.601626,1000,-108.003692204405,9.615715360453894
mh6032,258.83838,21.560537,900,-107.7668608253635,10.00996843437329
mh6033,188.256,8.336612,800,-103.8822822648011,11.51045717274102
mh6034,98.083435,3.3682902,1100,-104.9268402553752,11.36355860359867
mh6035,52.701252,4.1765914,700,-104.6353080427411,10.91258717906004
mh6036,69.90589,3.9456124,700,-104.8210109263279,12.31596772116209
mh6037,111.44167,6.031434,800,-103.9881000082381,11.50358821790891
mh6038,37.50949,2.7608087,600,-104.1722299102298,11.2506378713337
mh6039,68.28792,4.7106657,600,-104.0668609275602,11.5422634024774
mh6040,107.36688,4.826071,800,-104.051450536915,12.57683154844029
mh6041,101.46887,4.2044315,700,-104.437821443121,14.15564965482081
mh6042,55.689075,3.6399078,600,-105.6794536563939,11.78618691512348
mh6043,78.22579,3.6171184,600,-104.6055895364621,14.16048658907851
mh6044,206.70433,11.227182,700,-106.5392139370905,14.02681709302019
mh6045,278.59378,15.723717,1200,-108.5856346819304,12.62548696102337
mh6046,305.54752,18.443552,1100,-106.3286741386477,12.8867922104052
mh6047,92.95895,8.441632,800,-108.0407023426744,11.80156181865174
mh6048,61.768425,3.5035982,500,-105.9225111192813,11.86311201083672
mh6049,126.505844,8.688058,900,-108.0190396474937,11.97316553205962
mh6050,119.47526,7.447729,700,-107.9926220920676,12.16825600717874
mh6051,130.0567,13.930804,1200,-107.9370484322487,9.932630939956589
mh6052,250.97385,13.618217,900,-109.5867587410644,10.08634946918144
mh6053,273.3343,8.359295,800,-109.0228192748203,10.06567087168611
mh6054,61.626717,4.1025414,800,-110.378248889203,5.784954624531268
mh6055,78.34397,4.686179,900,-109.9858538380405,5.230575518691068
mh6056,53.305912,3.1715252,900,-110.460539216038,5.512598046057718
mh6057,57.656525,3.9410632,800,-111.535635787487,4.335458777451321
mh6058,122.76478,7.4846325,800,-112.1538897809971,6.580941148111592
mh6059,141.30832,6.670637,900,-112.1025302472496,6.788917251250755
mh6060,132.78065,8.530739,800,-110.0751664571315,6.571164874123298
mh6061,106.440254,6.9472003,900,-109.1069902262513,6.763457410397272
mh6062,106.03015,6.0458546,900,-97.85225663914788,13.02108114005753
mh6063,105.89369,5.875757,600,-97.81848504098264,13.3520509565906
mh6064,162.25313,11.445414,400,-96.08473115814,14.65560006870533
mh6065,79.36091,9.5911665,800,-96.76269480117942,14.51450813300218
mh6066,87.903046,6.4762993,800,-98.5817171911371,13.25187922513807
mh6067,77.769356,5.5308895,1300,-99.93107251064878,11.72632717508618
mh6068,108.490776,5.5372744,800,-98.57039816198146,12.76015497429259
mh6069,109.610504,4.4542303,700,-98.88369098352568,12.66395751929721
mh6070,174.1503,8.744412,700,-96.98608172430347,13.96399342981577
mh6071,104.86897,6.108784,900,-97.9260381537126,14.31473277471008
mh6072,166.39398,12.419262,800,-97.83669807556583,14.60425574908101
mh6073,118.01637,8.859705,1100,-96.48879863305348,14.66365331415932
mh6074,163.61429,10.56494,700,-96.39400639830323,14.76301135226814
mh6075,91.87197,5.2952986,600,-97.13933660362426,14.65334804066243
mh6076,161.08253,10.079278,700,-97.67861830645514,14.81492688412592
mh6077,190.49872,10.247394,800,-97.62338299375185,15.09041250145142
mh6078,104.97738,7.219371,600,-97.22378152638892,14.42529718675305
mh6079,80.25152,4.281919,800,-100.5008737811329,12.24981868769292
mh6080,98.65135,8.436867,900,-98.50983134893538,14.04500412647091
mh6081,93.81336,7.0372314,900,-99.3048238750038,13.553406720282
mh6082,106.65019,6.439205,800,-99.22331631459178,13.61387015734648
mh6083,77.306404,6.8164887,700,-100.7304107116134,13.98199700180367
mh6084,88.1595,5.4145565,1400,-100.2427931878521,12.72673691113266
mh6085,105.17664,9.942015,900,-101.9952532824009,10.4437372099818
mh6086,90.53922,6.633001,900,-100.3713846233912,14.3612959413776
mh6087,97.19409,6.411382,700,-101.1582095900046,13.1291655190412
mh6088,83.37761,5.311367,700,-100.576148142176,13.33144482334447
mh6089,55.457783,4.8829184,600,-99.45186723667751,12.791088939668
mh6090,72.85499,4.985647,700,-101.6472408238579,10.79520737043618
mh6091,48.788254,5.548118,600,-101.4079018127709,10.88076864126128
mh6092,136.02655,8.591055,900,-102.0983033149697,14.36576377214764
mh6093,95.184654,6.945437,800,-102.2462131186362,14.33156462257761
mh6094,90.938286,6.7461905,500,-99.89137165018153,12.89934974770469
mh6095,78.63481,6.055761,1100,-100.3968602352304,14.70707723502244
mh6096,131.1768,8.880802,700,-99.80363374760856,14.28842169074098
mh6097,139.2035,8.341871,700,-99.91734567345527,14.7025583790847
mh6098,112.05393,7.250391,700,-103.3051560038779,10.14587191950669
mh6099,82.79829,5.5064764,600,-102.9254048363108,12.4337201791386
mh6100,53.27569,4.499627,600,-101.6382057551098,11.88921371550286
mh6101,70.93532,3.580182,800,-103.2339645333795,10.66172128671451
mh6102,64.138374,5.1101313,600,-101.3927528949315,12.75777464619286
mh6103,129.22238,7.4274354,700,-101.9118073848667,13.19568622852799
mh6104,85.42867,7.1215696,700,-102.4576933529112,12.52983416496421
mh6105,322.1857,15.639961,800,-104.1614148239048,15.4467638439696
mh6106,157.88477,5.442607,500,-103.7876281736209,14.67630180058099
mh6107,182.91306,10.148402,800,-104.3873569396959,15.40702653527351
mh6108,219.88268,13.78146,700,-104.4214615169672,15.53202882849511
mh6109,69.23644,4.1059904,800,-104.5057234839063,16.17357491884739
mh6110,116.74226,5.1065464,600,-100.4053550299084,12.06141328895031
mh6111,81.88614,4.587391,700,-100.2176306189821,12.2147382318238
mh6112,173.31941,8.429318,900,-102.6823803940926,13.21162055940352
mh6113,102.759094,5.9497,1000,-99.50270050855738,14.98552909902507
mh6114,1214.179,28.317001,1100,-97.85276283703816,15.73034486909828
mh6115,140.80717,6.961392,900,-98.65562610290304,15.10632632564569
mh6116,181.60619,11.395966,1000,-98.98838404332275,15.46001657640044
mh6117,151.87112,11.040977,800,-99.09965554786572,15.38788253481441
mh6118,573.9358,29.862043,1400,-97.80435987111916,15.4261067149061
mh6119,49.46078,4.1227326,400,-100.8409234426283,11.41485294051293
mh6120,69.95331,4.7349224,500,-100.3775980685866,12.53576680353646
mh6121,120.736885,9.9921465,1000,-98.88256043286933,14.84950957291571
mh6122,98.834145,9.952937,900,-98.3115624164392,14.92178989086056
mh6123,110.25335,8.632721,700,-97.57017458003922,14.95540531471599
mh6124,608.14777,26.711025,700,-96.43871349297451,15.10414238933936
mh6125,336.34225,12.022032,800,-96.4816643041197,14.9747745946695
mh6126,136.94395,5.5911756,700,-99.35938678104792,14.07102992486578
mh6127,79.264626,6.2044554,700,-99.28174774663944,12.73703506052021
mh6128,90.65596,5.256187,600,-99.01479963335224,12.9239576626608
mh6129,95.97572,6.3717656,700,-98.2302970407226,13.8877248718961
mh6130,52.535835,4.922194,600,-99.76987678597648,12.75435799476813
mh6131,72.453926,4.9357843,700,-98.022818889953,13.63111328411028
mh6132,87.57783,6.0632043,700,-98.32896737781512,13.03631899970807
mh6133,130.48473,9.867572,1000,-98.84615559513304,9.949520110321002
mh6134,101.95915,5.7141304,700,-101.5898823224178,9.280573342810756
mh6135,66.74324,4.2462254,900,-101.6796760178702,6.87743306265258
mh6136,76.70772,6.625796,900,-100.4153408136921,5.678295410052141
mh6137,126.95215,5.833156,800,-100.6634445747058,5.562260081418555
mh6138,75.63178,4.436087,700,-99.65065909968158,5.474556757427265
mh6139,77.43635,4.514062,600,-101.6352549236213,4.679216215097978
mh6140,136.44336,9.117593,900,-102.4452342165152,6.586338609938865
mh6141,73.4696,5.795978,900,-102.3999782392415,7.600738719881295
mh6142,67.41776,4.930661,700,-101.7356328236602,5.524805150451146
mh6143,80.74577,4.85929,700,-101.6048265134954,5.647936070180133
mh6144,63.40739,5.6067557,900,-99.71162847413754,6.722724730723789
mh6145,55.113735,5.4461355,900,-98.5548095740123,7.308148310106986
mh6146,87.11958,7.724766,1300,-99.50624189319105,7.997625080278962
mh6147,73.02077,5.500409,700,-98.7816386995096,7.814689007691653
mh6148,72.9424,5.793147,800,-98.91089464924944,8.02178805461754
mh6149,60.210716,5.94776,800,-99.13224663532404,7.729613751899445
mh6150,85.54269,6.887919,700,-99.70331436842028,8.005189581752514
mh6151,48.447285,4.5870705,1000,-98.94455603189076,6.718645022732955
mh6152,61.81928,5.0180407,700,-98.95701808110398,7.366057485734919
mh6153,97.1141,7.42405,1200,-99.36537189113557,7.576446650326242
mh6154,69.70048,7.3604107,1000,-99.6682431487542,7.84027243619243
mh6155,83.17654,6.2875295,900,-99.91320995753787,7.450885822527307
mh6156,77.876854,7.0366206,1300,-99.65109048145946,7.519678674987377
mh6157,97.728714,7.98557,1300,-99.54390399081448,7.5483643012966
mh6158,69.16712,5.797583,1400,-100.0265554696819,7.671213983511332
mh6159,53.796192,6.067731,900,-97.15286210735871,7.612355754016406
mh6160,105.72918,5.937921,1200,-98.07796889936816,7.785516551785163
mh6161,105.13592,9.601089,1100,-99.90711367920954,7.771119873733817
mh6162,91.728455,8.962371,1200,-99.78767386953116,7.793795193785809
mh6163,45.41711,4.586347,600,-100.5055210863589,7.761138145264433
mh6164,64.385414,5.249985,500,-100.1602845924153,5.763423902175604
mh6165,77.459694,4.210229,600,-99.7756875561368,5.880215974401795
mh6166,41.861732,4.07717,600,-101.0615155090911,5.38330690904812
mh6167,58.209602,6.154904,800,-97.92321588513305,6.370835302357444
mh6168,66.91282,5.720656,400,-100.8077682495374,7.64223015081558
mh6169,96.53604,5.491438,500,-100.8996312065795,7.58942580044045
mh6170,63.08217,6.4453244,600,-97.54633821914906,5.508222669449305
mh6171,65.20435,6.656024,700,-96.21438710957464,6.842976517519656
mh6172,80.62868,5.899243,800,-97.9555685320897,4.068583860614841
mh6173,103.22005,10.858436,900,-97.82343531590595,3.358537609079999
mh6174,83.87639,5.601558,700,-98.05963019565546,3.565844782329223
mh6175,76.254,4.565035,900,-96.38464968983608,7.150418732628542
mh6176,77.16434,6.9379478,700,-96.66638310803631,7.029572853398932
mh6177,54.918274,5.2567406,800,-96.50606884847292,6.154099264426251
mh6178,97.797844,9.679171,1200,-96.65208166566175,7.528151931121322
mh6179,40.436684,4.011393,800,-95.2464984366312,7.090776918642228
mh6180,55.33797,4.6273775,800,-94.9887064908599,5.960413282671027
mh6181,41.429367,4.533057,700,-94.91669756602816,6.012319142512949
mh6182,87.87681,8.344091,700,-95.36977751415638,6.50340860886541
mh6183,55.723644,4.0663595,800,-95.01220601855096,5.320671896225485
mh6184,125.914764,8.725539,800,-95.17340005848688,4.480353363276974
mh6185,74.896996,4.1618094,700,-97.62792299802727,7.950334844823863
mh6186,46.280575,4.8442655,800,-98.195672113929,6.232858993424866
mh6187,82.40302,5.3586287,700,-96.5892613057908,4.997950499012911
mh6188,58.158386,3.8277385,800,-95.20988148835556,7.764934225173504
mh6189,37.00401,4.3552547,1000,-95.10823568033828,5.891624184093263
mh6190,45.654198,5.8974013,900,-95.26332427744411,5.805805703425548
mh6191,58.818607,4.262943,400,-95.36039821684784,8.077748297031421
mh6192,37.47022,4.379507,400,-94.26676898058004,7.230228362891016
mh6193,28.607374,4.285845,500,-93.73996144331583,7.197246665880467
mh6194,39.744972,3.882152,800,-92.98408723410674,7.147411629330505
mh6195,73.03235,4.8506513,1000,-93.70771906732504,10.0510201072426
mh6196,100.162186,5.9501815,600,-93.65474681340432,8.37539928977362
mh6197,61.66128,4.236747,1000,-94.54745821659556,8.913910474724958
mh6198,46.697918,4.637268,700,-91.18754555828784,8.33511620385104
mh6199,56.505844,4.2583103,900,-93.37093278525728,6.107235860829694
mh6200,82.066574,6.679967,1100,-92.68942285520106,5.442036392441269
mh6201,31.410957,3.1830466,700,-93.47236355601922,6.343225061352291
mh6202,41.28802,3.3894453,800,-94.04641147139893,4.719128882107873
mh6203,43.0468,4.2361913,900,-92.504855160306,5.531562791831058
mh6204,45.06836,4.173499,700,-92.28928206949088,5.240408544638687
mh6205,34.792416,3.831781,900,-92.25802007652324,5.671160707972505
mh6206,58.532475,4.3240933,800,-91.49632990175476,5.800655161744945
mh6207,27.003517,3.3374922,400,-90.1940666338432,7.105436741028839
mh6208,47.853485,4.628273,600,-90.23947569673612,7.517379504562998
mh6209,45.496563,3.643606,900,-90.65973612152452,6.864722447889279
mh6210,66.015335,3.4813435,900,-90.5399731975992,7.343732025813019
mh6211,55.106857,5.1389675,800,-91.99473691440944,7.477765312667363
mh6212,48.469,5.3891687,600,-91.85021502746662,7.515717234114615
mh6213,97.209656,7.177659,600,-90.2384340034758,9.32025592410964
mh6214,43.250584,4.267805,700,-90.9081385429547,9.257841911241602
mh6215,57.30488,3.5957088,700,-92.1711512256406,8.50049944014242
mh6216,88.13688,5.1247635,800,-92.14556229987753,10.16687107267959
mh6217,49.93875,5.5945144,700,-92.94508260965976,8.621294959687411
mh6218,38.376934,4.9419975,700,-93.19385838210636,8.484555626383255
mh6219,44.94873,3.6238956,800,-92.36880797531768,10.56633562796586
mh6220,63.01231,6.751187,600,-93.92470810175313,9.246879334425763
mh6221,55.81739,5.811996,700,-94.05828593632774,9.486961443649967
mh6222,58.733,5.0445185,700,-94.16326454745708,9.447427022088275
mh6223,77.14606,4.360526,500,-92.78825341147312,9.874073719346866
mh6224,65.47818,4.1806827,500,-92.72703106306122,9.9437847758345
mh6225,62.479862,3.2683887,400,-94.4233021819368,10.0505023531991
mh6226,52.92766,4.07786,700,-93.92484036944788,11.3883705589806
mh6227,76.393715,5.2507567,800,-93.41713305595658,11.57686910800364
mh6228,52.194687,5.840987,900,-92.33402993244944,11.52733519175727
mh6229,94.26256,6.400837,500,-90.18246046555372,11.79243862014759
mh6230,70.60321,5.116398,700,-94.68703058586316,11.57550156829705
mh6231,51.575188,5.3248196,1000,-94.58272020252213,11.86785710286787
mh6232,137.48744,6.518838,900,-94.43987451763364,9.124240134187136
mh6233,38.871014,4.538843,700,-95.05943040607328,9.141972213549398
mh6234,52.25821,4.0828867,600,-95.5319433434551,8.835041191171362
mh6235,107.377014,6.9113746,1000,-96.02631283520518,7.781727046380444
mh6236,75.60427,6.7918615,900,-96.15434152161652,7.723980312550606
mh6237,25.42753,3.0866382,900,-94.23178660840824,4.884629967866339
mh6238,85.45455,6.635296,600,-93.85409764093532,4.989270047113298
mh6239,62.8963,5.036772,900,-93.7463722031416,5.028382029754474
mh6240,49.65769,4.6795125,600,-93.93674168707484,5.067735646512403
mh6241,57.037567,4.377513,700,-94.16263579690975,6.312920964950963
mh6242,57.764935,6.661918,800,-91.30903924322206,3.112184578534834
mh6243,123.99093,6.4264016,700,-91.52081868931296,2.955324422155431
mh6244,94.50724,9.446132,1300,-90.48945444340112,2.268710219093054
mh6245,185.53004,6.7686367,1600,-90.1136864643095,4.141514700355384
mh6246,169.81506,11.624832,1200,-90.39649944533964,1.522725206761906
mh6247,207.57567,22.680878,900,-90.20434919840724,0.7670706368319308
mh6248,104.66202,11.199843,1200,-90.38770197515277,1.689213761061092
mh6249,98.815506,8.885445,700,-91.75675028218836,1.858722552764228
mh6250,188.45978,14.583503,800,-91.79839280828756,1.944185450111881
mh6251,127.89732,11.288837,700,-90.56259689209944,1.86687862671574
mh6252,180.65567,12.449418,500,-90.6382332086274,1.970689739286836
mh6253,128.68721,8.165885,1100,-93.73645545509716,1.777101304935468
mh6254,67.64978,6.4377885,700,-99.25665755036782,0.0397408423704147
mh6255,54.606083,4.138658,800,-101.4398283717818,0.6409712782181943
mh6256,55.665005,4.3349967,800,-101.3460892286445,0.0875326294088439
mh6257,33.222584,3.165669,500,-111.048211293587,4.392004613224866
mh6258,58.388775,3.6512864,500,-100.556038680815,9.524244093730124
mh6259,67.723434,4.423751,600,-98.68009641798406,12.29881964951065
mh6260,82.29027,5.0839124,600,-99.00393049531814,13.61941712442197
mh6261,301.2997,18.365906,600,-96.3327451791452,14.68765201817174
mh6262,243.16396,17.001566,400,-98.06335488039284,15.09915110741462
mh6263,187.91286,12.490986,400,-98.12830427749329,15.10569081147612
mh6264,91.19727,5.7927637,800,-100.5674542712686,15.39171882559837
mh6265,274.22128,8.693175,500,-100.319753404112,16.15356023353743
mh6266,89.24774,5.614204,700,-109.5834103593087,19.269342171932
mh6267,108.04013,9.101145,1100,-109.51463638404,19.40577399682952
mh6268,166.33316,15.286776,1000,-109.1298772532455,20.07202797543189
mh6269,215.60898,17.978283,1300,-110.0804369622675,20.37291896927702
mh6270,251.61217,16.387392,800,-107.3920680131756,19.52952485639107
mh6271,216.73705,15.874524,800,-107.350565240057,19.88549766939636
mh6272,629.7223,24.499454,500,-107.0059647907242,22.08693904212506
mh6273,99.10689,11.850047,1200,-107.3908296909308,21.64359707862063
mh6274,207.18538,13.955671,800,-107.5635746833294,21.5817725243039
mh6275,153.94228,9.680307,800,-107.6047046079112,21.44755248367063
mh6276,195.99965,15.618724,900,-107.9301501332848,22.97092041421196
mh6277,216.11664,8.080598,1100,-107.5437037722062,22.35130176708609
mh6278,255.36282,10.047213,800,-107.4221930384552,22.34775975643891
mh6279,332.0835,14.746433,1000,-107.2498689879777,22.25720984023861
mh6280,396.54825,15.518179,900,-107.0656989385188,22.19895249606421
mh6281,130.33669,9.918052,900,-108.6964655266996,23.46488174653696
mh6282,147.81606,11.889044,1100,-108.5894299038791,22.95286954731133
mh6283,663.3212,25.109518,1300,-109.2610118532298,22.82677252339721
mh6284,463.1192,13.017945,1000,-109.1162616290858,23.12049285544641
mh6285,220.03976,12.452783,1200,-109.0347721135118,23.40746608394345
mh6286,624.80133,16.493149,1200,-109.2499184547944,23.52021975940448
mh6287,165.64796,19.841742,1100,-108.9029988681223,23.79639211587238
mh6288,136.43774,15.123805,1400,-108.7829766556561,23.61188459882205
mh6289,90.55823,9.350095,700,-107.3928626282587,20.26099074876864
mh6290,90.8145,10.298584,800,-107.4684450920018,20.2765120415815
mh6291,86.26897,6.538743,800,-113.6668883966912,9.472385031286114
mh6292,267.04355,12.112805,1800,-113.4321352504892,7.933592207772596
mh6293,131.93837,6.4281397,1800,-111.3697770145899,11.24532351623566
mh6294,177.15604,7.5256515,700,-110.3153374305244,12.07327305123858
mh6295,144.88216,5.5369244,1000,-111.7058808458289,13.84753969245873
mh6296,174.55624,7.162933,900,-111.6213487068375,11.74238157010891
mh6297,151.25253,9.210136,1300,-111.0343590588863,10.00664738594106
mh6298,222.65205,9.44606,1200,-110.9311421631472,9.723946141994354
mh6299,122.795364,11.262579,900,-109.840500674989,9.35032667013412
mh6300,130.77737,9.927063,1100,-111.0996068107343,8.503024868088009
mh6301,295.90955,13.795005,900,-110.9345844455234,9.53795861193614
mh6302,233.41719,18.325888,900,-106.436608950677,9.767969053472722
mh6303,279.33707,18.010952,1200,-110.8184914332244,6.825645589685845
mh6304,99.12824,9.514412,1500,-109.4883161124651,7.018107362745725
mh6305,134.25041,12.875291,1000,-109.5121445706535,9.151983159067454
mh6306,312.85464,17.034073,1500,-113.3487898572948,6.511100468845505
mh6307,205.62587,11.84952,1800,-113.4583856514227,6.489277382254683
mh6308,184.35493,13.504882,900,-113.3164419757236,6.713285413715306
mh6309,120.60983,6.33081,900,-118.1339754433276,8.634333843901
mh6310,130.20836,5.931898,1000,-117.5020342864932,8.746595434569391
mh6311,170.71962,11.302223,1100,-117.7954952565786,7.012294090060419
mh6312,104.378334,10.154746,1100,-118.1908429061931,6.378309785808674
mh6313,162.7966,16.705309,900,-113.5244773237043,7.21207578886383
mh6314,55.268654,5.6386514,900,-113.3219163167661,8.676783551097868
mh6315,176.27972,12.418347,800,-113.8619770898633,7.348888490777522
mh6316,207.9504,16.540106,800,-113.6277780958013,7.353684538527202
mh6317,75.222946,7.3368497,900,-110.5097930957193,7.658392768499284
mh6318,263.76614,11.056869,1800,-110.3158466354498,9.699677947165174
mh6319,241.05244,12.495296,1100,-110.2476111968201,9.558141799841383
mh6320,91.64864,4.0690002,800,-113.2362863614663,10.85170092980158
mh6321,123.5772,7.37277,800,-111.7656252255588,9.561779575697733
mh6322,108.71773,10.33281,900,-108.1825485105418,9.98558630382291
mh6323,231.81569,10.738667,500,-113.5240634396127,9.433621858437403
mh6324,143.90974,5.0368943,700,-113.1480166480127,14.56188317949047
mh6325,50.10797,2.6797855,900,-114.3958444693458,13.40634500404892
mh6326,99.17584,9.117967,900,-112.7043345829868,15.3498420257001
mh6327,82.843895,5.09375,1200,-111.6410700682483,13.1822807567537
mh6328,48.52619,4.0698605,600,-116.0754020065358,11.54931126079646
mh6329,84.55453,6.2692504,900,-115.2082876593037,10.19373448942433
mh6330,110.3395,6.4464474,700,-115.6712696285609,9.902651927112736
mh6331,33.148922,3.9878788,600,-116.2350059055077,11.47888358502694
mh6332,51.06681,3.38622,700,-114.6611746979123,12.85977076992163
mh6333,181.80853,10.214338,800,-110.8197049305845,9.866895060445774
mh6334,84.22243,8.225256,600,-107.9501753021641,8.836587993396114
mh6335,67.63819,6.718199,900,-114.05892257182,8.336450421848774
mh6336,42.169037,3.1473238,600,-107.0627068786152,1.425624038869897
mh6337,37.050884,2.900176,600,-107.7134659794572,0.5613386070214866
mh6338,48.42647,4.538072,600,-108.5872239343726,1.383550927424593
mh6339,66.93201,3.7404332,600,-108.7256718244816,1.449789527839855
mh6340,529.96906,16.638615,1000,-109.3519012424741,16.38873318097623
mh6341,69.95132,4.3837013,600,-110.3108472495796,17.61121571215507
mh6342,87.77075,5.6606946,600,-110.2923370902615,18.73603150726726
mh6343,165.54788,12.158619,1000,-110.5745248744211,18.2221121398175
mh6344,424.81448,26.50823,800,-110.6986379750581,18.11084626684752
mh6345,275.9491,22.1273,1100,-105.7785517853259,18.31264404300619
mh6346,289.37628,22.947613,1400,-105.9567908539899,18.3768538959136
mh6347,68.171005,4.4954896,700,-105.1857624015781,11.88672116954995
mh6348,54.85439,4.0916452,600,-100.6347986055438,11.49220911189629
mh6349,103.996826,4.7360086,600,-100.3405573037857,11.39554249053815
mh6350,157.50073,5.1324134,800,-103.3515620102112,13.70257028248728
mh6351,82.78924,6.7614803,1100,-101.2910875992646,13.29436012823098
mh6352,122.62289,5.8316965,700,-97.91638547735984,13.26486841896621
mh6353,84.3388,6.5172434,600,-102.2732566837488,12.63859388847105
mh6354,93.27766,6.5796328,1400,-99.3947416488952,11.80353399478423
mh6355,88.84868,6.055382,1100,-99.31264747138972,11.85285569338679
mh6356,121.28127,8.585881,800,-98.47529465763692,14.58513005804982
mh6357,166.05246,6.85405,700,-98.30494503351798,15.19162663207694
mh6358,185.087,14.361921,800,-98.14370899299918,15.00755506943528
mh6359,159.68408,8.972371,700,-98.85403241609696,15.29326377905773
mh6360,70.614975,5.5184913,600,-99.75179476215766,15.47853761483211
mh6361,76.96272,6.53885,700,-99.9064090504624,15.44030436759905
mh6362,77.41535,5.8020916,1000,-100.0161102650575,15.3932799394048
mh6363,122.92531,6.817862,1000,-100.8776727677579,16.07469749932055
mh6364,72.16563,4.5756497,800,-99.27860301717078,13.78299065250286
mh6365,70.10859,4.981988,600,-101.0019586415613,13.44503982587887
mh6366,64.93397,4.201393,600,-100.1306046326242,12.45956981162446
mh6367,102.31279,5.7366195,1000,-100.5708756296555,14.83053434503823
mh6368,314.62592,8.432918,700,-99.80837177923183,15.91750726437997
mh6369,157.03145,4.4021306,900,-99.92483194053212,15.80002522450715
mh6370,63.087055,4.179767,600,-100.0585400214939,12.51488593979688
mh6371,87.30093,3.6186512,600,-104.4713388650283,11.33710537120708
mh6372,214.92903,4.275118,600,-103.8060574405631,14.1138938766033
mh6373,94.78215,8.71619,1100,-107.5112100735075,9.198274375916572
mh6374,120.52133,9.40122,900,-107.6322147025717,7.939226903586301
mh6375,132.85178,5.7913647,900,-111.7926346798459,9.349413287417203
mh6376,58.08744,5.2207766,1100,-112.1360868700071,9.614890045676272
mh6377,61.774395,4.872871,800,-112.3077947070958,9.490284646180717
mh6378,60.804337,3.6552627,900,-118.1046201596252,4.762405730516119
mh6379,45.079945,3.2122457,900,-118.4020489496097,-5.166913395226284
mh6380,45.463623,3.1738355,500,-118.3466179832721,-5.516924071479618
mh6381,98.67108,4.618747,700,-117.6446064647269,-5.687735495361494
mh6382,67.319305,3.7164695,400,-118.4846774601957,-1.587093873062951
mh6383,78.69869,3.8011305,800,-119.3712434499712,-1.612164912775003
mh6384,70.40757,4.4287734,600,-107.5009747329775,-1.988945308918072
mh6385,46.682533,5.217816,800,-107.9217267712515,-1.600986632614519
mh6386,70.041084,4.0605087,700,-105.4449599992355,-1.835076504889756
mh6387,55.72509,3.085563,900,-104.6996095079865,-1.560145935194106
mh6388,48.689438,3.5898666,600,-107.5572530730969,-1.458682561313074
mh6389,31.501087,3.2691638,600,-107.3406622572484,-1.122517330144373
mh6390,65.80105,3.5967205,800,-108.2761445971825,-2.514690002035223
mh6391,67.25216,3.7627516,800,-107.5965747925872,-1.713508429975866
mh6392,68.98886,3.875013,600,-108.8748891337933,-1.291952963460754
mh6393,38.041393,3.6895194,400,-107.2805883405831,-0.3463741883250274
mh6394,50.13765,4.0136976,600,-107.4122016579966,-0.3123921455890122
mh6395,50.684216,3.7731414,600,-107.5366041520339,-0.278032274815659
mh6396,84.51761,3.5125232,500,-104.8612190080862,-0.4319599119924806
mh6397,42.901108,3.0776463,700,-103.1596423450598,-0.1885466518436943
mh6398,51.914528,3.3126264,700,-104.955339254457,-1.600601783836924
mh6399,71.60386,3.4445632,600,-109.4688862517471,-2.018044030624424
mh6400,50.93596,2.703844,600,-106.9419103259733,-3.576639024585238
mh6401,97.64437,7.0896544,800,-108.8380878087252,-3.702625085548848
mh6402,61.921173,3.7134511,1000,-109.8340624948483,-3.325975403392868
mh6403,44.541344,3.484042,500,-108.9885369873925,-1.284588212777922
mh6404,61.130283,4.202058,600,-109.1905086107391,-1.149075721610092
mh6405,55.766354,3.6725776,700,-109.3968023108213,-1.088138186445193
mh6406,44.94801,4.0586615,700,-110.0386160418465,-0.5007375315577434
mh6407,26.410803,2.3678653,600,-112.4076080685348,-1.208984398025053
mh6408,48.445293,2.2314577,700,-111.6281473030894,-1.22491121251517
mh6409,76.80834,5.8824844,900,-111.403881741822,-5.679370002526092
mh6410,29.003904,3.8595943,800,-93.98807942696904,-1.804111218682184
mh6411,72.24707,6.115646,1000,-93.65118298040474,-3.350446923989217
mh6412,56.774784,4.6847634,700,-92.36079979320505,-2.858198037868244
mh6413,43.05078,4.399586,600,-92.3322627680402,-3.073354366958971
mh6414,125.082245,2.9947474,800,-92.55594651405096,-2.543457981415387
mh6415,58.49863,3.5920348,700,-92.53851248180968,-2.703963746616405
mh6416,50.210407,4.4377217,800,-92.67063082295506,-2.842554320740973
mh6417,60.215965,6.3121166,800,-93.30447502539538,-2.644548572025152
mh6418,42.63941,3.6573591,800,-92.3434671281872,-1.824927077597762
mh6419,106.56206,4.3002243,700,-92.81619793458584,-2.571751637649526
mh6420,80.15723,5.7944527,700,-93.42399126500456,-3.059988742766062
mh6421,54.71992,5.0964813,900,-93.1662907654936,-3.434651169010141
mh6422,23.462616,3.7227848,900,-93.22616385399368,-1.510663660067631
mh6423,27.488186,4.923624,700,-93.2562967153888,-1.819797791935815
mh6424,55.02216,6.4640737,600,-93.47063506611327,-1.667666649080497
mh6425,32.51766,4.814778,700,-93.14014372377484,-1.713369603971216
mh6426,26.38257,3.44623,800,-92.84327548768752,-1.881623542703306
mh6427,52.97761,4.415812,800,-94.8480453449248,-0.7595253783697696
mh6428,36.333836,2.8829243,900,-94.496664562006,-1.769198832647432
mh6429,43.396816,4.3545465,900,-94.90783494205311,-1.816664049625459
mh6430,46.326183,4.9811573,800,-94.89222589484817,-2.352130041636725
mh6431,45.97779,5.0459194,700,-94.11327344638214,-1.968557980819295
mh6432,33.705624,4.376492,900,-93.14851132382212,-1.999011676237973
mh6433,42.8993,5.9947743,700,-93.61895267790068,-2.411315640976567
mh6434,32.67855,5.0218205,400,-94.36816674840652,-1.350991376099708
mh6435,62.7345,4.579526,700,-93.32791788854831,-3.319361884305136
mh6436,66.760254,4.25943,800,-92.1856926155738,-3.865893170383977
mh6437,88.786415,7.0962257,700,-94.64276244610645,-3.162417040726825
mh6438,86.988914,4.371152,1000,-91.881150826796,-4.096096483614824
mh6439,38.97544,3.58812,700,-91.33312344889906,-4.238060086506522
mh6440,62.96109,7.336562,900,-93.68903563932412,-2.689226143480957
mh6441,46.308445,4.7090044,600,-94.50245745607124,-2.090168780292974
mh6442,65.12744,5.066926,700,-92.59888598209372,-4.198088831856914
mh6443,97.19826,4.5730276,700,-92.06285602532049,-4.239944369035161
mh6444,78.5483,7.823286,600,-93.30255109082164,-4.257283715972306
mh6445,72.92575,5.724481,1000,-95.46642661493529,-3.706832409086434
mh6446,59.493305,5.668629,500,-92.9857362189307,-2.959423502030413
mh6447,125.71369,6.589572,800,-93.39769215590054,-3.959769359050713
mh6448,95.82497,8.519838,1000,-93.5223581700238,-2.583668278870208
mh6449,144.2261,5.674839,500,-92.41715215149168,-3.99894424724186
mh6450,143.80913,6.8299966,800,-92.5196598060122,-4.073543139373936
mh6451,157.88223,11.526425,1000,-93.71878565106772,-4.440280226472292
mh6452,75.941444,5.2354884,800,-93.1049330397326,-4.592749605954529
mh6453,46.94695,3.278043,800,-92.68617454187648,-5.513510082910368
mh6454,60.449974,4.3730597,700,-95.9019153435642,-2.819726578748015
mh6455,100.37285,6.2716517,700,-94.65463468292208,-2.704240080164664
mh6456,80.522446,5.3429255,700,-92.80949469633238,-3.241838004075651
mh6457,69.56746,3.9173954,600,-96.26867969660582,-3.030662527956161
mh6458,52.86124,3.7894604,800,-95.80525790379234,-5.211342247610118
mh6459,62.67822,4.7509747,700,-94.769633981757,-5.929108939050653
mh6460,70.77804,4.5013065,800,-94.96786809133512,-5.923192496329452
mh6461,87.7056,5.319474,500,-96.10727856014218,-3.990198213411398
mh6462,66.50018,4.9622087,600,-96.87670931869124,-3.567950351597299
mh6463,63.693886,3.9542413,800,-97.6638879250774,-4.750585841072162
mh6464,97.68854,5.9240866,800,-97.72374172895188,-2.736745992323131
mh6465,40.28991,3.5571136,500,-97.06836914291684,-3.275201802519152
mh6466,56.324684,3.3192728,500,-96.71792042372,-2.803683922588501
mh6467,70.68121,4.413879,800,-98.43756870718664,-4.575022951389831
mh6468,70.42639,4.522042,700,-98.17754157848027,-4.159517131611547
mh6469,63.933144,4.1745453,500,-98.69752329526382,-4.467471970488609
mh6470,73.59665,4.794928,700,-98.57952391100488,-4.166649693185008
mh6471,43.60748,3.3184485,900,-99.44227262224686,-3.858946531792535
mh6472,64.56368,3.8832262,400,-97.71713319563396,-3.300929977400545
mh6473,55.6717,3.6340663,600,-99.08530584383486,-3.539915622499029
mh6474,64.726746,3.739363,1100,-99.22179078348653,-3.513899523619142
mh6475,99.44532,6.0835476,800,-98.67670916639996,-2.813600205403242
mh6476,45.460186,3.5440047,600,-99.79721436393392,-2.493927961135016
mh6477,80.12555,5.5042586,700,-98.79823977359328,-2.845490942274792
mh6478,48.917835,4.5263987,900,-100.271016176339,-3.089109628947137
mh6479,237.47064,12.442522,1100,-100.340748302634,-4.262958203527262
mh6480,57.76801,2.7956533,600,-101.9470977939714,-3.449148176948721
mh6481,194.63812,14.903992,1200,-100.1547461752846,-4.358653436965271
mh6482,164.23053,10.266085,900,-100.4708564904456,-4.740242034912489
mh6483,140.49553,11.745635,1200,-100.5294753153144,-4.874085789525303
mh6484,155.5456,9.029763,1200,-100.8282661822316,-5.26204021262577
mh6485,158.9683,12.389012,900,-102.5005886216225,-4.942623616523955
mh6486,81.20891,6.6150656,700,-101.7425563358606,-3.810612342556424
mh6487,48.40946,3.2173495,500,-102.2211345146667,-1.795012398031741
mh6488,58.292313,4.274759,700,-100.7699903209515,-1.797596472321527
mh6489,55.42647,4.7366104,600,-99.8295388634067,-0.96631773931955
mh6490,62.293995,5.101973,600,-99.35743007067713,-0.7716633959413297
mh6491,61.336784,4.162728,600,-100.8365030293059,-0.0928837561138434
mh6492,43.513187,3.9324203,600,-101.2481680518308,-1.371267653135222
mh6493,58.096672,4.333999,700,-100.2287409354377,-0.104885759506817
mh6494,55.739388,3.4042559,600,-100.5965280780767,-0.0862399597048691
mh6495,53.354053,4.4108057,600,-101.0140150244076,-1.401704637720578
mh6496,48.35209,5.026505,700,-100.3330369628622,-2.101319975250621
mh6497,43.294563,4.00185,700,-99.77250124756034,-2.819459735105838
mh6498,57.57237,4.7118263,500,-97.63456801357418,-1.892556477100545
mh6499,24.74125,4.029793,800,-96.9223384349951,-1.507613909014558
mh6500,98.42187,4.1099496,700,-91.89002886855975,-4.27121390396084
mh6501,52.788124,3.7722661,800,-91.86722419038492,-3.924554290195823
mh6502,56.906178,3.707887,600,-91.34739347819011,-4.638949287719385
mh6503,54.086666,3.1918325,600,-90.58273352255156,-4.691220228381205
mh6504,64.28008,2.9204001,700,-91.53400699447404,-3.742660064433587
mh6505,69.87368,3.939353,600,-92.06922741266348,-3.700277325216687
mh6506,70.66674,4.124732,400,-91.92373985482908,-6.161100407297477
mh6507,35.575523,3.6485548,900,-92.72422191146974,-5.637488537095007
mh6508,38.81328,2.7358615,800,-91.20124948140896,-6.793031919598783
mh6509,40.775482,3.2110796,400,-91.42224438173336,-7.408980620028782
mh6510,92.70901,3.954883,600,-92.38150194976085,-6.596261317543657
mh6511,61.609882,3.3151488,700,-93.55435639751089,-5.891187272959923
mh6512,48.855217,2.7350402,600,-90.99466894903328,-5.889760148886858
mh6513,74.4364,3.9385793,700,-93.95639240713903,-7.599357297621513
mh6514,69.64546,4.2138314,800,-94.89034943052636,-7.283774479954935
mh6515,67.84777,3.9916494,500,-93.77282992268871,-6.684189948725709
mh6516,57.178734,3.9018273,800,-96.62822692843436,-6.229443587292623
mh6517,45.952637,3.3276284,800,-95.49243850952442,-5.541967018265499
mh6518,112.448654,6.7549753,700,-96.6777169401868,-7.827041354612652
mh6519,75.92352,5.1688704,400,-96.2977140441562,-7.97868015749394
mh6520,56.201797,3.18606,600,-96.54397394443212,-5.389274911199533
mh6521,176.7253,6.465709,900,-98.13583434264864,-7.646122263257436
mh6522,133.00743,10.128411,700,-98.13165055729766,-7.045923590377148
mh6523,70.66149,4.081949,600,-96.97838974257546,-4.171841927906789
mh6524,33.00776,3.5774028,700,-96.4867165788242,-3.320884615042115
mh6525,143.31956,6.534608,700,-98.54368907391348,-6.989669103085721
mh6526,71.673355,4.241033,700,-99.41871971498595,-3.509043481671799
mh6527,35.153473,4.007407,600,-98.03387997610037,-1.893612497483124
mh6528,32.59132,4.1771502,600,-98.218696432768,-1.495698075667254
mh6529,49.690266,3.6184666,700,-98.21898031526804,-3.35454169239576
mh6530,73.99119,5.2968616,600,-98.45279608055505,-2.732843197402535
mh6531,41.678577,5.1664248,500,-98.45682914793508,-1.488269399310054
mh6532,51.89516,3.9997492,400,-94.62618976748074,-2.0032234463454
mh6533,55.163506,6.0087237,700,-96.15513214271184,-0.2549855854902925
mh6534,43.615078,4.4898143,800,-96.36817600888664,-0.303248297784611
mh6535,52.17695,4.024077,700,-92.3928772252345,-2.141197746295773
mh6536,40.677208,3.4210134,600,-94.38377502451252,-4.106277938921333
mh6537,145.95267,3.1149147,500,-92.21955604901784,-2.29582008548129
mh6538,44.77553,3.035958,600,-91.61898185927296,-6.946304509813431
mh6539,56.826546,3.2871804,400,-90.6750844393918,-5.397807014716058
mh6540,70.41137,3.6323485,700,-94.72813915617569,-7.576573943621965
mh6541,66.02656,3.5297751,600,-91.23066506107182,-11.86539327621219
mh6542,59.648586,5.2552714,500,-91.4699089975629,-12.33890638842477
mh6543,45.71012,4.279745,700,-92.20806388749472,-11.51073515166363
mh6544,61.875565,5.2408843,700,-91.49329037745775,-12.87740961723888
mh6545,66.05841,4.4135265,600,-92.92133372492948,-11.27680024512479
mh6546,134.54124,10.084737,1000,-91.53559686808735,-9.853078616739936
mh6547,87.439735,4.1509714,500,-91.06816417539429,-14.00036645191613
mh6548,65.02048,3.8977811,800,-91.14318817974444,-13.92716256485127
mh6549,83.471176,5.126284,900,-91.43188568955536,-11.81393912237887
mh6550,77.17736,4.869239,700,-93.09935293638394,-12.84306318057724
mh6551,62.96616,3.9719753,600,-90.57449481232943,-12.77623612406716
mh6552,81.736465,5.0788407,700,-93.52745777992428,-11.07674146418176
mh6553,85.912254,5.6055,900,-94.53152700196954,-12.64026390740437
mh6554,62.27662,4.2185726,700,-93.9416606549356,-13.09381509586888
mh6555,92.86248,3.6368098,700,-92.0022348550918,-13.34098189259681
mh6556,82.70653,6.0751696,900,-95.45335294679724,-14.53798447681193
mh6557,52.6875,2.6670933,600,-95.58354603559698,-14.14074046258111
mh6558,265.74936,9.950036,900,-92.02906851086964,-11.30976656295905
mh6559,135.75743,8.12782,800,-92.50453112418904,-14.46730517629085
mh6560,194.3319,10.800079,1500,-92.39685805964308,-9.09071609035637
mh6561,118.13437,4.2072577,700,-93.55170378458216,-15.226169380219
mh6562,146.6223,9.426745,1100,-91.53317376653344,-14.70489200429796
mh6563,46.358578,3.2872586,800,-94.06544163034206,-10.83381166623918
mh6564,116.94478,7.348462,800,-94.45500116212835,-14.73827170431335
mh6565,95.67765,7.6995754,800,-91.12681552188349,-14.51600016766915
mh6566,137.16891,8.611953,1000,-91.03128837465944,-21.32864017902201
mh6567,70.60086,6.2184176,1500,-91.90011730460196,-23.46111394464178
mh6568,51.53845,4.7905884,900,-92.8700912353483,-21.75141927173405
mh6569,44.389862,3.846564,900,-93.57279295170756,-21.29676061567742
mh6570,132.13872,8.690478,800,-93.08723775047528,-21.39428952904021
mh6571,208.21281,13.963558,900,-92.89437194196034,-21.34538465860571
mh6572,166.45189,10.423464,1000,-92.75029105899895,-21.26604778667706
mh6573,168.41934,7.5516915,1100,-92.94625109730862,-21.18925388944562
mh6574,232.85542,9.294886,1000,-93.11142155641872,-21.26446428409322
mh6575,111.68998,4.936968,1000,-94.79086310930484,-20.89645001154154
mh6576,144.94533,5.934157,1000,-93.59878169208916,-20.94373616816865
mh6577,135.71852,10.563969,900,-93.524350446797,-20.32790183662093
mh6578,268.6921,11.4015465,800,-93.90275879212282,-20.10721139474625
mh6579,138.65079,4.380343,900,-95.21850175816412,-20.45835104315008
mh6580,76.59026,4.264869,600,-95.51895627499864,-20.7461027721735
mh6581,96.478676,4.3791165,700,-94.68059746359708,-20.54778502177015
mh6582,421.5758,16.046453,1400,-94.512010205943,-20.06804642004785
mh6583,260.31104,14.120279,2100,-94.49612357978964,-19.69554084591205
mh6584,116.033,6.1685805,1000,-92.59643726068504,-21.11544087511852
mh6585,145.6792,6.554333,800,-94.86682351548664,-20.14864884231569
mh6586,155.02382,7.8395753,800,-92.3586898926624,-21.80965113152407
mh6587,183.09729,11.423703,900,-97.70462880924777,-21.391099420299
mh6588,111.4976,4.8359504,700,-97.81048999126672,-22.55082164688144
mh6589,97.07012,7.474938,1000,-98.43954699817644,-21.8749190137808
mh6590,190.12643,11.250138,600,-98.60906741514476,-20.91497099956694
mh6591,130.39224,6.168491,1000,-98.8246435166102,-22.77979632072241
mh6592,255.7561,12.737724,800,-98.005457315312,-21.08025357567992
mh6593,65.06772,4.5399575,700,-100.5059423185478,-21.04597235389639
mh6594,81.70914,4.5085664,800,-99.95429441206532,-21.59847861848446
mh6595,78.215836,6.5209694,900,-96.96110496421376,-21.24413077122817
mh6596,141.55934,8.419136,1200,-96.68900600286965,-20.50284030548057
mh6597,102.21796,6.154544,800,-98.7384576107074,-20.56006403973149
mh6598,103.195435,5.234285,900,-98.82614811731392,-20.93938729597117
mh6599,92.488396,5.0448,800,-98.62695082714691,-20.4365273616582
mh6600,122.99662,7.913499,900,-98.2636113654796,-22.29574081095593
mh6601,81.78714,3.9729562,600,-99.3393670220335,-22.86315396076401
mh6602,47.833397,3.1825109,800,-101.1329541897302,-21.03834985210749
mh6603,77.04615,4.56664,600,-100.8697844383235,-21.24358802485215
mh6604,129.3554,6.8660507,900,-101.1639366610625,-22.95152450914947
mh6605,102.977356,7.4831996,800,-99.6026345659533,-22.10254757942556
mh6606,47.57115,3.8707674,1000,-102.0594835677667,-22.85671034985591
mh6607,37.949455,3.462124,900,-102.1119692304492,-20.80501254697398
mh6608,52.36354,2.7107859,800,-103.0029294833208,-20.57508594232947
mh6609,51.55166,3.2033708,800,-103.5237812423572,-20.81837733323481
mh6610,34.82065,3.9422169,700,-104.8228700135805,-21.76451700640531
mh6611,49.051037,3.1363475,800,-104.2517384835836,-21.14268678616184
mh6612,44.604324,3.4201484,600,-104.6810541897727,-21.25004065419098
mh6613,112.68845,4.4198227,700,-104.7119870692624,-20.91521647595301
mh6614,86.38914,4.017751,700,-105.8930933307269,-22.24040398594189
mh6615,21.980377,2.6211298,900,-107.2963004838271,-21.90229550853826
mh6616,98.034935,9.285364,900,-108.372755916201,-21.30961580593056
mh6617,48.820107,3.8875074,700,-107.567545954687,-20.70181468959965
mh6618,86.19766,5.0993996,600,-109.2000496195347,-23.11276917830803
mh6619,112.78456,4.8546834,500,-110.1792569436463,-22.97534428317022
mh6620,96.03762,5.7031627,800,-112.7858361017003,-21.78856204591819
mh6621,92.65254,5.6709685,700,-111.2212230234418,-21.04173259984285
mh6622,103.7049,5.091678,800,-111.8454022430406,-20.97483188914217
mh6623,154.00543,10.672087,1100,-112.3828093174936,-23.3907083575987
mh6624,87.38653,7.201489,700,-117.9612605160548,-23.19598177056913
mh6625,91.22388,6.302711,1000,-118.0966854904361,-23.21252894772887
mh6626,58.945293,3.6129043,800,-118.505738184282,-22.98439326445545
mh6627,76.969055,6.158322,700,-118.795492650143,-23.21969470839896
mh6628,146.00117,11.818931,900,-119.6468957195095,-23.44691655817969
mh6629,65.388054,5.8473682,700,-117.20512743959,-23.16448324728707
mh6630,94.50724,5.4260044,800,-118.2447767553851,-22.40603199589228
mh6631,81.32021,5.0206475,700,-116.7451609119382,-23.27050037821617
mh6632,92.39012,7.019833,1100,-116.9977428574181,-23.3568198866053
mh6633,64.555534,4.004685,400,-118.584383571999,-23.42454308236282
mh6634,106.25312,5.9520054,600,-119.5269037512582,-22.10644335584908
mh6635,227.15018,18.751839,1200,-115.8374625588198,-22.85223858029449
mh6636,111.459595,6.6879435,600,-117.1450179412261,-22.39615471694785
mh6637,128.13686,5.501946,600,-117.2774820957352,-21.40623149285417
mh6638,208.74509,8.739587,1100,-116.3112647237186,-22.07144497175532
mh6639,132.8393,9.341431,1000,-116.1107030613736,-21.94076811925407
mh6640,136.5961,11.638218,600,-118.8161512324519,-21.45398166355729
mh6641,161.94273,10.913045,700,-118.850638823153,-21.36636617397841
mh6642,157.72533,10.062162,900,-119.0644791420395,-21.30424897886117
mh6643,171.28989,10.654558,800,-118.8254581152358,-21.21036862889897
mh6644,51.084183,4.520313,800,-118.5863093270123,-20.80675421668317
mh6645,62.88019,3.778963,500,-117.9603262123483,-20.7759805533397
mh6646,64.585945,3.8699439,700,-118.2187077968636,-20.5084102474698
mh6647,89.239235,3.884418,700,-118.3020902464533,-20.40765974112016
mh6648,37.900047,4.9489627,600,-116.8103843724409,-21.41914281543719
mh6649,67.44292,4.946638,700,-116.7382323974119,-21.63786061991398
mh6650,69.54049,4.653766,400,-117.0516111815482,-21.64505940443611
mh6651,105.10136,5.516552,800,-119.94509608112,-20.70699507478062
mh6652,97.640396,6.3785324,600,-119.8355134884391,-20.72830775774888
mh6653,96.80715,7.273821,600,-119.7668707475276,-20.68157581263613
mh6654,64.39193,3.830668,600,-116.6173947616649,-18.35131278079303
mh6655,75.37244,3.7927153,700,-115.0409002420047,-19.33246508988336
mh6656,125.741745,7.6153293,600,-117.2070106488187,-17.08664605445184
mh6657,76.841644,5.7302012,700,-116.5610877280706,-17.80210448693045
mh6658,66.72749,3.1171982,700,-118.7497107221993,-16.66122562640685
mh6659,79.4219,5.1053877,700,-117.4245865797856,-15.95409075769028
mh6660,92.01947,6.0614734,700,-117.6799307646328,-15.8895509494703
mh6661,61.8267,6.34665,800,-117.7990096382852,-15.90318253206596
mh6662,71.56205,5.87621,700,-118.0863045119001,-15.36004182407496
mh6663,41.73993,3.7226377,400,-119.7132622232207,-15.47600418559711
mh6664,89.684265,6.2992544,700,-119.4800130330813,-14.68545347202677
mh6665,97.95059,5.5090256,900,-116.5644006190907,-15.10116412801984
mh6666,231.00688,10.489881,700,-117.0833763265779,-15.29369410611764
mh6667,108.10782,8.198936,900,-118.5500169202002,-13.57816517965594
mh6668,77.05484,5.433599,500,-116.3521314945682,-15.74242942557079
mh6669,90.54103,7.1222734,700,-117.6686405393215,-13.71280329196953
mh6670,77.29373,4.5352955,600,-117.2706642074177,-13.84494261879012
mh6671,58.67219,3.9059713,600,-117.1174120256958,-13.87884181029192
mh6672,94.05461,7.839627,800,-116.5667251242587,-14.03034008436461
mh6673,227.92966,17.288227,700,-115.629688186765,-13.70569080663524
mh6674,142.98747,9.3178625,900,-116.6004374440816,-15.30778068506358
mh6675,115.48263,9.14641,800,-115.7658517517474,-13.8939739732096
mh6676,75.1111,5.5416684,800,-117.2403304388589,-14.32565503278985
mh6677,136.38364,8.765328,700,-115.0888807635685,-14.60667077047146
mh6678,116.077515,9.859879,1400,-115.4193887554377,-14.55611175449459
mh6679,115.55973,5.965801,700,-117.0025667095864,-13.43106101944851
mh6680,184.45773,13.471886,800,-114.8165542510507,-13.42143262931192
mh6681,109.787506,9.284886,700,-115.1119456628089,-14.03440614842741
mh6682,65.54659,5.6465454,900,-117.878748937122,-11.88787943955576
mh6683,91.499695,6.594179,1000,-117.7115753740881,-11.90976581702594
mh6684,192.13225,15.051656,1000,-116.6410150833421,-12.59646012294695
mh6685,136.39738,11.621783,700,-115.2530249573862,-13.29518581223752
mh6686,192.60841,16.611723,500,-114.9499994204428,-13.41595489454436
mh6687,101.02619,7.0294776,1000,-117.1667585224746,-12.33812877712223
mh6688,72.38316,4.494303,800,-117.1466565856988,-12.01955770825776
mh6689,82.04034,7.8709183,900,-116.6763641225062,-11.66683346331283
mh6690,44.893894,3.5507476,600,-115.7151012366322,-11.92150715483388
mh6691,143.84604,6.2425513,1000,-115.8380849170965,-12.0861640360598
mh6692,88.30881,7.744441,800,-116.2136125636114,-11.8992458898689
mh6693,155.93886,13.285639,700,-114.563780852208,-12.09507894870406
mh6694,78.364784,5.541879,400,-114.9258595356912,-13.00572124886888
mh6695,76.31535,5.004577,1000,-117.4913619017667,-10.7877939855202
mh6696,75.27109,4.339004,800,-117.6789693939143,-10.78388745522021
mh6697,52.038136,6.0243096,600,-115.708004131148,-11.66393488953743
mh6698,268.79907,17.366865,800,-116.4754634195861,-12.00321851353602
mh6699,200.16675,14.612803,800,-116.578741888427,-11.93107417544631
mh6700,66.08827,3.7275422,700,-117.3218651338257,-13.45634904889457
mh6701,63.71524,3.4648502,800,-115.225686505052,-10.89093088326412
mh6702,63.17845,3.4041343,600,-115.1252827428568,-10.88475218867189
mh6703,120.60242,10.6954565,700,-113.4254953326575,-13.05159197793427
mh6704,94.71881,8.237414,800,-113.8114609825136,-13.42773354942672
mh6705,83.110115,5.061736,800,-113.2214716128523,-11.3995830949256
mh6706,67.69538,4.851825,700,-115.5781124848506,-11.7870298517567
mh6707,105.664024,6.515957,600,-112.5208954298307,-13.45924070309459
mh6708,197.10146,15.460116,800,-113.696143079212,-12.727603106489
mh6709,83.89141,5.6136575,700,-113.9982904625201,-10.87315208359015
mh6710,231.32034,15.497753,1700,-114.353518974595,-13.52256142370371
mh6711,55.397514,4.9306035,600,-112.9334604287484,-11.93146226706067
mh6712,51.85788,4.43577,500,-113.0250877256183,-12.23881384438209
mh6713,50.541058,5.0103583,900,-112.6709952117888,-12.73112104582633
mh6714,83.43498,6.4312553,400,-113.113828100943,-12.56992178691139
mh6715,77.13755,5.0015,800,-114.7717552054448,-12.42068771819441
mh6716,83.77396,7.153497,800,-113.8323911869049,-12.4895188664531
mh6717,44.871273,4.0930986,600,-112.2984657390009,-11.6905095119198
mh6718,211.7253,13.758201,900,-111.7285372422573,-13.18211760433971
mh6719,67.487434,3.9844027,900,-113.7806106739038,-10.60594981577054
mh6720,65.54406,6.319318,700,-111.1793347093829,-12.23069574879374
mh6721,66.062935,4.6720443,500,-111.0277496914392,-12.03279829133911
mh6722,90.000984,4.600466,700,-111.4361864690886,-11.0007328557207
mh6723,79.89552,5.575981,500,-111.5799999173764,-12.22825755814804
mh6724,58.821865,5.0882807,500,-111.2690026187153,-12.16682526376936
mh6725,91.76266,6.5749273,800,-111.1153696939556,-11.10642019556073
mh6726,104.528725,4.9701095,700,-110.5745461803736,-12.05223138386221
mh6727,66.570404,4.717031,600,-110.6132847456528,-12.33477155441409
mh6728,90.26196,4.9355726,600,-111.4198820344558,-11.44797356179826
mh6729,66.99372,5.3035383,600,-111.9365616540912,-11.44580705220609
mh6730,56.82057,5.9375277,800,-112.4898150797682,-10.43368622279167
mh6731,80.97635,4.3622828,600,-111.4595937595675,-10.05545117759947
mh6732,73.494026,3.3475149,500,-113.3227327400565,-11.43178784484858
mh6733,99.96329,9.034724,900,-111.4104042051623,-11.59554869393522
mh6734,53.022316,4.1227274,600,-111.7848215611068,-12.16277160779347
mh6735,89.60699,6.236925,600,-112.7619945499473,-10.36833903372944
mh6736,51.12943,4.7449784,600,-111.6632608581455,-8.021932032077018
mh6737,64.591736,5.905146,700,-111.9188265616792,-7.988764276459325
mh6738,76.290375,7.1045313,600,-112.0513047797756,-7.959430106443009
mh6739,86.45212,5.70577,600,-111.0016852291561,-8.068146327485174
mh6740,91.50765,5.595218,700,-110.8363296087397,-8.089068718849893
mh6741,51.651016,2.9123588,700,-110.3699385808377,-7.616275219653808
mh6742,63.43671,5.7277737,700,-108.5125214411842,-10.04365259300317
mh6743,190.32008,9.708692,600,-109.7058232263634,-8.810518799383063
mh6744,69.1302,5.513836,800,-109.319294750433,-9.956464452934089
mh6745,144.39767,7.8451185,600,-109.5290675112467,-10.40588184739779
mh6746,62.002792,4.3483047,600,-107.6349528139625,-8.44480899464495
mh6747,58.96647,3.7294397,700,-107.7490296372673,-8.379959322570846
mh6748,76.96996,4.7442517,900,-106.5870967400148,-9.17910428321606
mh6749,57.464867,5.1640573,700,-106.3083318376024,-9.175092637191714
mh6750,112.79632,9.594791,900,-108.1591800325166,-9.390030111232182
mh6751,116.76325,8.182682,700,-107.7247214688908,-7.924078350296008
mh6752,99.66177,5.7263646,800,-108.0890752420213,-7.326049251403247
mh6753,209.25653,11.880032,1000,-107.8315875959484,-9.244548653872585
mh6754,68.34692,4.5270367,400,-106.1560749985634,-8.739577252361341
mh6755,87.78034,4.8006225,600,-107.4252286856442,-8.685363663816288
mh6756,66.60443,4.3989797,600,-107.0410185724947,-6.93410026167466
mh6757,97.121155,4.394894,700,-106.768415611065,-6.949505835289949
mh6758,74.413055,4.1249585,900,-106.636784761721,-6.951928794800552
mh6759,46.075703,3.9008842,700,-107.8536036137521,-6.606394462333651
mh6760,77.52829,5.700619,900,-108.625957647235,-6.782481266386746
mh6761,69.10812,4.790727,800,-105.9298414336454,-7.649216388326249
mh6762,68.92497,4.4322286,500,-106.3324498351454,-7.007395622863218
mh6763,64.591736,4.9132957,700,-105.7605142545294,-7.255993618086262
mh6764,84.09375,4.583293,400,-106.2066753686996,-7.62000762000269
mh6765,68.64861,3.1726956,600,-106.2856832518066,-8.00058898704622
mh6766,104.8621,5.7006807,700,-107.6233806177819,-6.317348125484838
mh6767,71.96908,4.7468596,600,-107.4492296167314,-5.45043448415114
mh6768,95.60743,5.178248,1200,-107.1143953734071,-5.029635092593915
mh6769,82.21987,4.501108,1200,-106.9871664369123,-5.021959601594543
mh6770,66.79935,3.554067,900,-104.4565207640334,-9.539699859692876
mh6771,61.159603,3.968793,600,-106.0066562337388,-8.522716344783182
mh6772,74.07154,3.876278,700,-105.036166830929,-8.923076275355168
mh6773,56.723747,5.248223,700,-106.0530704347378,-9.317582665591525
mh6774,87.92169,6.388952,700,-103.9269433296075,-8.862070413263796
mh6775,66.04628,3.3693876,700,-107.4000282062716,-10.34295094204485
mh6776,85.902664,5.2822456,800,-107.7259104033651,-10.77456472099637
mh6777,49.224598,4.0588365,700,-107.3772717236286,-10.83194136636891
mh6778,73.12664,3.0860057,600,-107.5106645096627,-9.850994495959153
mh6779,106.23231,6.709339,900,-103.5538921180314,-8.889529834775507
mh6780,245.88844,14.514878,1100,-104.0310874795626,-10.03543709864261
mh6781,208.26549,10.48653,1300,-103.3313692724292,-10.30173436906412
mh6782,251.43607,10.776639,1100,-103.5230022255081,-10.22539053095618
mh6783,341.4899,21.05666,1200,-104.1413635284201,-10.34683146399616
mh6784,220.90866,13.1730175,1200,-104.3047834074972,-10.44293404023852
mh6785,184.53592,10.61015,1000,-102.9160760472857,-10.01450013997214
mh6786,84.79361,5.0215406,800,-111.6104900989281,-16.90460400544478
mh6787,54.92153,2.6619227,1000,-110.5664479655038,-18.98697769914579
mh6788,67.168365,3.6399553,600,-113.3322702860527,-16.23566564574726
mh6789,56.619682,4.3783126,600,-110.8908956962225,-16.24552042792504
mh6790,83.77757,5.5282035,500,-111.7075145488066,-17.05655857879007
mh6791,105.91414,6.871109,700,-110.5110634124199,-17.64450589629704
mh6792,46.435493,3.104544,600,-110.3430898984596,-18.81136496249318
mh6793,49.58457,3.6978502,800,-106.1841043499537,-19.10310800524445
mh6794,46.854103,2.935929,700,-105.9982003013104,-18.10721630738727
mh6795,52.81292,5.9287295,800,-105.7453875114524,-19.21435145342395
mh6796,129.36246,4.769011,1100,-107.9967267267647,-16.52989743531086
mh6797,94.581085,5.509847,900,-109.465434187294,-15.51699726732164
mh6798,115.541084,6.6585245,1200,-107.6371696689115,-19.04563858490052
mh6799,52.8388,4.568418,900,-108.852498854245,-18.67770570050612
mh6800,87.62977,3.9936235,800,-108.0924381935621,-15.29137692694527
mh6801,115.72153,6.6175156,700,-106.4967271624387,-16.54339454088851
mh6802,80.375305,5.269051,700,-109.5305220294877,-14.2235833032437
mh6803,201.79358,6.647143,1100,-108.3873850699622,-14.27988185370626
mh6804,93.48071,5.7197337,800,-106.7012910322695,-15.03334729178192
mh6805,71.97559,5.249509,1000,-106.9218989418684,-15.07019671801472
mh6806,91.79976,4.556878,700,-107.0421974628846,-15.10005452940663
mh6807,37.480534,3.1322331,700,-107.2591048400316,-14.6420107470826
mh6808,188.55896,6.688717,1100,-107.5461517330289,-16.54614720354467
mh6809,53.93645,3.7344403,900,-106.7586458218487,-13.61477380949056
mh6810,49.428745,3.4400203,700,-106.998735297571,-13.28482502295363
mh6811,53.738277,4.5428014,700,-106.6749573571553,-14.87226050938296
mh6812,143.91138,5.54838,900,-104.9324066705286,-15.28894778238414
mh6813,69.61451,3.339623,600,-105.5478105826218,-15.49994018605713
mh6814,130.41052,10.271007,900,-103.9141802992761,-14.51037212917021
mh6815,115.4439,8.425265,600,-104.8008441408257,-15.42384610485369
mh6816,68.65133,4.5649457,1000,-104.0866455168511,-12.32743765074462
mh6817,115.35631,6.189404,800,-104.5374935741195,-14.86658184737585
mh6818,28.697685,3.158674,500,-107.4822138527846,-12.50050965559043
mh6819,36.990437,2.9040334,600,-107.7382283833962,-12.43823645121849
mh6820,130.2308,11.167209,700,-105.6055432611057,-14.52232856365969
mh6821,202.61125,12.718151,800,-108.1165225698929,-9.091464369331751
mh6822,87.21677,4.615793,600,-106.5524572990863,-12.13146801259951
mh6823,202.99747,8.843545,900,-108.4912208297534,-9.094454662931176
mh6824,213.47504,13.232335,1100,-108.6629214519306,-9.06190146873102
mh6825,176.6958,5.5435677,800,-103.272156594777,-12.38393791572395
mh6826,144.86388,5.909398,700,-104.8724581765386,-13.75159391305141
mh6827,190.90248,9.827752,900,-104.8468441745351,-13.45288116044419
mh6828,139.19572,9.77926,1100,-103.2930999784633,-12.13494587687176
mh6829,121.05523,7.3511524,1100,-103.1973532424252,-12.04768548791319
mh6830,60.664257,2.6999974,600,-99.50640733713796,-14.32249708082098
mh6831,99.8129,7.4502416,800,-100.7642637605002,-13.86967149455775
mh6832,81.16764,7.575237,1100,-100.5927477235899,-13.92886047968661
mh6833,324.99237,14.847618,1100,-99.87723112525885,-13.47809619187601
mh6834,71.23049,4.440046,700,-101.3903875013525,-17.18620153353986
mh6835,90.22015,6.513229,900,-102.1574280819796,-17.67691666405954
mh6836,64.370575,4.040863,600,-103.183623065005,-17.01839929718116
mh6837,97.88418,3.20654,1100,-104.8707141687912,-15.71426318032786
mh6838,144.44455,5.2397084,900,-98.51469006861711,-17.0269194491831
mh6839,119.43943,5.221928,700,-98.67134614543296,-17.27548227545486
mh6840,136.09804,7.751575,800,-99.01550030532252,-17.38927298347839
mh6841,71.45401,4.1627355,800,-99.32651387945188,-18.30798264867206
mh6842,56.382233,3.1252632,1300,-91.07487585660088,-17.65188186202949
mh6843,80.53168,4.675225,1000,-91.55528480687764,-16.45959846758451
mh6844,100.43312,6.196721,900,-92.81770220804292,-18.2436203097659
mh6845,124.76426,6.768882,900,-92.6364856822874,-17.79710311907315
mh6846,412.51154,12.3691225,1600,-94.07709445354013,-18.2647452443962
mh6847,87.0937,4.3397803,900,-92.32260138890048,-18.07960761921965
mh6848,166.98705,8.763716,1100,-90.63123152327589,-20.76598827099255
mh6849,125.01221,7.468151,1000,-90.27364884262356,-19.58388349117132
mh6850,74.13543,4.0771794,700,-91.58543726323757,-17.73387049130594
mh6851,61.356327,4.1010857,900,-90.64355137352796,-17.14499923166116
mh6852,108.85002,9.289431,900,-92.02573150065884,-14.31248694936934
mh6853,103.735664,6.9310193,1300,-90.05855459471299,-14.7221655901616
mh6854,88.906044,5.0353127,700,-93.5198186009366,-16.49070277696311
mh6855,210.73027,11.578846,1100,-93.55585336542936,-15.8733319769808
mh6856,82.30728,6.735653,1200,-93.82325900350624,-15.26316717913324
mh6857,285.78128,9.598976,700,-92.53474861132996,-15.50994230598345
mh6858,90.407104,6.0086637,700,-95.57145228020356,-15.7129246331472
mh6859,52.268707,3.484897,800,-95.93491629979756,-15.15875563808472
mh6860,154.93297,9.02168,1300,-94.79096315254276,-18.83366178816306
mh6861,294.18713,14.832834,800,-100.5829320859502,-15.88119012541982
mh6862,336.0753,22.45165,700,-100.6654519470842,-15.9390132723423
mh6863,415.83075,27.990301,1100,-101.242347298717,-16.31371282527509
mh6864,135.9482,6.9910755,800,-102.7811479099375,-17.06106057539131
mh6865,82.48736,4.684202,800,-102.8995279870513,-17.07771498051971
mh6866,129.11885,9.018078,1200,-98.62834236883292,-16.10723870975623
mh6867,96.920815,4.0076914,800,-107.0722580560402,-18.42530366604637
mh6868,66.6799,4.0484285,1000,-104.4171722797119,-17.50840921475714
mh6869,82.08938,4.8949575,1100,-111.2420159713656,-18.50386027629427
mh6870,127.27412,8.3364935,800,-110.6158133758013,-14.36869593283098
mh6871,74.69502,4.4706254,600,-111.6521786767888,-13.88264181229721
mh6872,101.09099,5.1365123,600,-108.6800408369014,-15.27686293432367
mh6873,64.58902,4.7633233,600,-107.558296517923,-13.79527031419742
mh6874,100.44108,5.331102,600,-109.6518300433067,-11.8853454656185
mh6875,82.747795,4.4798164,900,-107.5488288557307,-8.739267042153317
mh6876,77.960106,6.1121244,1000,-108.6117175049143,-7.685468878850458
mh6877,90.47751,9.113872,1000,-104.4296094716695,-6.211487721798174
mh6878,146.88689,9.030716,800,-102.9303407613635,-6.052331420634137
mh6879,175.46912,10.598217,1000,-103.7579748261942,-4.199099023896713
mh6880,65.33919,3.619957,700,-104.1565160856738,-4.301558454413417
mh6881,82.48428,3.5300515,600,-107.1860935037301,-3.559838681239425
mh6882,82.983246,5.685835,800,-103.7088700028566,-5.736182362122797
mh6883,87.633385,5.310969,700,-105.8057736529229,-7.07749756449448
mh6884,115.31178,7.366881,900,-105.9743122673875,-6.621440352298344
mh6885,202.74971,10.329871,700,-104.7628805298376,-6.001160058971688
mh6886,241.73004,17.711355,800,-104.6585096836302,-5.856998251767793
mh6887,193.30157,12.927066,1500,-104.5065776970297,-5.882174911312789
mh6888,160.19264,11.898472,1400,-104.3894796193106,-3.925832056168103
mh6889,153.82228,8.466653,1000,-105.5640525794287,-3.859085096425366
mh6890,142.31458,7.8384376,900,-104.7163041788629,-3.834984376796656
mh6891,214.72597,15.4115,1100,-104.1254858871424,-3.854150869143752
mh6892,178.85799,13.146032,900,-106.7887399114447,-4.041907785709744
mh6893,218.52531,10.396889,800,-100.6407959563252,-12.3668902247844
mh6894,149.06682,6.7664785,800,-100.756152979472,-12.13006368514069
mh6895,158.03372,8.0609865,1000,-101.5773207341624,-12.86180397407346
mh6896,124.38094,5.593181,900,-101.4888700057307,-11.0624524617733
mh6897,74.68996,5.978087,1000,-102.9388213762507,-11.19143303246559
mh6898,112.65805,5.308179,500,-102.3976460199003,-11.55792823810292
mh6899,255.96548,14.433295,1400,-104.2527696538659,-10.04065657941964
mh6900,80.55719,3.4073877,600,-98.40858462851514,-9.927015410115397
mh6901,48.90372,3.314555,700,-99.14238454619824,-10.84590739291832
mh6902,38.80025,3.1049805,400,-97.27491296411192,-10.56936531823797
mh6903,107.59582,4.339585,800,-98.60178927252656,-9.890567351632464
mh6904,53.050186,4.0491967,700,-99.34096940866227,-7.995944595424631
mh6905,116.74208,8.556302,700,-99.83926758013922,-8.545843697259073
mh6906,95.615395,7.3623195,900,-99.74640671407896,-7.714356887249818
mh6907,50.324425,3.4604042,700,-98.93069379850002,-8.053908411008381
mh6908,182.16832,11.597743,1000,-100.8966672403014,-7.863861173849941
mh6909,171.16483,9.258871,1400,-101.060366271392,-8.240603662594356
mh6910,66.77111,4.2279506,1000,-100.1534577876165,-6.634270564733045
mh6911,107.06536,6.1921062,700,-101.2828298608472,-4.907403678520073
mh6912,72.57537,4.150323,600,-96.00281298598706,-11.5495299036775
mh6913,94.91138,3.7398393,800,-95.38909388019044,-11.27701355696126
mh6914,73.380196,4.7138877,800,-97.21696946366389,-10.92098503850703
mh6915,65.6027,4.013877,700,-95.78876964616244,-9.710515647692503
mh6916,70.8441,4.163607,600,-95.8957594027784,-9.690047600097062
mh6917,85.56296,5.5400224,700,-92.02305091507434,-17.6246550911311
mh6918,95.6315,7.945751,1000,-117.3056598023862,-29.35320870531203
mh6919,71.223976,7.2355886,1000,-117.4218016250202,-29.37693540259803
mh6920,155.35321,9.127433,800,-116.8536672405135,-28.59520660691076
mh6921,94.109085,8.3686495,900,-115.4752751208741,-29.48265511707732
mh6922,60.799812,5.7737384,800,-116.2977777718571,-30.03993953297213
mh6923,193.36908,7.225366,1100,-114.4075470349491,-28.760715785968
mh6924,92.36895,6.4631147,800,-114.587770408595,-28.74424791823942
mh6925,171.94775,16.029165,800,-114.7589184547433,-30.46954282490988
mh6926,103.192,6.6850586,700,-114.7851656956857,-28.61344956558229
mh6927,110.66527,9.046952,900,-112.5204031803848,-30.66535815414216
mh6928,128.634,6.1042256,900,-113.5868172646988,-29.74974894025375
mh6929,67.59367,6.576168,700,-115.4134121573207,-29.23110100013836
mh6930,90.73812,8.917849,700,-116.21805429691,-27.84061081927192
mh6931,91.61661,7.028209,700,-115.892128724876,-29.12053002071854
mh6932,95.575035,8.911095,600,-116.3729506023419,-28.09485459461574
mh6933,120.69526,5.588941,800,-116.4723115963859,-27.65859097148223
mh6934,67.16239,6.2360535,800,-116.7560887033419,-30.05231664693385
mh6935,88.99255,6.972221,800,-116.3621687529177,-27.05971494955583
mh6936,119.39165,10.099877,1300,-117.724411188773,-29.23683629555864
mh6937,224.34406,12.663764,1200,-118.1874775991394,-29.5119415217471
mh6938,166.70454,11.9686365,900,-118.7521097022666,-29.48581570245054
mh6939,136.53548,11.121868,900,-118.0644811575426,-29.0621854181025
mh6940,151.20421,10.495275,1100,-119.1752661537845,-28.84743399389108
mh6941,213.30508,12.71856,1200,-119.3070354503512,-28.14801446343977
mh6942,145.79756,12.243208,1500,-118.1732469611758,-28.40917809950186
mh6943,165.64996,9.010776,800,-118.4590546657578,-28.35282468638565
mh6944,636.13965,29.3512,1400,-116.2414664464257,-26.59064258146055
mh6945,350.7006,15.77712,1200,-116.6923087639086,-26.00120088395249
mh6946,282.3316,16.264853,800,-117.8196988924842,-25.01119058752682
mh6947,213.71863,12.124965,800,-117.7546648998816,-24.77536961623588
mh6948,235.97627,13.880575,1100,-118.1835875340426,-24.42426042987939
mh6949,131.22023,9.258028,800,-115.7763631981231,-24.01581233509162
mh6950,100.537544,6.6881404,700,-115.6066836305847,-23.94025035901805
mh6951,146.24857,7.2841673,400,-117.7829783214198,-23.67555558506356
mh6952,165.65575,14.073869,1000,-118.2651994640726,-24.28775134625007
mh6953,116.523994,5.502868,800,-119.3213671461336,-23.67988984973794
mh6954,72.04166,5.493678,800,-118.7607902412047,-23.47711485254382
mh6955,92.34578,6.3796144,800,-118.8651221869678,-24.09905532225096
mh6956,102.57268,4.9626017,600,-119.2461633032161,-23.47843744125124
mh6957,321.15067,11.5057125,1300,-118.908245628585,-26.74427652897461
mh6958,105.52811,9.867846,800,-116.2249297396815,-26.8228683280388
mh6959,97.47027,9.454819,1100,-116.805694040755,-27.92088961984769
mh6960,75.57694,5.7512493,700,-116.5175043314703,-28.95919649803804
mh6961,190.65219,8.968056,900,-111.3475407240477,-24.15627861203196
mh6962,103.72408,5.9229403,700,-110.4223883272622,-24.34932754912269
mh6963,126.372284,5.184497,1000,-110.3276497113754,-25.52138847366615
mh6964,162.21132,10.00209,800,-112.3457215402834,-23.49482995402607
mh6965,138.97601,11.202467,800,-112.3510798870513,-24.00105464135084
mh6966,59.13949,2.7273512,800,-109.6351138682462,-24.7884597590837
mh6967,64.84366,3.5224729,700,-108.7122620640235,-24.99558092560963
mh6968,235.7372,11.859596,900,-108.4392146442117,-26.10865228537888
mh6969,37.278378,3.08014,700,-109.2620974919896,-24.2264615307043
mh6970,222.20883,12.204189,1400,-106.0199173577884,-27.47492426351943
mh6971,388.26907,22.678492,600,-107.7798117620301,-27.60156531095584
mh6972,232.58902,14.29187,1100,-107.5707483549152,-27.4584520567258
mh6973,63.758858,4.8765054,800,-105.4954398588124,-30.35295316620193
mh6974,82.62219,5.133547,800,-106.4147123405299,-29.99297050307109
mh6975,134.1648,7.43491,600,-106.1652207791133,-29.99097085908507
mh6976,99.869545,9.119577,1100,-106.1966776237686,-28.94161205718929
mh6977,101.6028,8.265513,1100,-105.8946157980145,-29.49578365828682
mh6978,132.7184,10.074489,900,-105.7794529493348,-29.45261519610393
mh6979,89.62292,7.4773784,1000,-106.8624521479051,-29.68783613217989
mh6980,104.06578,8.281156,1000,-107.416868535878,-29.73350007408773
mh6981,125.45271,10.457017,900,-107.6404211340892,-29.49219838286589
mh6982,102.3821,7.7156477,900,-105.3845912689898,-28.99811412628704
mh6983,99.97343,8.51839,1000,-106.1695044273548,-29.12215649652805
mh6984,75.46329,6.0190506,700,-105.7719909831369,-28.93499474773671
mh6985,158.72272,12.211179,1000,-104.7801379302416,-29.28838122668391
mh6986,346.011,19.55662,1000,-103.9327539173127,-27.72393107486395
mh6987,140.43002,8.4678135,900,-101.5941778937729,-28.62950270664022
mh6988,81.803795,7.845168,900,-101.6668665433696,-30.26405747429688
mh6989,71.960754,7.25507,900,-101.7948009854407,-30.27447582899352
mh6990,135.71617,11.632924,900,-102.8626253015226,-30.54735381963957
mh6991,163.50026,11.465495,1000,-103.0207356775111,-30.3822460493061
mh6992,92.53436,9.726349,1100,-103.4247287572986,-29.94398504478107
mh6993,85.80312,7.7193584,800,-103.5887644212154,-29.88927195049786
mh6994,200.56996,13.351074,1600,-103.5941600292457,-29.20698666171328
mh6995,101.80894,8.732893,1100,-100.55221318427,-29.47586592502229
mh6996,599.65936,39.261917,900,-103.8241190612131,-27.55970013045093
mh6997,355.50854,14.869995,1400,-101.8338698485295,-28.26905786594799
mh6998,254.02917,10.206516,1200,-101.907558576066,-28.08705275840711
mh6999,157.9825,12.274325,800,-99.81806374308889,-27.71869178568554
mh7000,126.22243,10.507126,1000,-99.50711276510438,-27.76718105403816
mh7001,161.54965,11.311121,1100,-99.71878348561408,-27.33644218213694
mh7002,186.84343,8.071768,900,-99.33010269352258,-28.8594891706873
mh7003,195.28133,13.255641,800,-99.4984465383024,-27.12774700612926
mh7004,589.35156,30.983751,1100,-101.6360121782894,-26.07756993920624
mh7005,246.94556,15.137133,1100,-101.2565770954789,-27.15311304961143
mh7006,88.97826,5.775163,1000,-119.8108406477951,-11.91319637732384
mh7007,99.851265,4.6868424,1100,-118.5579160197843,-11.89126168653833
mh7008,66.173874,5.8435817,700,-119.834966433658,-13.42824797955476
mh7009,97.34069,7.66819,700,-119.93627772926,-11.41362331540931
mh7010,77.11565,3.8167453,700,-118.597179098076,-12.62586175328922
mh7011,47.147476,3.0996644,600,-118.4192379344143,-10.88103100165192
mh7012,130.27551,8.706616,800,-119.5786054953013,-11.17273501322359
mh7013,120.7168,8.193079,1000,-119.9566604829301,-11.07571723254965
mh7014,111.78464,6.9812946,800,-119.0735459498584,-10.81102244632444
mh7015,110.005226,8.270907,1000,-119.2627959991558,-10.72550261408382
mh7016,63.760487,6.8780613,1000,-118.721116107699,-9.905194972657313
mh7017,113.50106,8.243881,1200,-116.0239957725874,-9.609343523939614
mh7018,85.98555,4.6542106,1200,-118.9816869556668,-11.38118399245062
mh7019,47.671055,5.8832293,700,-118.611051819705,-11.17446023990357
mh7020,42.05176,7.116555,600,-118.8264524131492,-11.23755465011735
mh7021,153.69922,7.508626,900,-115.3325388367888,-8.518552588403029
mh7022,82.87828,8.743096,1000,-114.2399523220115,-10.670236947707
mh7023,208.3091,8.813871,800,-117.2396933307063,-9.681836518268792
mh7024,93.28851,7.7769437,700,-116.2064479208565,-17.56898926189555
mh7025,92.30415,7.591873,600,-116.3271920980506,-17.53685246210088
mh7026,98.04869,7.4880896,500,-114.6808293992438,-16.4567760220462
mh7027,63.236183,4.719322,400,-114.950238523884,-16.56763570196188
mh7028,243.89548,14.077697,1200,-115.5174326367129,-23.10176740477865
mh7029,150.5771,9.789868,1100,-117.6032107231645,-24.92239203548601
mh7030,107.92032,7.6353664,700,-112.7908793155854,-30.52946960085265
mh7031,274.80692,18.443808,1700,-112.0833275438837,-29.64022028698611
mh7032,143.98848,9.256947,1000,-111.3464673338744,-30.5901338986837
mh7033,82.19833,7.8269186,1200,-114.7370722757892,-27.51488266152054
mh7034,140.83922,11.172718,1000,-119.725181546419,-27.81017841696741
mh7035,147.46024,10.368517,1000,-119.2068965314292,-29.33142325207193
mh7036,273.58133,23.023968,900,-117.5877716517975,-26.09190184941059
mh7037,72.66984,9.281221,600,-116.0317602122061,-27.8423473258695
mh7038,121.4418,8.6657,900,-116.4620811783953,-28.02052345782255
mh7039,173.16014,12.518073,800,-118.0438177531699,-28.35852697631388
mh7040,200.8961,13.111489,900,-113.1179071445543,-25.93319389337571
mh7041,87.9749,5.582868,800,-112.1245582740919,-26.79404074769489
mh7042,91.7261,6.6311464,700,-113.6625033480968,-25.58280827854894
mh7043,175.31454,8.637307,800,-112.4177020958438,-24.37815598203519
mh7044,86.21576,5.238928,700,-114.1676850030838,-25.52912463357335
mh7045,99.37184,6.3335276,800,-113.7763291898628,-23.7717555319588
mh7046,83.15609,5.7999363,800,-114.0197269462651,-23.50653086180146
mh7047,109.38012,9.366829,900,-115.7424855920012,-20.79659922018786
mh7048,74.51368,6.2604113,800,-115.5627855629233,-20.78869770549873
mh7049,141.66087,7.1072726,500,-119.9421001332916,-22.39935276009107
mh7050,97.37471,4.745261,600,-93.01434348110249,-12.25600709193576
mh7051,104.19971,6.7320557,800,-92.97407176903523,-10.96493947810059
mh7052,65.99525,4.0381627,800,-91.78705606846232,-15.7859665062146
mh7053,79.501526,3.2362614,1000,-93.28889102986864,-17.49542229269173
mh7054,119.41771,6.866611,700,-92.41935092125148,-29.06549691226735
mh7055,93.10916,10.170016,1000,-91.77613448524768,-28.62536028792927
mh7056,94.330246,8.567806,800,-92.55446604161097,-28.73796902005281
mh7057,70.12868,4.941608,700,-94.64729222848132,-28.69679011317106
mh7058,86.29829,7.380581,700,-94.82246171099158,-28.57549644025368
mh7059,138.92534,8.627455,900,-94.87638888233414,-28.02102293432301
mh7060,82.00504,3.9040904,900,-93.32507106278769,-30.20592269615937
mh7061,178.7626,9.847431,900,-94.73312431470367,-28.11445520430066
mh7062,163.1079,11.492423,1200,-94.45587041327084,-28.34931357091795
mh7063,165.44347,7.2039747,900,-94.1040048328232,-26.67570398545834
mh7064,134.16534,11.187075,800,-95.01833506298163,-29.81677297118378
mh7065,126.7728,6.920343,800,-94.20692835544996,-26.65979900178249
mh7066,113.09585,5.9787235,700,-94.32658543075964,-26.77096714695059
mh7067,230.30016,6.975249,700,-94.5555215560051,-26.4897195221738
mh7068,314.4281,9.241551,800,-94.81065959338748,-26.37106556286157
mh7069,228.22647,9.155221,1200,-95.27341734906372,-27.172906345651
mh7070,140.01321,9.89946,900,-95.69015715266283,-26.95847097934992
mh7071,169.51318,9.715431,1300,-98.52450512345122,-26.41633231491071
mh7072,139.13147,9.590205,1100,-98.33624195679522,-27.93949859964339
mh7073,224.54984,14.915875,900,-98.57321723895684,-28.04840785150109
mh7074,94.183464,6.313619,900,-98.29217421512293,-29.43187526410393
mh7075,294.77533,7.146226,700,-98.80775316875832,-29.89591757860176
mh7076,166.18169,9.80521,900,-99.10489028676412,-27.99156061650601
mh7077,125.15808,6.9622154,900,-98.89521012539689,-29.42107038239325
mh7078,192.18944,9.918817,900,-97.17283665166298,-30.51056369904203
mh7079,201.91937,12.069422,700,-97.2643787558124,-30.38727362450551
mh7080,131.18512,9.001324,700,-98.74324685698592,-29.57176480656896
mh7081,193.7658,13.329701,900,-97.70533199199976,-30.44503925877632
mh7082,166.02803,10.839091,900,-98.1623888165187,-30.4400397885524
mh7083,151.58626,9.003754,700,-98.20361968785494,-30.65588062696825
mh7084,241.8607,13.966312,700,-97.92213196669816,-30.35750386573658
mh7085,263.5888,13.869541,700,-95.66132511068336,-30.47058872895607
mh7086,162.57834,9.793866,900,-94.09119543058722,-30.25684926415282
mh7087,640.613,17.817982,1300,-93.05966149182996,-29.05128993704881
mh7088,112.972595,7.4349656,800,-94.0452254522,-28.59121573561864
mh7089,427.4919,24.420202,1100,-93.99676580985712,-27.37427859831625
mh7090,159.5118,10.133233,800,-95.22332695032264,-26.97915599034904
mh7091,318.6316,21.799364,700,-93.19162319243073,-28.32868908195922
mh7092,237.1217,11.622397,900,-93.33343568663052,-28.21786430054975
mh7093,316.0575,19.610628,900,-93.10773781692453,-28.37937218282926
mh7094,210.93188,15.614916,1000,-90.28006869011202,-28.60694427238342
mh7095,154.69208,17.02657,1400,-90.45441143694998,-28.57741342462266
mh7096,102.10756,11.232162,1300,-90.54666424861392,-28.17898198485194
mh7097,207.97717,17.032537,1400,-90.74178266475316,-28.52116493945625
mh7098,542.67957,29.575739,1100,-92.30520422119464,-26.2731830176214
mh7099,486.64734,10.412029,1000,-94.77017926572334,-25.9373175681802
mh7100,463.6149,19.58318,1200,-91.77793078556648,-25.58742248291974
mh7101,183.64531,19.754831,800,-95.1338585546806,-25.39316228201266
mh7102,324.04077,20.140303,1000,-92.69132859339058,-25.05737195449633
mh7103,363.62466,16.851118,1000,-92.93049341631516,-25.02930182092595
mh7104,235.20837,15.840749,900,-92.8096085709951,-24.88562134645817
mh7105,197.11322,10.849863,1300,-90.43707876193092,-27.01184133402182
mh7106,275.6805,17.645681,1000,-90.7472318443506,-24.58301200734536
mh7107,131.37697,8.625387,1200,-93.50878594763472,-24.48613512263833
mh7108,241.90686,10.997254,1100,-91.90086164188855,-24.86425080591782
mh7109,86.41122,4.742157,1100,-92.05648463115578,-23.69482613129637
mh7110,146.87604,14.048678,1100,-94.90043827032524,-24.31643978260844
mh7111,542.36664,12.554315,1800,-102.0835556283345,-26.27156815787547
mh7112,107.351494,11.516395,900,-98.683848353472,-27.16133960007273
mh7113,168.68918,7.879032,700,-99.2125253058814,-27.74628450964897
mh7114,69.323494,7.796849,900,-98.85550967457776,-27.87516826016019
mh7115,167.46991,9.411634,1100,-98.89786316380793,-27.42486274081778
mh7116,201.14296,6.997386,800,-98.81740044201618,-26.98264723470847
mh7117,257.11707,10.577998,1000,-98.9638081629304,-26.16467468785114
mh7118,324.5582,8.719795,900,-99.35996713692506,-26.33083494903257
mh7119,281.4075,11.849293,1100,-99.78282701922058,-26.12307989826451
mh7120,195.30359,12.429082,800,-99.66799570030167,-28.75481290710994
mh7121,156.16255,13.450329,1500,-100.4561834795494,-29.28903129997811
mh7122,143.55557,10.436457,900,-96.999759436134,-27.2904772700177
mh7123,115.60497,9.844473,1000,-97.71976978010184,-27.35636336671959
mh7124,81.59386,8.250679,900,-97.84362587418384,-27.32331539265081
mh7125,124.90561,7.1048484,1000,-98.25610814410638,-28.59213383929783
mh7126,159.77875,11.269039,1000,-97.74496292747877,-30.02658109095179
mh7127,156.577,11.710634,900,-96.81120378521416,-30.08756011660005
mh7128,97.140884,5.7729445,700,-105.3069690416182,-30.27768305910058
mh7129,158.36673,12.458604,1600,-105.5521386412348,-29.36550681468974
mh7130,264.82834,22.448078,700,-105.1424774099636,-28.10722940175251
mh7131,351.11285,20.783354,600,-104.088878195176,-27.68999912550098
mh7132,300.9821,19.668247,900,-104.6633257770288,-28.01461258155538
mh7133,234.31956,21.812387,1000,-105.2495144004191,-27.96478256627768
mh7134,244.2321,21.397661,600,-104.1976223982222,-27.93645066538068
mh7135,79.163635,6.459277,700,-109.8556897188414,-30.36511694805519
mh7136,70.47453,5.981617,700,-109.6840896290634,-30.33861108478608
mh7137,73.6694,4.282067,500,-109.6823928666369,-30.50049735913205
mh7138,112.92609,6.153164,600,-111.5382260789001,-29.97195656156217
mh7139,146.99802,8.725636,900,-107.3878553118668,-29.0815605916079
mh7140,79.73879,6.1002836,700,-107.9425341123882,-28.52523521578859
mh7141,148.5398,11.902391,1800,-106.6699616923518,-28.21587423152165
mh7142,105.743835,10.481497,900,-111.9212191777784,-28.28233563487588
mh7143,178.90016,9.688333,900,-111.9792791137099,-27.0086343002789
mh7144,198.39458,11.09476,600,-110.5444187214569,-28.25559129131357
mh7145,137.24782,9.417995,1000,-110.440957264683,-28.1865039545111
mh7146,172.59367,9.693807,800,-110.3447241445494,-28.07510723727548
mh7147,115.76261,6.5298033,800,-111.4638331164607,-27.86032136798597
mh7148,91.453545,6.510451,500,-112.6784804694413,-27.42168499506959
mh7149,141.86122,8.136774,1100,-111.335860255173,-27.0389117245402
mh7150,114.82802,5.971962,800,-110.321689036992,-26.49628503323756
mh7151,239.7939,12.979087,1100,-107.524017254408,-27.75765067992297
mh7152,209.26033,22.502058,700,-104.8802513172008,-28.11884094938371
mh7153,211.77905,9.351505,800,-107.5249745984857,-26.08317267412993
mh7154,77.746735,4.833243,900,-107.3861481250373,-25.8215484054102
mh7155,635.26495,18.695065,900,-104.8857601925107,-27.16240880965325
mh7156,217.11783,17.32389,1000,-103.8378891615649,-27.03885731313482
mh7157,158.09398,9.904167,900,-103.1541151088376,-26.67100974824079
mh7158,242.72707,14.968987,900,-101.3314231491292,-27.30308385720544
mh7159,244.74718,12.231088,700,-101.0658908597889,-27.09062163810059
mh7160,66.23975,3.9229155,700,-114.4146284981535,-29.36376604044872
mh7161,92.736336,6.549253,700,-113.2418796054607,-30.56932829049833
mh7162,65.57229,3.536294,900,-119.7618841783007,-29.27827384105923
mh7163,91.39327,8.3254,1000,-119.8604405425099,-30.03534732796405
mh7164,67.29559,4.22556,900,-116.3084708688601,-23.52699585019213
mh7165,316.808,18.173363,700,-116.5827210002834,-27.36122335908366
mh7166,165.01816,11.093192,1000,-119.7742907514915,-27.23774897297699
mh7167,168.42694,11.228739,800,-119.8430691417318,-27.12855637425708
mh7168,138.7534,10.114233,700,-119.7698446331414,-26.9881077711084
mh7169,184.39891,10.036029,900,-119.8130870787587,-23.79263653348556
mh7170,152.55577,12.874463,800,-116.3079942233867,-24.79719796214203
mh7171,346.08557,20.11648,1000,-116.1149560802011,-25.15541752403536
mh7172,145.66364,11.99053,700,-116.2719403567505,-25.28646482850444
mh7173,56.629272,3.5096855,700,-117.7279841147744,-22.45454098110725
mh7174,87.16428,5.5893908,800,-118.1253139386566,-23.29376883620481
mh7175,148.92131,6.6121845,800,-119.6833250328011,-21.582673657138
mh7176,75.39343,4.1828456,500,-115.3827579329776,-21.36179086554602
mh7177,60.269714,5.0505176,700,-117.1722994196972,-17.64023717442072
mh7178,74.79927,4.978008,600,-117.8878156656379,-17.06515602004692
mh7179,84.28487,5.3634086,800,-115.2482648765455,-18.25027830149182
mh7180,102.82135,6.589386,800,-114.7347220194139,-18.90973287850132
mh7181,58.08346,3.8718343,600,-114.0404731069797,-19.00677540339628
mh7182,73.72207,4.3377724,400,-114.1972288076578,-18.88603786170674
mh7183,203.79488,10.513328,1100,-116.9803638384744,-15.38906744337235
mh7184,100.00998,8.591695,1200,-116.7578358827741,-17.13285980174456
mh7185,84.73388,8.235676,600,-116.8087020724921,-13.50706229265534
mh7186,86.60233,7.794889,1000,-118.9002335374669,-13.6490633343516
mh7187,77.36613,4.9375343,500,-115.1428621893784,-15.61942031764691
mh7188,48.91693,3.2170975,500,-116.3224912482753,-16.31364113205071
mh7189,205.38535,13.997772,1000,-114.1182883134476,-13.50992404717745
mh7190,62.047134,6.2742577,700,-112.3400143277881,-11.38462983892145
mh7191,73.721344,6.588379,900,-111.2070057450323,-11.46555877584082
mh7192,99.462875,9.415743,700,-115.0461722309512,-13.26877286800391
mh7193,152.68282,6.057359,800,-114.5927954149024,-9.41719382091993
mh7194,416.11237,18.679382,800,-113.6815125878898,-7.894761148405183
mh7195,146.97757,8.010428,1300,-112.1139119263728,-7.567449236070581
mh7196,99.66576,4.803683,500,-109.6088896936027,-8.040264798452675
mh7197,105.587105,7.5062704,600,-110.1139854504406,-8.993191193998387
mh7198,162.55319,9.122764,1000,-109.7272677547241,-8.624047201097962
mh7199,59.725323,3.316679,700,-109.5229133261198,-7.750181942654266
mh7200,142.5942,8.015402,1300,-109.6132343811487,-3.817608917298585
mh7201,169.15358,12.989167,1000,-111.2914061297651,-5.297424382843427
mh7202,55.99964,5.761754,500,-111.4108877155604,-3.178654959962336
mh7203,53.684887,4.775456,500,-111.2537719473387,-3.227503252832632
mh7204,217.00055,11.2613945,600,-108.421745467809,-4.946746267263082
mh7205,106.318634,6.0011034,600,-108.1853064465825,-7.318647914592773
mh7206,191.65555,9.223368,1100,-104.0726989827055,-9.833687028166588
mh7207,340.8876,11.320698,1300,-103.1511040443498,-8.631862788208819
mh7208,148.77724,12.3567705,400,-103.6718848549134,-4.367805453093514
mh7209,216.17853,15.819229,800,-102.6995962417798,-3.931378447994989
mh7210,82.69802,6.961653,600,-99.4930626221481,-7.73956663942716
mh7211,40.054993,3.6542125,900,-97.00441972951892,-2.811721010056625
mh7212,46.898445,3.9239137,600,-94.59605116973604,-4.189659837967486
mh7213,86.24019,3.2711923,600,-92.04112177217098,-6.281356344280139
mh7214,67.61412,2.6575844,800,-93.71438737036137,-5.585800398624898
mh7215,64.79715,3.473767,600,-90.33435876351918,-8.128022997677759
mh7216,78.27664,4.440425,500,-91.7715049632184,-10.05721886041806
mh7217,54.57043,4.178058,500,-94.3400109132594,-12.11066215895013
mh7218,66.17406,4.1005845,700,-93.73845705938612,-11.80134446701727
mh7219,67.31858,5.9186435,600,-94.23296418352189,-12.71871570634453
mh7220,129.89075,4.371583,900,-92.67315527205066,-16.91344246336359
mh7221,118.97503,6.1384535,800,-93.58281011759227,-18.34332170337677
mh7222,72.379906,3.7078807,700,-93.11042147679213,-16.1209209568871
mh7223,93.17069,4.686144,800,-91.51417359000702,-16.61619281751976
mh7224,91.44286,3.8293765,900,-93.40942389346422,-19.73961836267452
mh7225,131.12178,10.966316,900,-93.64261017577762,-19.91544799042454
mh7226,43.708466,3.0874848,800,-93.77110268594564,-22.25421365954235
mh7227,242.00584,12.952353,1000,-90.65429724642073,-21.02460797569694
mh7228,160.0799,8.531187,900,-90.30304990459923,-20.15417525755554
mh7229,201.60428,12.614932,1000,-92.76920354680183,-21.5124901569748
mh7230,71.793526,5.523812,700,-96.52433585298944,-23.8570449094539
mh7231,148.73036,8.962511,900,-95.94692616263524,-26.78940265047045
mh7232,540.31976,24.15272,1600,-90.80968726245403,-25.71316655311414
mh7233,93.56143,8.0466175,400,-99.33104353162916,-28.54214466452779
mh7234,71.214386,7.122409,800,-102.0386878134886,-30.25207670509263
mh7235,70.47816,5.080387,900,-106.3766510997625,-29.65551270583993
mh7236,170.22517,15.824799,1100,-111.9492516745738,-29.52506821750041
mh7237,71.89904,5.6289754,600,-91.61266227456632,-12.28397571217547
mh7238,47.88642,3.9315522,500,-91.83848389141428,-10.68932325426253
mh7239,117.65314,4.5699887,700,-92.55728867172076,-15.99695661841765
mh7240,78.73561,5.190057,700,-93.23188051900831,-23.91175230649542
mh7241,76.88309,4.2751923,700,-93.21705090777591,-24.17842457574019
mh7242,236.81458,7.6363883,1100,-93.80441906172646,-23.92047291045387
mh7243,58.41719,4.3531585,800,-92.09308222306626,-22.47179484471672
mh7244,171.35649,9.533898,1200,-96.39644118370826,-20.33083929563959
mh7245,195.53561,14.284077,1000,-95.5949607959693,-19.31935433518462
mh7246,82.12069,5.5304413,700,-98.83536334625605,-20.61787503384825
mh7247,115.50344,8.765658,800,-99.9859887582474,-23.07744073551687
mh7248,142.94891,6.335228,800,-101.4206638850882,-23.51914644068821
mh7249,173.89601,12.884999,1200,-104.0240273062304,-26.47134933128394
mh7250,207.87094,9.396033,1000,-104.8122688764321,-25.50960488593915
mh7251,148.6605,10.584526,1600,-105.2457918153875,-25.69946182100081
mh7252,243.53967,13.555719,800,-107.6016138557406,-27.05160860135847
mh7253,93.73644,9.865009,800,-107.8303910037615,-29.18468368100632
mh7254,155.14,11.863847,800,-105.3053968145947,-29.10798974979847
mh7255,93.91254,9.122119,1000,-112.5142886674991,-30.34963715904376
mh7256,196.318,14.369472,600,-118.2889706294758,-28.38032329920014
mh7257,174.12134,8.922061,800,-119.0315134751937,-27.84199759778546
mh7258,148.84856,11.384625,1100,-119.8279465104327,-28.56547081522017
mh7259,218.98375,8.378883,600,-118.878046370792,-27.82780030597029
mh7260,159.30693,13.216367,1000,-119.055078567703,-28.95407084323902
mh7261,270.12277,15.1178465,1000,-116.9793710249987,-25.79816242510945
mh7262,310.64145,14.316093,800,-117.3775561219464,-25.48577786068578
mh7263,239.11684,13.35093,900,-117.2150198588917,-25.49852216621801
mh7264,157.55249,12.275272,600,-116.995412690203,-25.67181923036859
mh7265,365.3418,24.016548,600,-114.6563419097087,-26.2658220226288
mh7266,359.03152,24.730164,800,-114.5201114604783,-26.54273476386665
mh7267,322.3884,21.434443,1000,-113.5546571835194,-27.04885308298076
mh7268,331.2869,21.688854,1500,-115.1505453659468,-25.80147554522198
mh7269,119.66782,8.847803,800,-118.147938242502,-24.2423171641675
mh7270,44.372307,3.8706126,400,-118.0852396885227,-23.57517640966859
mh7271,48.792957,4.5962973,400,-119.1879412039091,-22.36092570438768
mh7272,50.641685,3.7170665,900,-117.7289556207807,-22.72188349036337
mh7273,74.55367,4.8760986,400,-115.8624061624289,-21.80382235870221
mh7274,78.339264,6.4422874,800,-116.3920238517291,-17.66687671991445
mh7275,97.49108,6.060046,900,-116.4881737713195,-17.48335553837058
mh7276,96.23489,6.028171,1200,-117.8146632929755,-17.70965148247802
mh7277,111.21183,8.973466,600,-115.3341907711378,-18.06276351629623
mh7278,166.00523,12.839621,1200,-115.7657066182139,-17.85591471111981
mh7279,103.29317,4.9993834,900,-116.1797516198445,-18.14244283090215
mh7280,57.46939,5.0977454,600,-116.3857497546692,-17.90213925312329
mh7281,125.404396,9.472112,1500,-115.691438572682,-18.90392598566715
mh7282,98.30061,7.7481647,800,-115.4048343083011,-17.97155776155838
mh7283,143.24265,10.076334,600,-114.7320766978708,-17.64809091311298
mh7284,109.78099,7.9697857,900,-114.2209904385595,-17.2354033435137
mh7285,62.7526,3.6360276,500,-119.3926529928396,-18.20625552060767
mh7286,197.86919,8.350271,1400,-120.1806047239002,-17.22886398057
mh7287,64.17095,4.5791106,1100,-114.7958855676186,-14.72791020992074
mh7288,83.883995,5.520629,500,-114.8981021034531,-16.42687483941834
mh7289,63.09158,3.557724,600,-110.4668961752088,-16.15984747665268
mh7290,58.59926,3.0658786,500,-107.2421851997007,-15.24595196395546
mh7291,113.04047,8.0451355,600,-111.0853674313119,-13.70191336671375
mh7292,41.690163,3.9367614,700,-109.843022889531,-14.16453879443457
mh7293,69.926346,9.805529,800,-106.3871795035901,-14.32583324749324
mh7294,33.970215,2.3691475,600,-105.8724491937118,-13.81901113670449
mh7295,90.36639,3.778661,800,-104.3956379619631,-15.42314226906192
mh7296,91.669815,3.8839755,900,-105.3204737450491,-15.43056671388293
mh7297,65.11133,4.1921363,400,-107.2073981462771,-15.02940466246575
mh7298,62.238792,3.5017138,900,-105.0452989806377,-17.6403204747404
mh7299,56.27473,2.6704195,500,-103.9042515445226,-18.08837996146841
mh7300,57.053314,3.7875245,600,-102.6929238876142,-18.42868176793123
mh7301,40.62364,3.4491136,500,-103.5523201167873,-18.4322041673998
mh7302,62.017273,3.7576275,900,-99.97721521119487,-18.86858441117267
mh7303,111.72817,6.9191465,900,-99.56320645690916,-17.42339166385545
mh7304,109.96468,5.529697,800,-91.54460024371828,-16.23193912800526
mh7305,93.04183,4.5034437,800,-90.43715017576272,-14.77079557698475
mh7306,55.958736,3.586356,800,-103.8223694990764,-17.51361276438708
mh7307,414.74106,24.572954,1000,-111.6233496990191,-23.33594219992206
mh7308,166.49117,9.314539,700,-112.3893905611015,-22.37928115121704
mh7309,224.8575,7.919082,600,-119.5504200550565,-21.58714545121958
mh7310,122.362274,8.557104,1000,-109.8849591715991,-4.662965195089869
mh7311,41.73432,3.4172924,400,-110.3208614744507,-3.646326772334696
mh7312,112.149315,7.8963866,500,-109.550186950678,-4.452864653748157
mh7313,67.18918,4.058646,600,-106.2795534818781,-8.666292995714992
mh7314,186.86624,6.3727355,900,-104.5383465674076,-10.88878863448878
mh7315,87.06891,3.9505422,800,-104.3241569989565,-12.99514524387635
mh7316,146.37418,7.1179166,1000,-104.4534192356881,-12.99336976467728
mh7317,136.22581,7.94517,1000,-101.6548014363926,-14.24013369495801
mh7318,129.94142,7.3819594,1000,-101.6698878236933,-14.4131624669738
mh7319,197.94754,9.5049515,1100,-101.7578720666258,-14.96873492683534
mh7320,66.09062,3.4852285,800,-93.68400650619294,-10.67243484148565
mh7321,99.07992,4.7631283,800,-94.2450215586256,-11.76519138161176
mh7322,80.658,5.323251,900,-94.8433116158992,-12.03804465522397
mh7323,85.397545,5.5793295,600,-90.50867255161285,-10.38170615977163
mh7324,225.9014,7.2993374,1500,-91.20074775302676,-10.45419337434882
mh7325,99.30886,5.2907033,900,-91.86569710770031,-15.55400422666582
mh7326,117.22892,5.9534326,800,-93.95555199733002,-16.93735037674647
mh7327,109.02974,6.1707673,900,-93.56830486208482,-18.20213261706783
mh7328,117.064766,7.157315,700,-93.03286236436038,-15.65023395811906
mh7329,41.149208,4.15644,700,-93.50126208949432,-21.51744172120364
mh7330,76.670074,5.9851184,1100,-94.8097602452618,-22.30160696492968
mh7331,106.98718,9.727075,1100,-98.25900735034529,-22.01006450215289
mh7332,154.47165,6.703632,1300,-96.68758489348596,-20.00539365928828
mh7333,175.28831,10.778236,700,-99.09026895305657,-24.64061827080086
mh7334,215.06187,16.648823,900,-97.05137527179689,-24.75330977043113
mh7335,269.3049,12.930561,2400,-97.83170932037352,-25.45489715180139
mh7336,273.708,10.549913,1600,-90.62453384229885,-23.9342219229582
mh7337,202.53072,6.5239153,600,-99.12149357863044,-30.03321963039953
mh7338,126.058464,9.70085,800,-97.08461304829136,-30.15552365587294
mh7339,224.80972,9.192814,700,-99.19226541495162,-29.61295046893579
mh7340,117.05862,8.941406,900,-100.2281592274501,-30.1148439969839
mh7341,109.34609,10.498273,900,-103.1693926168409,-29.75197966541916
mh7342,179.9055,13.414541,1200,-103.8457354499496,-30.51959983856461
mh7343,123.71674,8.947724,700,-103.1974021437919,-30.38512246967836
mh7344,164.11813,11.271249,800,-105.5186733815011,-29.58230595403174
mh7345,99.0059,5.7407,600,-106.5422432300115,-29.29520854942984
mh7346,118.96544,8.561311,700,-110.1206929657071,-28.50973197600196
mh7347,235.6621,17.26842,600,-113.0764454909175,-27.89588583627746
mh7348,72.81571,6.264156,900,-116.2963338503734,-27.14001144949768
mh7349,149.38408,10.8606825,900,-119.5465756487951,-24.45375383711662
mh7350,65.92629,5.9221764,800,-115.2815570605724,-17.3821923343711
mh7351,71.35881,4.4649544,700,-111.5853063013532,-17.28536208252636
mh7352,103.482834,5.2422132,800,-106.6834802297906,-15.12812852260707
mh7353,113.0459,8.0168085,800,-109.1552267614371,-15.24377832473531
mh7354,100.98819,4.9507813,400,-106.0328367113658,-17.4457423858288
mh7355,164.40372,13.171624,900,-106.9184322441757,-16.67492332056725
mh7356,115.55104,9.646804,800,-100.1232846559984,-24.25372772715146
mh7357,131.38927,6.129468,700,-99.56825495860168,-24.15054085171082
mh7358,119.89061,7.6716833,900,-100.1858789674836,-24.59606440333176
mh7359,100.455376,6.041017,900,-100.2824650621375,-24.45364519495258
mh7360,279.5497,14.070021,500,-97.43534929171209,-30.41556717772456
mh7361,208.97656,10.74312,900,-96.50244828423992,-27.7475097159557
mh7362,271.43887,15.320389,1000,-90.97055746265394,-26.34502036334988
mh7363,90.388466,7.2948813,900,-91.33595418143342,-26.17332103071308
mh7364,331.51202,21.76242,1100,-92.11419762046772,-24.93290688420461
mh7365,145.63704,9.323122,1000,-92.5046290374732,-28.32114083175053
mh7366,281.30252,18.156477,700,-101.6132735778586,-28.9499677792015
mh7367,60.665524,5.5195346,700,-105.0052931728912,-29.80593886704375
mh7368,83.36657,8.656797,1300,-104.3984981064859,-30.6950023248672
mh7369,170.6264,14.68426,800,-108.064334809343,-28.26473814149142
mh7370,117.782,9.375331,800,-106.4209263719904,-28.39579257499162
mh7371,306.9838,22.369757,800,-109.5698852855387,-27.50731846607259
mh7372,503.11954,26.101873,1600,-109.0404099080885,-27.20481149195921
mh7373,213.73456,17.443262,1100,-108.9990850243131,-27.38888527806182
mh7374,154.89786,9.311627,900,-114.7944631886286,-27.42115396059304
mh7375,90.09256,7.4078417,600,-111.9818065748012,-18.00226576919623
mh7376,86.13413,4.829317,600,-113.4437992953132,-16.68760028647289
mh7377,87.076324,6.7001276,700,-112.3211590713965,-17.06616999380553
mh7378,111.28477,8.281286,500,-112.3946221797816,-17.09700222088608
mh7379,39.607063,4.838445,900,-110.6226847274942,-59.30810560088481
mh7380,23.962305,5.628727,800,-109.8268178907792,-59.65280007352179
mh7381,78.87787,5.720581,1000,-109.5208847222923,-58.47425640754359
mh7382,308.74783,13.067676,1100,-105.8832669099737,-59.69901811260144
mh7383,347.76453,19.343082,1200,-98.31122066417738,-59.71624706109391
mh7384,156.2706,5.40642,900,-99.82711017847168,-58.24384904013035
mh7385,104.51135,5.6746154,1000,-100.8542836829016,-58.37739591449154
mh7386,98.56141,5.2953897,1000,-100.5977200556201,-58.71268945174581
mh7387,64.89416,2.6926262,1000,-102.5434869153573,-57.50963077918995
mh7388,166.26765,9.372868,1100,-103.3571023101256,-57.98029624817359
mh7389,69.62609,4.8170033,800,-103.8143953685328,-57.75445950034363
mh7390,67.41776,4.0697503,900,-106.3575912235715,-57.37583085496744
mh7391,71.246605,3.682577,900,-107.2941541489941,-57.48291687305841
mh7392,66.65764,4.806907,900,-107.3934461988539,-57.14945471880122
mh7393,68.69078,9.325498,800,-108.4857945740398,-56.11171468246213
mh7394,134.31502,5.162336,500,-110.0525159178786,-56.72899685112353
mh7395,60.38464,3.906145,500,-113.3419510624221,-56.37617217499475
mh7396,98.96427,4.379854,600,-114.3522114369891,-55.577609589534
mh7397,129.78288,6.2056174,800,-109.5012444586518,-55.64222646780693
mh7398,70.90455,6.2932577,600,-118.9831220770216,-53.8760573292946
mh7399,82.08033,4.994937,600,-118.0774253284308,-54.29220013970297
mh7400,56.481956,4.399099,800,-119.1639020413349,-53.1781623949804
mh7401,63.21374,3.9958603,800,-119.5222297840766,-53.20400915615836
mh7402,96.59667,4.245391,1000,-117.6368846065311,-53.59918110370812
mh7403,50.974148,3.5758855,600,-116.3669063458134,-54.15099446613938
mh7404,38.258755,2.83761,600,-115.3660542800321,-54.25221611375245
mh7405,97.61958,4.228985,700,-114.661252168419,-54.14313037759486
mh7406,51.322174,3.135922,600,-118.6208683406644,-53.46716268435465
mh7407,35.858578,2.6101847,600,-119.757027344853,-53.21194476241747
mh7408,168.10678,11.994099,1000,-119.3961653946987,-54.1544513532352
mh7409,207.8552,14.339437,1300,-119.5003474903412,-54.11299487354494
mh7410,129.10202,10.963584,1100,-119.6738010985219,-53.98588312427096
mh7411,102.27967,9.435465,1100,-119.9341352274518,-53.95971611234433
mh7412,162.89325,5.6469502,600,-119.947527592381,-52.17966311743725
mh7413,64.647835,4.0725703,700,-119.3962663083026,-51.42451661824261
mh7414,137.5602,8.041482,700,-119.0131409203905,-52.37241800401372
mh7415,45.07777,3.8144984,700,-116.0033084910914,-53.03659251179737
mh7416,99.96365,5.5160613,700,-117.3643851857863,-52.70386001648662
mh7417,202.26758,15.882212,1100,-118.2320491731732,-52.95671469458588
mh7418,64.03159,5.3649807,700,-119.7523010075327,-50.34734346082745
mh7419,70.84247,6.567435,600,-116.6919500710229,-50.11612611986924
mh7420,91.28921,6.2467146,900,-116.3073048186711,-50.07242919970512
mh7421,104.88291,5.210184,700,-111.0068240992563,-53.82475987355323
mh7422,60.164383,6.8995647,1000,-112.5286660275761,-52.14780687343623
mh7423,60.970295,3.542177,600,-114.0687633626903,-51.99103287777123
mh7424,48.09039,3.9167538,700,-113.3701661543582,-51.98109773961541
mh7425,72.87851,6.2104955,900,-110.9574875389049,-53.41338304661699
mh7426,66.21749,3.6619074,800,-109.1192284619794,-54.71390982664356
mh7427,71.73,5.3851695,800,-106.9293842582393,-55.42490240691455
mh7428,113.53654,5.8960075,1100,-102.920273803094,-54.50933979000575
mh7429,93.310776,5.022761,1000,-104.6699300479088,-54.30013009627504
mh7430,79.79146,4.110624,800,-105.8074381225074,-53.49598521875048
mh7431,116.48436,8.354167,900,-108.4247332221545,-53.67678886793416
mh7432,119.67108,4.09735,800,-109.5211496933081,-56.61615028893836
mh7433,56.177002,3.472468,900,-97.9913356864937,-52.77754097740489
mh7434,106.84348,5.5056663,1400,-98.20358274150372,-54.45665657510197
mh7435,36.56766,2.9422617,600,-100.0618422844349,-53.79142118820941
mh7436,69.041885,5.022336,700,-102.2040442366903,-52.65318209599408
mh7437,394.88376,20.426743,900,-98.22863010010671,-56.80264002180702
mh7438,114.27965,6.847552,800,-100.3538292845752,-56.74649697324636
mh7439,212.3658,13.595409,1700,-95.00751342259528,-57.02970350851307
mh7440,329.43256,15.559208,1100,-93.82459938394332,-57.36406440893452
mh7441,95.66028,7.165936,1000,-90.21703051597088,-57.06508100731434
mh7442,86.388596,6.976136,1200,-91.30678811903114,-53.43683941461853
mh7443,44.42624,2.6357377,800,-95.02294690470116,-49.34581516244233
mh7444,44.086716,3.1838806,400,-94.05475972823,-48.81397179381694
mh7445,78.41637,3.3932343,900,-97.19320280948745,-47.62766837006314
mh7446,75.89204,4.136707,900,-94.78618401949494,-48.26030698739689
mh7447,97.472626,5.712579,1100,-98.02693805205924,-48.13423746046892
mh7448,92.69833,4.526356,700,-97.57315909956968,-48.52059134264977
mh7449,97.559494,6.9070034,1100,-99.68758602889008,-47.07371742181792
mh7450,79.90874,5.8504515,700,-99.21644890022338,-49.67551407307728
mh7451,102.143394,5.905999,900,-101.83985093866,-46.77805172117029
mh7452,80.17605,5.6479154,800,-105.6321138308145,-49.6010258341213
mh7453,78.03974,7.2997746,900,-106.2801130078369,-46.21196184082042
mh7454,93.46986,7.0880804,800,-107.096639829635,-47.88577578269414
mh7455,47.82887,4.7356615,400,-110.8664541617464,-42.94531247294639
mh7456,65.41032,3.6001885,700,-105.7067009096703,-44.66799238417058
mh7457,138.25932,11.974544,1400,-105.1617138465909,-44.39195889626271
mh7458,42.686646,4.965668,1000,-109.5849124743576,-43.00161945593652
mh7459,71.05223,5.6556654,700,-109.9250395831614,-43.11358659925321
mh7460,130.88234,12.499681,1100,-108.195824499501,-44.04414347014972
mh7461,131.45387,6.8576837,900,-108.0640910379424,-45.43724160196085
mh7462,44.60921,4.365433,1100,-116.0460592756391,-42.36786525085121
mh7463,59.919334,5.6435175,700,-114.5112986876519,-40.65228957910669
mh7464,69.05998,7.3477077,1200,-115.6576872544462,-42.50005706411831
mh7465,90.26214,4.880365,700,-115.02425450125,-43.18292047811901
mh7466,75.41008,7.032095,600,-114.0854558470419,-42.74237424240931
mh7467,180.40248,7.824157,1000,-115.1209054374872,-41.94926687261593
mh7468,114.02917,6.3243766,900,-114.9515863905247,-41.94970934702189
mh7469,276.51938,20.323013,900,-112.3992966502516,-41.80986162667048
mh7470,149.31674,8.804239,1200,-113.8717353320618,-42.9491277066668
mh7471,72.549126,7.473482,1000,-113.2841838357086,-42.9612151076762
mh7472,69.81992,5.582609,800,-112.2094546710849,-42.62699581353149
mh7473,103.610245,4.7571483,700,-112.6488567694313,-42.45142105434507
mh7474,267.75372,18.984524,1100,-112.2213262096304,-41.82410155900515
mh7475,109.725975,7.3320165,900,-111.7512762614732,-41.61523812104443
mh7476,41.335617,3.7614985,600,-113.1860288465525,-43.29000211624341
mh7477,110.84498,6.1150885,800,-113.3675925431075,-44.77187084887515
mh7478,195.38069,8.507841,900,-113.174550518707,-45.86325488825048
mh7479,91.355995,4.440601,700,-113.2041834055051,-46.55790167820181
mh7480,121.77192,12.792738,1100,-113.354153518935,-47.68500246409696
mh7481,76.63967,4.8444333,500,-113.8164030754634,-49.13482598184299
mh7482,68.70689,3.750828,900,-113.7744441899993,-48.19554164680218
mh7483,54.985058,4.641932,600,-113.9711789764683,-48.17967559989758
mh7484,82.91665,4.238568,600,-114.3715055480071,-48.90655631657437
mh7485,95.173615,9.986755,700,-115.6565587685002,-46.24594750973335
mh7486,62.130928,7.531048,1000,-114.6203301045667,-46.3474652533204
mh7487,64.94519,6.5245423,700,-115.5136157698855,-45.54134269827689
mh7488,31.366255,3.0029883,1000,-116.2103066725143,-45.61563768750752
mh7489,86.00709,7.5893707,700,-115.6573767825175,-45.5557745726337
mh7490,86.22788,8.706776,900,-115.7119653130382,-45.45593971777839
mh7491,153.90862,11.02924,700,-117.1127198701013,-47.6250978321716
mh7492,87.58362,6.334214,900,-118.1187968960604,-47.13596912733392
mh7493,72.0317,7.323582,1100,-117.1866052743725,-46.5691615335318
mh7494,100.43728,4.798201,1200,-116.270324194881,-43.89602228037964
mh7495,75.02459,7.351305,800,-119.5648866886059,-45.17800977248586
mh7496,164.10999,8.258497,1000,-118.569909345378,-44.49369273971392
mh7497,136.09714,12.371781,1300,-119.038266501218,-45.32943362276531
mh7498,108.43123,5.9323297,1000,-118.2558676011943,-41.09725316521262
mh7499,71.527664,4.6943336,800,-117.0133682616223,-40.81167456183169
mh7500,86.521614,6.246842,700,-117.5862180667851,-41.0591356986133
mh7501,59.424896,5.2036767,1300,-118.0207256342793,-41.02151017522991
mh7502,92.22724,7.5312943,1100,-118.792672071262,-41.04268843913405
mh7503,93.27494,7.1210685,900,-117.9645796914881,-40.67146713972625
mh7504,51.231865,3.7266154,700,-116.9634512657566,-39.50000048924417
mh7505,85.592094,7.743865,1000,-117.2630827196201,-31.95169939233689
mh7506,67.127106,6.1777225,800,-117.1212877383833,-31.94049641447957
mh7507,91.203606,8.04957,1000,-119.2774784651641,-31.62168097357086
mh7508,138.0264,9.846979,1000,-117.4792227318811,-32.58743034084607
mh7509,155.2258,13.0243225,900,-117.7352539637871,-32.30842730944763
mh7510,83.384125,9.037972,900,-117.5873363349014,-32.29225221136129
mh7511,170.18028,9.232118,1100,-118.1714581212813,-31.60147201021363
mh7512,195.85649,15.5049305,1200,-119.5996882475849,-31.92913005338482
mh7513,80.09243,8.054081,1000,-118.4134615986009,-32.80394692683944
mh7514,107.347694,8.4327755,500,-118.7833658782612,-32.1841182062816
mh7515,63.7594,6.6771364,900,-119.8037637464399,-31.29243199726208
mh7516,70.70167,5.441212,800,-118.3692344818783,-32.39642263380359
mh7517,115.43177,8.994271,900,-117.8553027482446,-31.12442402293082
mh7518,69.707535,6.860938,900,-117.1245552774779,-30.44374104146807
mh7519,110.95863,10.009515,900,-118.7135292388352,-30.769632997962
mh7520,69.54013,6.240093,600,-117.9286449111535,-30.79591525912524
mh7521,68.85222,6.591951,600,-118.2101253313632,-30.76550371652784
mh7522,94.80858,8.925111,800,-118.3149853719846,-30.65294544091532
mh7523,64.97777,6.75882,700,-117.9720247657017,-30.67237618196635
mh7524,91.476524,6.883873,900,-118.3893808781032,-32.10137809090515
mh7525,65.47945,6.1032367,800,-116.6131568384252,-31.39851847576503
mh7526,90.64148,7.248593,800,-116.4617295360298,-31.26140667717273
mh7527,85.79552,7.2138057,700,-116.4035785515886,-32.00072097337215
mh7528,115.91988,9.964894,700,-116.5405740031934,-32.0343192795686
mh7529,112.68538,8.769804,700,-114.4210672449978,-31.19853795862344
mh7530,108.756454,10.126297,800,-117.1781769192788,-31.26342633842306
mh7531,78.381615,6.503189,800,-116.5023031433275,-31.58415142043224
mh7532,102.685616,5.941375,900,-115.0418175231639,-31.6753720381918
mh7533,113.359535,5.2924366,700,-114.4423627648214,-31.43903906166693
mh7534,209.2379,14.339366,1000,-116.1417366385951,-33.02585592419445
mh7535,164.934,13.076816,1000,-116.2757950612281,-33.09082934453919
mh7536,75.96967,7.226077,800,-115.7447096330975,-31.27606827892948
mh7537,109.80886,8.507702,700,-116.5988231897861,-32.1604421626507
mh7538,121.634186,9.996272,1100,-118.714456157487,-31.50662070573791
mh7539,156.5857,10.579538,1100,-118.8439591760945,-31.00861221087572
mh7540,127.18706,10.341867,900,-118.5562550860779,-31.465984790112
mh7541,93.74495,7.020564,800,-116.6669524061241,-33.00608931919994
mh7542,121.87055,11.558961,1100,-117.4895637380546,-32.92944667623571
mh7543,177.4742,13.903737,1200,-114.7951536958091,-33.35815206576086
mh7544,157.76497,7.8944507,1200,-114.1644135405857,-32.54932000756401
mh7545,130.43423,11.875378,600,-114.838821003253,-32.7001741242171
mh7546,111.14686,8.440104,1300,-118.4699646246303,-31.33899068376064
mh7547,157.28102,11.5022745,700,-118.576337452532,-31.17665685818909
mh7548,146.41852,14.1867695,1100,-119.0523851477037,-32.09173618196897
mh7549,136.05081,9.774497,700,-116.8253157584383,-32.5409954278608
mh7550,183.49962,8.866629,700,-116.2224507233205,-32.39368391975288
mh7551,159.48645,11.374882,1000,-117.8385238194994,-32.7473689959569
mh7552,122.898705,8.938409,1100,-118.266598598584,-31.31103620022551
mh7553,179.13525,8.880311,900,-112.9819434727538,-33.16726148878211
mh7554,93.43692,6.967255,800,-112.8725548215446,-33.09910812699935
mh7555,115.45729,8.13859,1300,-113.3893178762703,-30.99137397421795
mh7556,137.2804,8.293958,900,-114.4461359178285,-33.12921898647711
mh7557,59.795364,3.699899,600,-113.8074087438125,-31.08567550258784
mh7558,108.7389,7.474207,1200,-112.3250648970295,-30.86842866742566
mh7559,131.25624,9.726589,1100,-114.28497526665,-30.91347264668227
mh7560,144.0853,7.659486,600,-112.0817964905212,-30.90091609573717
mh7561,111.09654,7.439525,800,-114.907297442168,-31.6959697942477
mh7562,139.03339,8.537898,1000,-113.2293913730293,-31.80316951152686
mh7563,131.12975,10.497041,900,-113.3512920293308,-31.52552016664457
mh7564,146.60692,8.710955,900,-113.6084621224581,-32.39014191879699
mh7565,126.80936,6.9529805,700,-113.5143738924715,-31.95780688362622
mh7566,126.06389,12.887519,700,-114.2428144618471,-32.35713817284588
mh7567,94.59484,5.797357,700,-113.8595878507312,-32.37934210008921
mh7568,148.57889,9.101165,700,-113.5327732564123,-32.48326038842326
mh7569,184.73228,10.440071,800,-113.3223958582122,-32.47603132667816
mh7570,114.08744,6.7456617,700,-112.8843432726196,-31.54703543026312
mh7571,98.82256,7.415841,700,-112.8584891833844,-33.32094368181279
mh7572,199.228,10.992158,800,-113.7842855473606,-33.65052477195088
mh7573,80.90232,6.7085876,900,-116.1891193937441,-32.04599991566945
mh7574,192.71193,14.953575,600,-114.198953554408,-32.93638586434855
mh7575,74.58951,4.3156667,600,-114.2077770521048,-34.5607275036682
mh7576,348.42096,24.870668,1000,-111.5003030457496,-32.50644481694105
mh7577,137.229,12.373868,800,-111.3582372357574,-32.78323994360188
mh7578,200.23172,12.2121935,700,-111.6376745369504,-32.88541910672041
mh7579,158.12402,12.2601595,900,-112.3080808508472,-33.44967656850194
mh7580,326.72165,11.943157,800,-111.9878282201896,-34.55162037034472
mh7581,284.2965,20.801641,600,-111.1011869156296,-32.00838563831254
mh7582,124.9733,10.22028,800,-112.1050264913949,-33.04034095566989
mh7583,264.97385,10.959244,1500,-111.2312352652731,-33.81562177437734
mh7584,270.0927,14.187916,900,-111.3561892704931,-33.18106039019494
mh7585,211.48587,17.969643,900,-110.7166888720255,-34.74674649746887
mh7586,170.84286,11.269766,700,-111.7540098332016,-32.91506865876168
mh7587,329.50983,24.494337,1000,-110.8494963496287,-34.65756380361398
mh7588,306.35434,14.139591,1400,-112.209059008686,-34.29207975707448
mh7589,357.03186,14.386103,800,-112.1997036964082,-33.98542934726895
mh7590,85.27466,7.6307306,900,-107.1989989951109,-32.93917775832526
mh7591,110.847336,9.714567,900,-107.0928999505386,-33.62396391624278
mh7592,81.685974,5.511516,400,-107.4318357955464,-32.44504143445491
mh7593,182.30188,10.687213,800,-106.8524773769276,-31.79978172833869
mh7594,100.98927,7.0268364,800,-107.8408574288411,-32.59399032773519
mh7595,117.19779,8.035385,1000,-107.7700287835695,-33.15848942640406
mh7596,182.77786,10.021141,1100,-107.9399067284185,-33.17287938932823
mh7597,217.47653,11.202946,900,-107.9966971733204,-33.71137162008204
mh7598,89.027306,7.217567,900,-106.1071943381083,-32.88968513637437
mh7599,163.3562,7.289403,800,-107.4268884086606,-31.71557074213979
mh7600,71.56549,5.417495,600,-107.2660374356836,-31.07449232685883
mh7601,179.9361,9.845995,800,-104.5233065482431,-31.75566122703956
mh7602,166.49876,14.03032,700,-104.2012075192812,-33.26018999841477
mh7603,66.758804,4.801542,900,-105.0641702759765,-31.41222407329598
mh7604,60.1224,3.9199936,1000,-105.1508188231334,-31.17808985734771
mh7605,89.18711,6.8696527,1000,-106.5620509878053,-32.57771866356978
mh7606,157.4629,10.000122,800,-106.4945108744132,-31.80680805137989
mh7607,159.39072,7.385749,700,-108.1170784317896,-32.46709632266244
mh7608,118.964714,5.509461,500,-107.5157564531111,-33.95719430429565
mh7609,183.48206,8.878149,400,-108.8339440554074,-31.45003344975492
mh7610,92.54034,4.6561146,800,-105.45860092157,-32.6755069713904
mh7611,109.45884,6.7984376,800,-104.3041840992793,-32.15910010884107
mh7612,111.69921,5.497126,700,-108.530116516557,-32.20809880483744
mh7613,166.15997,13.33288,700,-101.696666086169,-33.2810785907575
mh7614,90.32856,5.8611536,700,-100.8173606074045,-34.01318436881352
mh7615,163.31874,8.966471,700,-101.0736496148588,-34.22798051080675
mh7616,174.77957,8.095273,900,-101.8134624301373,-33.05110032406127
mh7617,218.05911,12.850692,900,-99.39277318774069,-32.48315177474347
mh7618,182.08037,7.035406,800,-99.66203525133372,-30.92010771639282
mh7619,122.944496,7.996,1200,-99.42122821613448,-30.97790121900746
mh7620,83.35987,7.3368073,900,-99.2400700137866,-30.83665030304986
mh7621,222.24431,10.909642,1000,-97.35169630312046,-31.39963952868995
mh7622,135.15767,7.0730276,900,-98.44637011701356,-32.66152879090071
mh7623,145.59993,11.123908,1100,-99.96042744302775,-32.25499018542102
mh7624,60.15063,4.2869134,900,-91.14216221778484,-30.36754063859801
mh7625,129.71736,9.42527,900,-91.337675009397,-31.60020328506386
mh7626,112.954865,7.5531416,1100,-93.4668395610214,-30.82689977963597
mh7627,164.63321,13.046525,1700,-92.42095145883202,-30.36229369986476
mh7628,215.51306,7.844454,800,-91.78382647612474,-31.71675184706053
mh7629,217.67,13.788266,1000,-92.4989153769852,-31.43858974238795
mh7630,169.84041,14.4569235,1500,-91.26591518718342,-31.1747722619237
mh7631,181.57777,11.707306,1200,-92.88916111357248,-31.90078500278823
mh7632,282.46985,9.906524,1000,-93.3433336321128,-32.3238914926152
mh7633,210.62494,14.324786,900,-93.19572642516708,-31.02407677515848
mh7634,108.97327,8.843762,1000,-94.16173321039908,-30.77159617536566
mh7635,107.30679,7.5068345,1100,-93.64768987864883,-31.13973480481849
mh7636,144.63802,9.311207,800,-90.07637466015106,-31.56779177267152
mh7637,180.645,12.183326,700,-91.71464544882488,-32.19468748088543
mh7638,184.33177,10.588341,1000,-91.99052545097514,-31.69642750535172
mh7639,242.20674,16.443916,1200,-92.75619534793697,-31.33382806740608
mh7640,80.19776,5.7592397,800,-90.95387550208784,-33.79780389749463
mh7641,168.99269,10.851394,1000,-90.13830523706204,-33.62300097131086
mh7642,286.28964,14.391628,1200,-91.12491124967995,-31.25338352061226
mh7643,146.59534,13.220305,900,-95.30104809168964,-31.32966638313058
mh7644,101.33422,7.0624347,1100,-96.8773352298914,-31.5470603315521
mh7645,223.24893,11.666994,1200,-95.3290813625338,-31.44009027403486
mh7646,214.31804,13.112031,1100,-95.23059104305467,-32.20734902697222
mh7647,165.53703,7.2047963,1400,-95.47421140903312,-32.33533831347167
mh7648,109.95799,7.4172916,1000,-96.06272635526446,-32.21887509331467
mh7649,108.31287,7.2793183,1000,-96.5464911382006,-32.08863300516582
mh7650,148.64278,10.309902,1100,-95.1588265535574,-30.71425544289345
mh7651,110.06079,4.957708,800,-97.11771280817332,-30.93272713882394
mh7652,158.6715,6.5922446,900,-95.19409092149075,-32.83890274049404
mh7653,147.86673,6.104832,600,-96.82349796535874,-32.25992420318011
mh7654,123.46663,7.89611,1000,-95.36920766111945,-31.67502414780472
mh7655,139.58682,9.314977,1200,-99.21929775055332,-33.95279424094706
mh7656,78.93089,5.577893,1100,-98.42916975827562,-30.91063323383291
mh7657,217.41753,16.488447,900,-97.42555144078432,-33.01087447412099
mh7658,143.31088,11.201378,1100,-97.81694912347372,-33.00510855041627
mh7659,118.403854,8.436252,1100,-97.93810674380394,-33.62841017617911
mh7660,176.43953,12.72443,700,-99.38561431998,-31.43121483000117
mh7661,209.86174,13.201157,1500,-97.084101093305,-31.18975482288987
mh7662,173.72444,9.031631,1500,-96.80097221895085,-32.64912479509452
mh7663,215.89384,8.668583,700,-97.46675482822492,-31.36782826794874
mh7664,167.59497,8.97983,800,-97.48488619498428,-31.48404799949247
mh7665,101.512856,6.6909604,1100,-96.79021500988988,-31.23759860501754
mh7666,112.24994,11.056496,900,-97.29325566959758,-34.70995203093523
mh7667,147.17139,10.747171,1000,-97.95511334250556,-34.32741389479719
mh7668,104.198616,8.176038,900,-98.11658645430477,-34.28520595053554
mh7669,227.47214,14.00651,900,-98.91260284269724,-34.98872523038254
mh7670,136.28807,6.9066463,700,-98.8560304122622,-35.11264278768326
mh7671,53.044212,3.7922683,700,-99.66113764045622,-34.80048693091387
mh7672,122.53946,10.457894,800,-99.09435193962518,-34.18584566882052
mh7673,66.03036,5.260566,900,-98.1129261826594,-33.96898881638946
mh7674,133.4065,6.6369944,1100,-96.96910830762408,-30.93745984252493
mh7675,141.3836,12.859501,1000,-97.67295015740248,-32.07087000594006
mh7676,345.28726,13.825012,900,-94.81823160345412,-31.83165492600374
mh7677,221.26357,13.251794,900,-92.96441017958703,-31.15247141244409
mh7678,138.75793,11.742452,1000,-93.27823144040534,-30.81199992180233
mh7679,125.07103,8.154027,700,-91.90621826638916,-32.85258638729339
mh7680,190.05186,13.617113,1000,-93.1729718184464,-30.83075571578113
mh7681,257.84625,14.846099,1200,-93.12947685794522,-31.17422082594215
mh7682,137.90569,8.227138,900,-90.40347202970754,-33.37977816237706
mh7683,138.68355,6.8242116,1100,-91.708134381956,-34.63220045614153
mh7684,174.16966,14.287402,700,-92.74381705421676,-36.38131061859749
mh7685,81.525444,4.7084966,900,-94.05030164963505,-36.50694635759692
mh7686,102.19226,5.323624,800,-94.72240623162934,-36.53341268131003
mh7687,94.72297,5.6403956,1100,-93.5542685579946,-36.45547917163957
mh7688,169.33855,8.42656,900,-94.50161565378096,-34.48408205012484
mh7689,151.20113,10.712651,1100,-94.71739510497736,-34.00846113770186
mh7690,141.61671,10.832869,900,-93.35431254560064,-35.12848884009522
mh7691,181.31372,9.859013,900,-93.2355668681432,-35.09007814228529
mh7692,144.7951,8.934763,900,-93.74064882502611,-35.08810032569578
mh7693,407.49203,20.155762,1100,-93.79474981915028,-35.35320664712992
mh7694,158.38264,7.6648626,1100,-92.20826570300756,-37.86801549134376
mh7695,236.1949,19.696152,1100,-93.78825071554152,-37.14375866314076
mh7696,109.4297,6.004975,900,-90.33819425824387,-37.30946882987471
mh7697,121.93733,7.201352,800,-91.51426577229424,-37.29077471069515
mh7698,115.74361,7.382702,700,-91.3732840866586,-37.30973264619499
mh7699,390.31815,22.47,800,-93.23131398572818,-37.7425807621888
mh7700,206.02385,16.920858,900,-93.06694440065904,-37.11941997781201
mh7701,286.78625,18.787598,1100,-93.98334667915498,-37.17072068528918
mh7702,252.67145,15.261249,1200,-94.39325007467284,-37.18393419042508
mh7703,75.87484,5.3831334,800,-93.72745295275342,-36.46251340006604
mh7704,242.10104,18.099277,900,-95.96326299374934,-37.66269258742339
mh7705,164.92567,13.062601,600,-96.07369876462404,-37.6942021779418
mh7706,385.24652,27.145048,1100,-95.8038325569907,-37.60524089461072
mh7707,282.02264,21.274961,1300,-95.5439920999822,-37.40012355091597
mh7708,202.9059,14.065988,1000,-95.11799386065148,-37.51903795298459
mh7709,672.3482,35.74305,1100,-95.19624315847592,-37.38960769016504
mh7710,310.11606,20.612968,1000,-96.16953109744318,-37.30475202540985
mh7711,274.5159,18.222256,1200,-95.80318464191454,-37.18500909032639
mh7712,214.73683,15.020603,1400,-94.754055402825,-38.4060581694214
mh7713,300.4719,20.10466,1200,-94.67409202898128,-38.13910219287664
mh7714,204.88528,16.11995,600,-96.65512859817734,-37.35196588929657
mh7715,246.57237,16.973309,900,-96.08263425039311,-37.1796967561767
mh7716,183.27919,11.11046,1000,-92.85574940451066,-30.37154267003573
mh7717,173.93855,9.94401,1400,-93.47890713847714,-31.16998823795819
mh7718,243.4005,15.928365,800,-94.70169288198744,-31.42026511341801
mh7719,153.60185,16.04325,700,-90.7377144577388,-31.51714814825008
mh7720,232.15648,16.850214,1200,-90.35077083280116,-34.40039796201452
mh7721,316.63446,23.26741,700,-93.67033673923828,-35.36169724588005
mh7722,159.51596,8.728282,1200,-90.41474994107784,-35.1845035215373
mh7723,92.68476,7.239754,700,-90.06617915431374,-37.2714118835586
mh7724,182.22678,11.308526,900,-95.78215135410828,-36.55181632103359
mh7725,79.75182,4.7652216,900,-97.98902316382552,-38.15448338874602
mh7726,63.71723,4.954574,800,-96.20390916356268,-39.00324132323216
mh7727,116.7343,4.810678,800,-98.63674819546596,-37.65557367018734
mh7728,119.62439,9.081591,700,-98.73340321761115,-38.32508403910672
mh7729,191.80775,13.324883,400,-97.02911499825584,-38.4465388682749
mh7730,77.48793,5.5787153,800,-96.80404594128171,-39.62970849246202
mh7731,161.87161,9.633759,700,-92.0245483004493,-39.19277865628175
mh7732,135.55637,9.631523,700,-92.10266185681644,-39.94171156006031
mh7733,120.165344,7.83004,1000,-92.24082637383066,-39.93530588595265
mh7734,52.743423,4.049187,1000,-94.1782509393226,-39.73101985686147
mh7735,44.892628,3.92748,800,-94.50958887903128,-39.77486515124198
mh7736,127.554276,10.511265,1200,-94.94182620591492,-40.24853848642307
mh7737,114.497,9.974423,1000,-93.22761998135717,-40.09970094274556
mh7738,246.41202,17.148857,700,-92.00124591112753,-40.65267585142605
mh7739,93.56795,6.9813647,900,-95.83259839893536,-39.82199939889315
mh7740,45.51647,3.7025204,800,-95.66736679844324,-41.1129070364335
mh7741,49.32468,5.3968453,500,-97.0084097539747,-41.06355573023691
mh7742,52.90015,3.3375404,900,-96.99871428226086,-40.86495146849666
mh7743,123.847046,7.5457907,1200,-97.11547048477529,-41.96551907832112
mh7744,216.54013,12.8938,600,-95.2283787518073,-41.49240710702645
mh7745,376.57117,4.6094728,900,-97.90635367450118,-43.93594249789398
mh7746,132.38539,6.169892,1000,-95.7042970429879,-42.93069573951443
mh7747,71.339264,4.4093633,700,-93.71312820671588,-42.89579875231401
mh7748,108.40137,5.230626,1100,-92.82340461468358,-46.23227808624809
mh7749,75.03853,4.6586933,1000,-92.09411772456674,-45.35881894831881
mh7750,37.872177,2.0496752,900,-91.31765330189712,-45.18578299337364
mh7751,98.317986,8.7465515,900,-95.56450381781796,-45.00597478986911
mh7752,64.889626,5.8058767,1100,-90.76204985823446,-46.22951977174631
mh7753,122.38001,7.740887,1000,-91.92530093716658,-47.14376694525419
mh7754,39.262657,3.0908644,500,-105.8962910177615,-37.14339709969893
mh7755,65.06229,2.6395426,800,-106.3528631449286,-37.10704455467683
mh7756,30.146078,3.424631,800,-107.0505015186969,-37.25074142186425
mh7757,56.561405,3.9593394,700,-104.327847229977,-37.854867270404
mh7758,32.777912,2.8891666,800,-107.5979336813687,-38.17788519090096
mh7759,44.04672,3.544646,800,-107.255772342364,-37.43808220777162
mh7760,50.46215,3.4228337,800,-105.9360583883725,-40.35917557858611
mh7761,47.492065,6.093969,900,-106.7371691488305,-43.28972017783671
mh7762,172.67603,12.475769,1800,-104.7069600734821,-41.68121418706075
mh7763,103.48682,4.2721744,800,-104.2825629788577,-41.1054908365028
mh7764,123.128555,10.562982,800,-106.6376218003456,-41.7014870062936
mh7765,135.6235,7.3164864,700,-101.4909053072071,-41.87187495427359
mh7766,244.98788,14.653124,1200,-101.9863264065474,-41.84224823441036
mh7767,597.92975,18.910881,1000,-98.4609549831778,-41.07402857512999
mh7768,56.129765,4.016879,800,-95.66580926330823,-40.5519354782238
mh7769,67.51476,4.119266,800,-95.8003843580602,-40.53149395532481
mh7770,128.97408,10.421831,800,-92.24433917252937,-40.24073685631271
mh7771,78.21421,5.9921074,700,-93.13702490979836,-39.82380645340703
mh7772,41.225945,3.2297668,700,-94.7246656058704,-39.63625707649775
mh7773,179.0654,16.638557,900,-92.35098374460804,-41.20029472473539
mh7774,66.20355,5.6828866,800,-93.42971683750572,-40.05230709764665
mh7775,150.71918,8.6873045,700,-90.1997022095117,-40.81832912275199
mh7776,144.81647,9.527122,800,-96.64755459861864,-39.840783675325
mh7777,123.0453,7.3739977,900,-101.3813182563268,-38.09864211663313
mh7778,110.28846,5.9669495,1000,-101.1221510328182,-38.13673465368314
mh7779,330.8281,22.61646,1000,-104.0264215389444,-35.55515549272675
mh7780,212.48253,21.093662,800,-103.8176668244205,-36.062476809598
mh7781,302.60242,17.480822,1500,-103.3016961691568,-36.07615363411383
mh7782,314.24713,19.316435,900,-103.103642954027,-36.07832590372785
mh7783,271.43906,22.458931,1100,-102.6490310000377,-36.07670075643823
mh7784,129.81581,4.2553906,1000,-109.2289551196705,-40.5964754876955
mh7785,68.223854,6.1217427,700,-109.8620304561383,-39.82128602991507
mh7786,70.8146,6.401236,600,-112.7389275961902,-40.54185745152957
mh7787,90.49018,5.608603,800,-110.2760588604456,-42.83239754017997
mh7788,63.34459,5.862013,900,-112.2673046723247,-38.93462139830542
mh7789,57.824657,5.818979,600,-113.4479294811694,-38.26204979640239
mh7790,247.4829,17.768726,800,-111.8873545016364,-38.184766506644
mh7791,153.58176,13.9907255,1000,-111.6991349084722,-37.7236571947813
mh7792,195.2987,13.573557,700,-112.1811809088938,-36.74218349834285
mh7793,98.762115,9.485873,700,-111.6533822258078,-36.87511077617172
mh7794,312.37668,14.407636,1000,-114.27365200037,-37.21903832507164
mh7795,456.6216,15.249417,600,-115.408310243339,-36.46272801783201
mh7796,168.40378,5.300528,1000,-116.0689825259772,-35.13461588551062
mh7797,100.288155,8.634826,1000,-112.8501855690974,-35.4709574785359
mh7798,69.01763,4.1248717,700,-116.1048272158739,-34.88985188817099
mh7799,133.0543,9.016388,500,-116.8802214907259,-35.69564333257838
mh7800,137.1928,8.351551,500,-115.2219282924729,-36.79888756932753
mh7801,50.811264,4.6951833,700,-117.8057401301706,-36.02297044787873
mh7802,222.49623,9.789723,900,-116.8906551429392,-35.22888620487733
mh7803,141.60295,5.9872465,1100,-119.1108082870939,-35.79635541302002
mh7804,93.132324,5.3330765,1000,-118.9998236691059,-36.51079095047793
mh7805,68.33407,5.3376102,1000,-113.8623803821473,-38.33787287170847
mh7806,136.54796,11.977821,700,-113.3078488848533,-36.40485257186658
mh7807,71.80186,5.533186,600,-114.7382784801407,-34.75359228404132
mh7808,77.29609,6.8298273,700,-118.1156864262882,-30.65518263852275
mh7809,78.41455,8.112347,700,-118.5591421747506,-32.20978151194018
mh7810,309.79553,18.749899,1100,-119.9186044573511,-32.47816476423363
mh7811,117.74236,8.041908,500,-115.8984240335601,-32.37471431434928
mh7812,188.58176,9.161865,1000,-113.4104554628953,-36.17559253522238
mh7813,126.55562,9.699352,900,-113.805958415403,-35.20777989442654
mh7814,260.258,9.094485,700,-113.5401583402108,-33.94243602839524
mh7815,83.84617,8.051153,400,-118.8286003309504,-36.43793438172168
mh7816,167.96924,12.535024,600,-116.979788135406,-33.77250332634483
mh7817,72.124725,5.905137,900,-117.4363047276122,-38.65364651345259
mh7818,85.14725,8.544798,1000,-115.5703685009324,-39.18129065989532
mh7819,45.64895,2.764888,800,-114.5017271047123,-39.51511705641618
mh7820,72.74296,7.3477907,900,-115.8067403895464,-38.62528949398241
mh7821,80.59049,6.171119,700,-118.2595392950094,-38.74083887146571
mh7822,111.19355,5.5200176,600,-115.4251050008998,-40.7696780606983
mh7823,158.42825,6.33716,900,-112.8347848301691,-40.90005283126369
mh7824,56.582764,5.7817717,700,-112.0028378111832,-40.88288754263538
mh7825,52.472675,5.099963,1000,-113.6540956647633,-40.79753305247301
mh7826,63.706554,4.9079504,900,-113.775316603179,-40.73159188912386
mh7827,72.49754,5.9419417,700,-114.8566862132478,-40.12154670387864
mh7828,54.249367,3.8054445,800,-117.3078998001287,-40.83215600050351
mh7829,106.1172,5.407485,800,-114.5682235487053,-41.91024404481001
mh7830,182.05647,11.593104,800,-117.8773807287877,-39.50002411818687
mh7831,167.03519,11.053133,1000,-119.8846302451414,-39.20196726736303
mh7832,194.2387,13.880838,1000,-118.3671089536709,-39.48005039057006
mh7833,57.154484,5.0438023,700,-115.9583010316506,-44.27203001250078
mh7834,84.342964,9.124914,800,-115.1625096821108,-41.70868743244115
mh7835,138.51053,12.325752,1200,-117.2081615877447,-42.02540711158834
mh7836,52.04556,3.9508398,600,-119.2366675713879,-46.13269923778901
mh7837,164.28156,6.426321,1300,-118.5172971498704,-44.30780084719373
mh7838,101.35648,6.336938,700,-119.1791086436506,-46.81708599535038
mh7839,117.0559,6.334855,800,-115.8055597585679,-44.51862526329222
mh7840,49.80374,2.894983,600,-113.1106894263788,-45.15710568298976
mh7841,55.44059,4.734986,1000,-112.2954058665685,-46.32085395986229
mh7842,48.46665,4.408755,900,-111.1948936575023,-45.40919255320569
mh7843,55.739388,3.3790395,500,-111.9757702848995,-44.87420769458532
mh7844,170.21974,12.49047,700,-109.6130004684316,-43.90475023453376
mh7845,75.03129,5.0933437,600,-113.8492825488643,-45.2871953781973
mh7846,158.16873,17.644894,900,-113.3180070340892,-46.93924663406804
mh7847,181.64673,13.809533,800,-109.8535273053344,-43.39016832284724
mh7848,91.59217,8.252833,800,-109.6770699575708,-43.29658652970368
mh7849,97.976295,7.4938574,700,-108.0419082221948,-43.13449069551732
mh7850,100.33973,7.916875,1200,-110.4856830734063,-43.44163665757089
mh7851,84.03077,5.9157124,600,-108.0188569776837,-44.1169757923839
mh7852,29.88257,4.8210936,600,-110.4401049003525,-45.12235495703801
mh7853,32.33686,4.2496624,600,-110.2964434094243,-45.25578249269159
mh7854,139.57071,12.039051,700,-104.6784588461836,-45.08194902767108
mh7855,92.76493,8.564507,700,-104.8197054640767,-44.91863807717392
mh7856,70.90075,7.833769,1100,-110.8549144918849,-46.98265690256552
mh7857,42.775505,5.5576105,1300,-111.1199346651825,-46.4472010670164
mh7858,59.93291,4.0711503,700,-110.8413402139234,-49.5912240343191
mh7859,105.6014,9.735461,700,-111.4374367747365,-50.38910253438584
mh7860,90.06125,6.528366,700,-112.5115181486877,-50.42580165335294
mh7861,39.741898,3.5961125,800,-119.2950267731076,-52.17063163512879
mh7862,88.14738,9.678815,1000,-110.3764080923323,-53.23546923275696
mh7863,68.61079,5.582263,900,-102.6007697649451,-53.11722401010429
mh7864,107.9272,7.419859,800,-102.3286682794406,-53.19431958052648
mh7865,72.01505,4.454076,1200,-100.2449483883109,-52.34941884768151
mh7866,93.824036,5.7807407,700,-109.6853953360729,-56.19338902592673
mh7867,160.94571,5.3489976,500,-109.5671670975367,-56.29601282022586
mh7868,115.59574,4.535163,700,-106.0295045838868,-56.83753034099229
mh7869,55.404392,5.6125674,800,-113.3932216660769,-54.33973821615965
mh7870,83.44891,10.738384,900,-114.7308101020248,-45.51132042924548
mh7871,84.64068,8.045924,1300,-109.1688365570021,-44.90926378251918
mh7872,139.84491,4.3633432,900,-109.6511449674421,-44.42055790202149
mh7873,101.72931,6.2269926,600,-99.71198203890307,-46.3983584654668
mh7874,118.167305,5.1933665,800,-100.7992391436973,-44.71142952951397
mh7875,309.60333,20.572906,1100,-99.27494026235274,-44.50024831967366
mh7876,261.36182,13.1298065,1200,-97.22379027015332,-42.87885464152323
mh7877,84.21392,7.2064843,800,-90.46357266635783,-42.29252762855025
mh7878,74.0167,2.810509,600,-90.89341414291997,-42.79492928697238
mh7879,50.48731,3.4466462,700,-91.71061473217846,-45.25840969851595
mh7880,184.44072,12.67433,900,-91.01393079045371,-49.3214318220364
mh7881,153.93848,7.476215,1000,-90.02271600279661,-50.60062074735391
mh7882,38.92404,2.8577075,1000,-91.67017300007856,-50.72488137057483
mh7883,456.25854,23.757893,1400,-90.9587050059941,-48.68365118685247
mh7884,94.747406,8.072158,1100,-92.8651882866928,-50.92448766998007
mh7885,82.32593,2.9280782,500,-106.0987878854954,-48.16452148562481
mh7886,54.897823,2.9339192,800,-105.894318039894,-48.57030412393905
mh7887,74.12837,4.111575,800,-105.5667103379882,-48.29964584549325
mh7888,64.970345,4.0978227,600,-108.3921841313883,-49.04499549042743
mh7889,180.4794,11.842366,900,-108.8656000316898,-50.45618322056016
mh7890,57.593723,4.2722974,900,-104.6782742974541,-49.12661831783673
mh7891,152.43886,12.328244,900,-98.4912087498837,-48.56079785586319
mh7892,99.90682,8.106648,1000,-95.42816826355649,-46.00278843705841
mh7893,176.64839,8.832638,900,-90.33629201673392,-43.50154662251392
mh7894,109.87238,7.832216,600,-113.4937966115042,-45.78588048102915
mh7895,42.626923,4.7324095,800,-114.3401479083109,-44.30501840249203
mh7896,186.7989,8.087511,900,-112.9952671865001,-42.43101670720886
mh7897,47.500027,3.5175295,600,-115.6543999583833,-45.76089297323333
mh7898,129.02022,10.3698225,500,-115.9312935258804,-46.27697899609581
mh7899,98.82184,4.7005095,500,-116.4655286803816,-46.32922290500051
mh7900,118.6366,7.3730206,1200,-117.6990068829401,-44.56211892667838
mh7901,54.89312,4.112066,700,-114.5284038766235,-48.2012083549606
mh7902,72.51366,3.6921995,600,-107.5895372815309,-48.85095180612863
mh7903,31.659084,3.8239675,1100,-111.3355177960865,-45.57406382812606
mh7904,96.925156,6.917217,500,-110.3530434125608,-40.31549667210209
mh7905,154.32541,9.570107,800,-110.0926417197862,-38.55023067062105
mh7906,70.679405,5.5479636,900,-106.3827217154562,-38.29355112232071
mh7907,66.12139,5.1618943,600,-117.4471777552004,-38.28807390602079
mh7908,109.171265,6.3884873,600,-117.7477720762631,-37.96660403373257
mh7909,86.832184,5.604814,900,-116.4096395520661,-38.47826492950291
mh7910,45.236855,4.049259,700,-114.024534419306,-38.79712588389096
mh7911,112.376625,9.034857,500,-116.0934753236004,-38.08546770513033
mh7912,147.97784,6.195402,700,-111.3746702572643,-36.13797099569422
mh7913,271.31635,17.195665,700,-111.8458677717156,-37.46766796947663
mh7914,72.873085,5.9848967,500,-113.1486017882932,-37.52547919413498
mh7915,74.24203,4.207498,900,-116.4135700276542,-43.18513746099089
mh7916,109.017975,7.890394,1100,-116.0613198090226,-41.35562318694324
mh7917,59.72587,3.4168186,800,-112.4844341349304,-49.31150295277377
mh7918,83.88599,5.591104,500,-99.1256430740902,-54.40733297758859
mh7919,101.71338,7.362151,1000,-90.2622910307915,-43.13054417589231
mh7920,99.83099,4.0210686,700,-90.38313110294985,-42.53187411938698
mh7921,97.17853,3.6229439,600,-91.40187594224544,-42.46201014273957
mh7922,218.07323,13.098815,800,-93.86100580297068,-35.14726274716003
mh7923,188.98643,11.602924,1300,-92.68864403692623,-34.43006967089391
mh7924,65.74603,4.669731,700,-98.07231089317892,-32.70415329374327
mh7925,53.03625,4.9661536,500,-100.2362848413975,-33.30290057461047
mh7926,195.33508,8.37746,700,-95.08027990079366,-33.96139147260725
mh7927,60.516937,4.4415426,900,-107.2496322815348,-39.30030989781352
mh7928,102.28836,6.0289855,1200,-107.3851794461267,-36.36918351550276
mh7929,49.32595,3.3938336,700,-105.3056236178421,-36.64599933240883
mh7930,40.11164,3.8107488,600,-110.9885681234858,-45.06420298108367
mh7931,25.404907,4.0694323,600,-110.7187987204264,-45.02989096295494
mh7932,29.581598,4.2415123,500,-110.5546931567466,-45.06812431081523
mh7933,140.748,6.0500727,400,-109.9007560078585,-56.39581206341584
mh7934,117.68282,7.128519,700,-110.0288399613356,-56.11261969133444
mh7935,174.31227,5.373222,700,-101.9943867734785,-58.06409693604068
mh7936,67.52943,4.272212,600,-90.00898896688814,-39.33366363267826
mh7937,170.68939,12.593297,1200,-90.84309641064836,-60.38828120765569
mh7938,33.33823,4.379997,700,-95.4309853563763,-62.37714819273747
mh7939,205.74043,20.575426,1900,-119.7763065811124,-60.16468429480388
mh7940,20.161695,5.7640867,1100,-107.339909960534,-66.68104265796708
mh7941,14.302239,2.5008216,900,-112.5828995120567,-62.34649107697177
mh7942,8.204975,2.2934916,700,-118.111023352851,-64.20791354068292
mh7943,13.275351,2.3473551,900,-115.2397009796305,-65.61001687484699
mh7944,115.62253,7.241175,1200,-112.8831241708599,-67.15463851666834
mh7945,39.830032,3.3693428,700,-119.4908811081906,-66.36332470046636
mh7946,349.65723,12.648949,900,-118.8457827678998,-69.07566141521386
mh7947,71.00011,4.192775,1000,-117.4425623056491,-69.97729610655885
mh7948,298.50952,15.766484,900,-115.0939117218147,-69.13871948137837
mh7949,55.61125,5.85615,800,-114.0029708592182,-66.86178760904461
mh7950,20.431356,3.8281922,900,-106.3798490677492,-67.10846459028923
mh7951,27.345572,2.2753346,900,-105.6258906696175,-66.35034204232194
mh7952,51.03966,3.4629245,600,-97.81984058641302,-61.39365496151735
mh7953,90.13093,12.056287,800,-98.98263902601094,-63.04144708845554
mh7954,33.358498,3.0861754,700,-99.35290401599016,-61.24297132042243
mh7955,34.45923,6.6568847,900,-90.75847991981436,-62.90035661213859
mh7956,96.736755,12.420553,1400,-91.68448697071568,-64.33515548975362
mh7957,239.82864,12.526117,1600,-89.86667309169214,-69.89393463424139
mh7958,37.956875,15.49623,1300,-91.70898896761302,-65.48530240205119
mh7959,56.4568,2.7693915,800,-101.5017029358442,-62.33115874173081
mh7960,22.548117,2.6170206,600,-100.3133737760878,-62.95598678378889
mh7961,36.36677,3.2160437,800,-103.4826851484675,-61.91181652119554
mh7962,10.117586,2.6631553,900,-111.8006841345408,-61.45369222264298
mh7963,29.93795,3.0680878,1300,-114.8427449052328,-66.62301906258453
mh7964,31.95879,3.2758186,900,-117.0526105566371,-67.02785838172913
mh7965,81.84397,7.815644,900,-115.3920678540989,-69.22941792066432
mh7966,213.23088,10.904798,2200,-61.35531540719797,69.6775602593144
mh7967,39.0824,8.353721,400,-68.60453235764165,61.08225419272995
mh7968,11.831379,4.8308063,500,-85.4951286671342,60.84163802108712
mh7969,15.967574,4.670125,400,-85.95480556422382,61.12901726324975
mh7970,9.640395,3.9766126,400,-85.70114605121839,60.846607626076
mh7971,15.9241495,5.5721784,400,-88.60845618932058,59.7835246001825
mh7972,11.028183,4.325712,400,-79.1443682186964,59.3391208718192
mh7973,32.58347,10.187539,1300,-79.05864363681857,60.44539318412409
mh7974,17.12719,8.839196,1200,-79.26665959291539,60.31788525546459
mh7975,6.827808,8.112177,800,-79.4857894161346,60.3241844086742
mh7976,18.210121,4.223702,400,-87.11372153091547,57.6345684202913
mh7977,14.627639,4.5404143,700,-89.63467897150083,57.46211693202032
mh7978,10.300706,9.484651,400,-82.84517439434612,56.43571341951795
mh7979,13.593787,12.583113,1100,-83.19688978991486,56.46809029216805
mh7980,24.982185,13.333542,400,-83.88736573720449,56.40708595770807
mh7981,47.259747,10.94565,1600,-63.94411450492352,48.41623064925516
mh7982,43.498707,3.45095,1000,-70.86105234003912,37.4325204539055
mh7983,83.86825,4.372605,600,-71.08422201840801,38.69242400932808
mh7984,6.7315793,5.5450583,400,-73.06328435418067,39.37959363577018
mh7985,33.074722,3.338723,1200,-64.54403475028985,39.30426511213509
mh7986,28.230934,3.974796,900,-64.79954536135203,38.49095671942102
mh7987,44.30715,8.53942,1200,-60.08327621931871,37.72212487326284
mh7988,171.79881,9.678738,1800,-62.51619874421479,35.1844175127447
mh7989,4.15823,4.9825068,800,-65.32050081062044,36.98060524181428
mh7990,65.590935,16.620102,1100,-63.40593018283711,35.32344217979639
mh7991,92.686386,14.282548,1300,-63.54644755187382,35.36518067246529
mh7992,382.35297,9.713209,1100,-60.28910472615667,33.52595492556028
mh7993,89.44863,6.9733195,1300,-64.61824764168199,30.7907544759478
mh7994,37.076584,6.26229,1000,-67.02800041912998,31.59658853743413
mh7995,164.1877,10.9937725,2200,-78.11891086974909,33.01040884822073
mh7996,258.3045,12.179616,2300,-79.20029950029402,31.69271567954574
mh7997,74.61924,16.040773,400,-78.71580811872515,32.2420781007503
mh7998,275.02658,29.047369,2600,-78.71872000028574,32.62435435823171
mh7999,229.76562,26.478146,2600,-78.6229836630515,32.95772174771237
mh8000,4.652778,8.8422785,400,-77.11605783046724,33.59753051715975
mh8001,18.124535,13.217001,500,-77.38264523822768,33.32569964062895
mh8002,71.78846,8.497587,1000,-65.87609331999687,32.88163747271453
mh8003,110.28611,5.872224,1000,-64.84714707344438,33.37254996554542
mh8004,119.32504,8.097163,1400,-61.70306622493965,36.15868300948704
mh8005,19.479395,4.602996,500,-71.80767751816025,24.7944017178417
mh8006,49.511818,5.5510125,700,-73.06598773890964,23.91867721075975
mh8007,40.33461,2.2292147,900,-72.0225580931918,28.50797677049072
mh8008,26.544186,5.517951,1200,-70.28869969869632,24.33988066963244
mh8009,62.4538,3.6500463,1700,-67.15515034140864,20.68373753356849
mh8010,559.1425,18.04624,900,-68.44117508234812,19.96272070008236
mh8011,69.10704,6.1819983,1300,-66.92650499543376,20.84515197272799
mh8012,232.75734,6.4929523,1100,-60.22754408843911,19.85359699860943
mh8013,144.4116,5.0889926,1000,-63.10792935801169,21.82333317261724
mh8014,682.4023,18.730682,1800,-67.1832850480906,17.62099971501021
mh8015,211.15448,15.327638,400,-61.96418648039587,16.66140543969778
mh8016,331.7356,22.089266,500,-62.64051412178222,16.89324638092764
mh8017,435.49252,20.690378,800,-62.65561036803048,16.78932464060241
mh8018,555.2567,20.69206,1000,-61.89832896198712,16.20536438703083
mh8019,303.42978,11.350959,700,-62.29248646822764,15.96473222927072
mh8020,563.48645,25.221712,1700,-60.95313732620481,13.23956373234193
mh8021,302.09485,14.652484,1500,-63.0018490157318,15.29342732945879
mh8022,357.4711,8.711926,700,-62.72259331359864,15.04468107951128
mh8023,266.39047,13.326712,1800,-63.26302503932153,15.52212902113538
mh8024,183.8519,11.494987,2300,-63.39452474964747,15.05484533968733
mh8025,232.84366,9.531509,1900,-63.05530174477258,15.09634348795341
mh8026,289.63745,14.506013,1900,-62.93431307028738,14.86068055558158
mh8027,190.96407,16.742477,400,-63.37443966014593,13.57619391609154
mh8028,218.10083,11.268948,1300,-62.40738650191512,15.68571562655157
mh8029,258.45853,50.784275,600,-61.4465368773871,15.96314070102737
mh8030,212.97697,19.725103,1800,-62.97993833445371,15.83649741052895
mh8031,114.0098,9.796705,900,-62.87661037872776,15.81342687203085
mh8032,362.16107,8.335961,1800,-62.89660940605519,14.09475351026727
mh8033,181.0233,24.132591,2300,-63.22174085889355,13.50001146184652
mh8034,512.5917,19.560831,1900,-62.92268122893193,13.64483428711942
mh8035,362.60016,13.445966,500,-61.3499946898562,12.21547905533177
mh8036,395.9989,12.997128,900,-60.78305818495525,13.33818452781718
mh8037,105.99875,6.958146,1300,-63.40115757563005,16.22442078506475
mh8038,559.94183,16.95717,2500,-62.67419608859809,13.9397977035312
mh8039,43.594448,2.7025244,500,-69.75985561670616,15.22359627443317
mh8040,57.387585,2.2352583,600,-69.04116151209524,16.25769561921498
mh8041,50.059105,6.0292625,1400,-65.29488670687078,16.25044194244395
mh8042,824.0812,27.843338,1200,-67.49991083774083,17.89245403435013
mh8043,870.9217,28.14701,1800,-67.7108826320708,17.86209606430217
mh8044,315.14886,14.022035,1600,-63.74578175320326,16.83319459205848
mh8045,170.39474,14.192135,1800,-63.5974965114273,16.45643503871433
mh8046,119.86229,14.069801,1600,-63.7089720318778,16.09503680812852
mh8047,369.661,20.028946,1500,-62.58477157522753,16.27086780138107
mh8048,341.74942,13.59386,1900,-62.09580343053651,15.86907833913291
mh8049,188.58461,16.071089,400,-65.89043270955575,11.60284748068966
mh8050,85.87972,14.573323,500,-66.08809223964339,11.63659236461059
mh8051,215.141,13.811336,400,-66.25835469728597,11.64164617211798
mh8052,48.339752,15.815609,1000,-64.84488039386392,10.14240127944048
mh8053,220.12953,4.391812,800,-69.48816335989154,17.07600817735255
mh8054,335.7926,6.2089744,700,-68.88998722318145,16.98526362838966
mh8055,1512.5121,51.9281,800,-70.67782964191659,18.15304219627602
mh8056,272.72943,8.365695,800,-72.6345901380029,15.39353857279509
mh8057,254.75508,12.958745,700,-72.82409420941468,14.23272885119732
mh8058,359.12057,14.677068,1400,-71.67804259102572,16.40345884746001
mh8059,63.90364,6.9612193,900,-74.15669387763559,14.18753659118455
mh8060,199.86903,14.292524,1300,-72.19370369616773,16.26281752236545
mh8061,412.1503,14.39372,1200,-71.25739464669768,17.09798330834202
mh8062,35.516705,7.607214,1500,-76.09579827905976,14.15058314248959
mh8063,28.033844,13.106712,1200,-76.36087967004966,14.18219110132866
mh8064,217.13774,5.7580137,1400,-79.22441780664171,14.592049304269
mh8065,283.69238,7.676191,1500,-79.55973221302088,14.14653786584753
mh8066,162.64178,11.062263,1200,-79.84905728256592,14.46869342427447
mh8067,368.20078,19.623327,900,-80.60460050030909,14.91279755928373
mh8068,148.86194,8.603301,1200,-78.14066107999714,15.18352315221631
mh8069,70.24125,8.209871,1100,-77.90228945534938,15.40836458793283
mh8070,159.30222,14.409663,600,-78.0289880949512,15.50243652993353
mh8071,172.84135,12.477647,1300,-78.08589922235268,15.07007119574694
mh8072,266.29898,12.899574,1300,-79.86650584324197,15.48365424681346
mh8073,382.85928,23.330002,500,-78.08142917858723,17.99250240339629
mh8074,212.9751,18.116617,900,-77.97947945434495,17.8636076769307
mh8075,192.10262,11.337641,500,-77.93626949553017,17.58891128168564
mh8076,166.2438,21.712294,900,-78.19051792271415,17.52561192022247
mh8077,163.30154,20.202059,2000,-78.33058786507311,17.53265299906214
mh8078,90.72093,7.0134034,800,-88.18386295023397,10.49243037774328
mh8079,40.227108,4.782101,1000,-87.16243963079131,8.815109565757552
mh8080,221.39696,7.4140644,1100,-86.16797201317921,9.34074398332959
mh8081,51.03695,4.4972415,700,-87.79739689052396,9.803033262892551
mh8082,25.263561,3.888056,700,-88.45486833728346,8.212427284931401
mh8083,43.456177,3.590134,1000,-89.31941269366047,7.71127500102777
mh8084,52.1489,3.2950258,700,-89.74373824054445,7.458941289490988
mh8085,42.017376,3.872696,700,-89.78141694251657,7.001062617368072
mh8086,41.493614,4.6454163,900,-89.3520414856447,9.077209655382331
mh8087,69.75152,3.4789472,800,-87.60761581651924,8.460563073459092
mh8088,61.368816,5.6528325,1100,-88.92218087124984,9.25329517200954
mh8089,49.36124,4.782948,800,-89.29662431393393,9.325221890766494
mh8090,46.579193,5.091862,700,-88.81824226354753,9.56329101416879
mh8091,47.49496,4.71427,700,-87.44590815397586,8.58502589300195
mh8092,45.174053,4.291564,600,-87.824006402874,8.281515986736029
mh8093,43.45328,6.1725416,600,-88.86166416837014,9.368563722682271
mh8094,38.54561,3.910534,700,-89.46411201474321,9.230294256400958
mh8095,39.3555,4.1064324,700,-89.15783824796291,8.921078588319233
mh8096,70.63126,4.721938,600,-89.01090695158406,9.08364519811612
mh8097,51.95579,3.8397405,800,-89.24623624397125,10.24883689539269
mh8098,69.9848,6.30481,700,-89.86248198320389,11.57612776417872
mh8099,763.6532,17.063734,1900,-88.35075403569405,12.37709207950112
mh8100,21.44051,4.017094,600,-86.84327779173624,9.471710149718614
mh8101,238.70312,14.167335,800,-85.68559485769723,7.883708320591761
mh8102,141.9109,13.172916,1300,-85.00271890900042,7.533731201729988
mh8103,109.67484,23.809025,900,-84.95387639353063,7.642515500435572
mh8104,112.89252,9.320066,1600,-84.46258237558791,7.856250311047322
mh8105,122.663704,13.897113,1200,-84.08993443089207,8.04481669429213
mh8106,136.96938,20.48612,900,-84.60068531014296,8.072598509216446
mh8107,103.35262,15.298214,1800,-84.67934870620245,7.707479262385628
mh8108,137.18881,12.309485,2100,-84.65780354406236,6.659516267900271
mh8109,126.54277,17.239262,1400,-84.43985218441642,6.771525773261492
mh8110,262.79828,5.4411044,900,-83.74908724379235,6.43944863107824
mh8111,417.43478,14.24791,1800,-85.58589319831748,6.63713640528101
mh8112,168.97098,10.96222,1100,-83.42585834050365,6.194251281331645
mh8113,166.03526,14.99056,600,-83.8464193914375,7.539273762368998
mh8114,549.1238,21.214231,1900,-84.81448517541531,7.934224639826873
mh8115,833.75543,12.467133,1200,-84.62554411705489,8.95857643813979
mh8116,57.25764,6.174219,600,-88.68380340886993,0.2332858769142119
mh8117,79.68052,7.0007057,700,-88.7549712814885,0.2982892448782047
mh8118,34.672062,5.8877835,900,-87.718702462989,0.3508380422905114
mh8119,56.651897,8.849403,700,-88.60843179973902,1.297543520424799
mh8120,66.987564,4.945719,1100,-88.2830351510689,1.617971543946041
mh8121,73.22491,11.803725,500,-88.05125482666895,2.40442317660312
mh8122,149.0469,16.246658,600,-89.74636336757086,1.663538514375092
mh8123,106.034134,15.697164,700,-88.99388792531445,3.088943079918867
mh8124,81.83094,7.387602,700,-88.4478788593023,1.387118442923355
mh8125,83.09455,7.420614,1400,-88.73771436933126,2.28935537655333
mh8126,179.1566,12.676407,1100,-89.83930843575894,3.878706274323934
mh8127,164.85681,16.937946,1400,-89.30022156661478,3.699404893078151
mh8128,160.19518,14.583981,700,-89.1526433260398,3.742359234088224
mh8129,308.41824,14.1105585,1700,-88.35222094548685,4.417870730227516
mh8130,165.07445,11.948703,1100,-88.38291724807554,4.199089009281809
mh8131,141.16878,8.672579,1000,-88.26742096964098,4.603176426535172
mh8132,232.30696,13.58442,1500,-88.23416284536529,4.302343071901049
mh8133,127.93858,11.550171,700,-89.122950201848,3.25652497270856
mh8134,90.64682,14.833895,600,-89.13154785020058,3.082593554249711
mh8135,202.1731,9.572266,900,-89.25199858152779,3.250451312621415
mh8136,229.23662,10.274301,800,-89.30363397569512,3.134974732587312
mh8137,255.38562,15.541969,800,-89.73074966655543,1.820738597257021
mh8138,114.58405,12.12972,600,-89.2263500947345,2.69050558240829
mh8139,117.58943,10.641745,700,-89.66418976954118,2.776374674801415
mh8140,127.78313,14.587871,1000,-89.68961881245633,2.541156798636055
mh8141,301.44342,17.083185,1700,-88.66782401757283,3.26747046357546
mh8142,197.54387,25.234203,1100,-88.49857684852435,3.251351752608616
mh8143,92.610374,13.41501,700,-88.80052533008781,3.218494636289549
mh8144,209.62999,13.626002,1800,-89.75147364608739,2.765064343024485
mh8145,156.75273,12.424018,1200,-89.89875647494472,2.694207117108686
mh8146,164.58652,14.0352335,1200,-89.84141649297466,2.522751148927382
mh8147,252.86012,19.209068,2600,-86.72736260723337,4.58273787333319
mh8148,97.04216,7.123615,600,-86.34253491993059,4.384657696833977
mh8149,269.28357,26.646536,900,-87.86246603363045,5.097004968945341
mh8150,365.20526,15.428986,1300,-86.01914063860173,4.451869939679582
mh8151,76.303314,15.05036,500,-86.75298572937936,5.400611587442146
mh8152,91.94653,6.849297,400,-85.96057731607108,5.095572015530723
mh8153,120.83887,15.280717,1200,-85.65372528692195,5.371752075657579
mh8154,107.12889,9.295758,1600,-86.18903457526791,5.502231159595635
mh8155,159.10912,9.799269,1400,-86.31577278448452,5.554813545163081
mh8156,111.64835,11.513912,600,-86.60383169756928,5.489419828830376
mh8157,90.92752,9.935854,1100,-86.52040461725349,5.76141230124768
mh8158,140.34242,9.523159,1400,-86.5183729068184,5.625065012630173
mh8159,301.5683,14.560706,800,-86.33911836918057,6.345304139504619
mh8160,96.7354,13.624249,1600,-85.74315338570324,5.631827302687032
mh8161,297.5448,24.681509,1800,-83.97157332702812,8.259250762042031
mh8162,149.13223,11.574108,600,-85.07878363972179,6.055483004663833
mh8163,120.743034,6.8782597,1300,-84.91661603780594,6.707933435102884
mh8164,114.00673,9.404058,1100,-85.4333516237752,5.743108124840141
mh8165,166.29561,10.538785,900,-85.2970659007979,5.910445462160071
mh8166,86.71291,10.303055,1100,-85.57555921817854,5.785735544625506
mh8167,76.058716,6.6477714,700,-85.70485699619611,5.961098531676975
mh8168,86.10527,7.697751,800,-85.62712349461938,5.988009356367636
mh8169,60.805603,7.40623,600,-86.10241634211212,5.266325207141401
mh8170,65.199196,9.63784,900,-86.4484645316384,5.373779262138187
mh8171,98.17456,4.4272513,600,-86.27939749920415,5.785626905889858
mh8172,139.75061,16.105904,1300,-84.85856059803,5.296166957951328
mh8173,110.84615,7.4211297,900,-85.50623142658259,6.406522247204669
mh8174,162.36388,9.945257,1300,-83.77977657872364,3.547681248438838
mh8175,211.2209,11.325185,800,-83.78946139352225,3.666968073738265
mh8176,133.0125,9.0689945,1000,-83.83504463936985,3.769446607661677
mh8177,143.10112,10.063975,1200,-83.43232131821516,2.583353234096472
mh8178,98.752075,12.179115,1200,-87.85174043899777,3.958658594447636
mh8179,92.471565,12.24885,1100,-87.86787214274963,3.732811843006429
mh8180,238.93622,21.129553,1000,-85.6564974796326,3.300482187688117
mh8181,217.101,9.102862,900,-87.09846960358354,3.281434941879461
mh8182,48.569447,5.2972884,600,-87.7871830091589,0.1970730938680547
mh8183,290.39758,4.9088407,1300,-81.08887780208583,6.45410706399109
mh8184,222.1396,7.3250947,600,-81.33227510234885,6.438165898783539
mh8185,12.530861,11.740324,1100,-79.52077709222874,8.13374868828281
mh8186,34.53204,8.164946,1100,-79.7402660629469,7.880185807241745
mh8187,17.864548,10.075986,1400,-79.32410915749837,8.184332181983097
mh8188,94.99644,7.5147314,900,-79.83438495984271,6.051190940032627
mh8189,259.0315,25.167427,900,-80.78160776565055,0.7228829811838438
mh8190,294.7744,27.214935,500,-80.80381571361825,0.4245490653309089
mh8191,39.92722,5.293467,700,-89.50995687059776,8.58486644219602
mh8192,164.61682,7.6226487,600,-87.98511641498361,3.628395710127331
mh8193,55.277794,9.86737,500,-88.10700305068283,4.120757963580867
mh8194,131.96425,11.83898,800,-80.45251731367546,3.812517312260088
mh8195,145.68318,7.45802,900,-80.56967948704414,3.898168321947999
mh8196,21.236725,2.598335,900,-71.1908662492544,29.46716664948651
mh8197,18.802885,2.9984193,800,-71.0913644427667,30.35321381730276
mh8198,84.80428,4.887014,1400,-70.28676321006472,24.08690992147952
mh8199,779.8071,14.58614,600,-74.41505173051402,22.36233132008492
mh8200,583.6461,14.238297,700,-73.19167616121373,22.83873531291177
mh8201,72.38769,8.34407,1200,-74.85623711291798,22.26309782271425
mh8202,213.32663,13.052917,1000,-74.74675793645932,22.27554655132331
mh8203,61.91538,9.949788,900,-75.07394431493029,22.39322921848734
mh8204,524.09436,20.15381,1700,-74.9883325492521,23.45312432586889
mh8205,284.88507,12.447697,800,-62.16192607168436,15.738662321815
mh8206,833.0815,53.81922,600,-61.53343406561577,15.72105002404149
mh8207,545.6203,16.137571,1000,-74.9937725227835,15.61852261978107
mh8208,28.337711,11.06117,1600,-74.46476254407365,15.47903599309579
mh8209,73.85853,14.651594,1100,-86.6611972542162,18.54843078752497
mh8210,164.72243,30.137596,1600,-86.74807446832028,18.93468824123897
mh8211,346.94107,21.162786,1200,-85.79238736089454,17.7482944833661
mh8212,339.11768,17.097012,1200,-87.57863617043704,16.65753607246235
mh8213,275.88974,17.300146,1100,-87.15052347767211,17.20873453092057
mh8214,660.72266,50.611813,400,-87.13625780245414,18.50500436140674
mh8215,1131.9583,34.121883,2600,-87.06239564607776,18.79301211577155
mh8216,756.6069,14.8527,1500,-79.13558641189061,20.74830331971797
mh8217,231.03241,12.656343,700,-81.77692424785508,20.36179037263186
mh8218,237.35435,11.712501,700,-78.712137893066,17.70719114179627
mh8219,192.03506,5.032404,1000,-86.80858780562193,-0.5191659465674027
mh8220,160.85956,4.9822617,1300,-86.87507468838,-0.6347276946738478
mh8221,133.78908,6.9127097,800,-87.40286918972727,-0.2751169560717728
mh8222,155.85208,11.06208,800,-87.66440798222257,-0.6913734476237192
mh8223,538.66754,11.328857,1000,-87.78240393498473,-1.460647629280161
mh8224,47.764442,5.48683,700,-88.92643406876097,-2.136064256749273
mh8225,44.12581,5.1564116,800,-89.24443503099013,-2.041482891535033
mh8226,224.48468,4.9746346,500,-87.18551946551713,-0.5233351573638553
mh8227,108.902145,3.240494,700,-86.75129753101143,-1.903200384336164
mh8228,178.30853,4.0130258,700,-86.91171747418458,-1.926231994500175
mh8229,198.88196,4.097017,700,-87.05925486921335,-1.917467278533491
mh8230,179.5982,10.308557,700,-86.13316097115691,-2.014184936996569
mh8231,160.92308,8.515734,1300,-86.38066170258666,-1.908734793611641
mh8232,134.8033,13.200071,600,-85.06606489746297,-1.998828914477708
mh8233,79.60976,5.027292,700,-87.73741427853132,-6.590946889341115
mh8234,67.05073,4.183286,1100,-89.76931310491601,-6.84759669689877
mh8235,82.57677,8.432261,800,-89.81442255753177,-4.702698067640847
mh8236,65.20888,6.8118744,1100,-89.89731080280285,-5.938421233487767
mh8237,121.582245,4.073862,800,-82.30368832800615,-6.634914164202633
mh8238,105.608826,9.3522835,1200,-84.39527273299554,-6.683416986208216
mh8239,419.00897,11.039896,800,-81.75657156304041,-7.106963107233955
mh8240,94.919334,3.5644913,400,-82.37792960612987,-6.727101435582989
mh8241,68.45949,5.91472,400,-82.44944979356158,-7.001644736894267
mh8242,55.141426,4.923017,800,-82.53216605042947,-7.105835962172962
mh8243,88.50662,6.295325,1300,-86.07577149550289,-6.846842021166562
mh8244,50.77724,4.0972953,900,-88.65308838282856,-9.189533417672118
mh8245,98.36776,4.1455255,700,-89.77444349151844,-9.015698541740468
mh8246,110.35036,8.496181,800,-89.30869529587905,-6.023221636510382
mh8247,108.161026,5.8279014,900,-89.63269172231901,-5.759444283078116
mh8248,87.58181,6.107298,600,-88.62290311197503,-5.836112316698584
mh8249,85.601685,4.3810434,700,-88.68547721336424,-6.045990865875432
mh8250,44.020115,3.9385052,800,-88.30325637435494,-5.617846534104332
mh8251,71.27809,5.336525,800,-87.4335528651381,-7.531897449731075
mh8252,159.34312,11.719308,1000,-86.53536921750361,-5.662043490356572
mh8253,49.231113,3.8440714,800,-85.5203998820632,-5.57664429368126
mh8254,143.4325,5.8714557,800,-88.94265886768979,-6.22760846841156
mh8255,475.01193,28.75561,800,-81.62185956013587,-2.053368735738127
mh8256,344.20572,12.8320055,1700,-81.78170356271886,-1.614198219316845
mh8257,268.04547,8.95973,1700,-81.90811163490102,-1.800606101912607
mh8258,208.36465,17.130552,1500,-83.48923970285847,-1.384536396395269
mh8259,92.6701,9.934018,700,-84.16030699698223,-5.62177295149454
mh8260,66.472496,5.3517084,1000,-84.4163145669895,-5.745978077182633
mh8261,111.30178,6.509135,800,-85.3433880289911,-6.08615988876766
mh8262,106.73073,6.8821316,900,-85.42977717865391,-6.328138131846352
mh8263,189.78148,12.260438,1200,-83.9337729736026,-5.381089704778028
mh8264,81.18574,5.875371,500,-86.59126910466448,-15.60148980482832
mh8265,68.53912,4.3195553,700,-87.2755462817489,-17.03765688857068
mh8266,88.0938,2.9117522,900,-86.97753694068608,-16.60567485169871
mh8267,117.82725,5.390262,900,-86.92172420054708,-15.93220387732859
mh8268,88.726875,5.0234604,800,-86.8483337733142,-15.82560413658141
mh8269,83.3977,5.4134626,1200,-88.06480892038634,-14.62992348154189
mh8270,117.46166,9.072316,800,-86.5639502468569,-23.00027195956756
mh8271,64.15756,3.82911,800,-87.53471238838367,-22.30548349278862
mh8272,77.17664,6.249741,700,-86.39964057704456,-22.79006174448257
mh8273,72.623146,4.1688437,1000,-85.38449387542096,-22.41684895628314
mh8274,85.65598,5.4939437,900,-85.20110808204245,-22.53089779403364
mh8275,88.01671,4.8849916,900,-87.34821512112586,-23.29375957317374
mh8276,88.18411,4.649745,900,-87.9956365723769,-22.8492984878245
mh8277,232.3979,8.30647,1200,-84.82448214446224,-23.12645514576531
mh8278,103.23833,5.628222,800,-85.08192854696506,-22.19137364459583
mh8279,53.433685,3.0488582,700,-85.2168188410733,-21.37905887781168
mh8280,79.22246,4.2589245,400,-87.6218533335964,-20.08324366959607
mh8281,102.03734,7.853477,600,-84.71487589928134,-22.14309212209806
mh8282,83.33707,5.387542,1100,-87.42712314281042,-21.4212632166941
mh8283,113.941574,6.324671,800,-86.49127962796145,-22.6028652369198
mh8284,71.35917,5.4765944,800,-83.73156660248257,-21.14797324970787
mh8285,129.66415,3.974057,900,-82.15234957427889,-20.10508068322121
mh8286,169.76167,7.9840755,1500,-81.3408675814714,-19.954163288635
mh8287,175.00127,5.229799,1400,-82.11159047928413,-20.38607749760856
mh8288,178.12013,9.21814,1100,-80.06241776968582,-19.07477493409985
mh8289,327.69946,18.659575,1000,-82.19246376353838,-22.15832115846437
mh8290,103.459854,3.7545176,1200,-75.02982407938984,-17.38092874682541
mh8291,131.18747,4.717986,1100,-76.3912450111662,-17.19874296545618
mh8292,253.42125,7.798031,1400,-77.93686169369172,-17.62660782237573
mh8293,149.54388,8.174177,1400,-78.20178118439073,-17.25396015178818
mh8294,96.51523,7.5434127,900,-78.36629305276,-17.47065441149476
mh8295,117.17716,4.615158,1100,-78.86499612525432,-14.41500079097886
mh8296,90.22142,9.775021,1200,-76.68544591957343,-15.72778142883341
mh8297,310.6693,6.9249167,1300,-76.77554405268867,-15.35217104421319
mh8298,270.4536,5.859017,900,-78.0547422211924,-16.24340478395056
mh8299,160.03645,4.4833064,700,-78.68705673297657,-18.3313223665526
mh8300,94.12573,6.481585,1700,-79.23690202239527,-18.17654532007845
mh8301,86.55618,9.003486,1500,-79.17657531606747,-17.68311860219382
mh8302,173.74617,3.8923106,800,-80.21101809228148,-17.76085796524021
mh8303,56.6309,3.1470177,900,-81.59142130862853,-29.87888659180049
mh8304,81.17868,4.1634603,800,-80.36467252991478,-30.14096946232066
mh8305,88.25452,4.7572155,800,-80.22896914254414,-29.77687855071403
mh8306,110.14332,4.5790057,800,-79.36716454896887,-29.92877542975901
mh8307,144.45903,6.0560603,800,-79.21771966125999,-28.54531324946624
mh8308,78.99134,5.479417,1000,-82.67654679896246,-28.46045535767567
mh8309,188.39027,9.80786,900,-82.55609773753488,-28.88631279501528
mh8310,62.899014,4.0060487,800,-83.172437084501,-28.04907681169551
mh8311,167.35951,12.743031,1500,-82.57179990930699,-27.71882631564151
mh8312,80.99191,4.8398805,600,-83.75558227586755,-28.65427424283727
mh8313,82.6573,6.4334245,800,-83.79775394590123,-28.44728802623057
mh8314,67.51549,5.016675,900,-83.97783369835642,-28.85701814113132
mh8315,123.47151,5.476233,900,-84.10056269928928,-29.09095147717925
mh8316,149.82892,6.361157,1000,-84.14184593680604,-29.17137248189942
mh8317,115.49729,7.789977,900,-84.43385348073186,-29.7528038127893
mh8318,188.157,11.885671,1200,-85.26519485725485,-29.77804550053493
mh8319,98.39961,7.415924,900,-85.8913967181133,-29.53299765239579
mh8320,166.52953,8.53993,900,-85.74795218945482,-29.85567726279432
mh8321,90.04985,7.017099,800,-86.68915491499408,-30.30348985729205
mh8322,92.5997,6.7057695,1000,-86.59486672622633,-30.25429863453282
mh8323,155.00409,11.447707,700,-86.44256387473537,-30.19845757735096
mh8324,111.65704,8.83412,1000,-86.3560976487397,-30.34197425684344
mh8325,112.69515,10.044221,700,-85.80772064262666,-29.46589930633453
mh8326,100.97244,7.178408,900,-85.95918343708355,-29.60414925758702
mh8327,101.907394,7.765859,1000,-84.47563531734296,-29.84829817765991
mh8328,143.91481,9.923839,1200,-84.68786753832316,-30.21541817091605
mh8329,152.45515,8.937435,1000,-77.79217838206729,-28.68446307704579
mh8330,115.120125,6.6102495,1000,-77.64533717135943,-28.36643688427733
mh8331,142.59528,8.401962,1000,-79.58661352584662,-29.13532329708445
mh8332,87.65148,9.469951,1000,-79.98337823535677,-29.10217557782571
mh8333,90.73523,5.2711816,700,-82.04209404721811,-28.43435488119402
mh8334,147.3969,9.395299,1000,-79.63939887544268,-28.82672990767315
mh8335,216.04695,10.394814,1400,-82.34538256500933,-26.19405168710369
mh8336,185.92043,14.13643,1000,-82.43376695934188,-26.92394385409352
mh8337,216.41852,10.057844,700,-82.42670517947721,-26.28952333760021
mh8338,145.13281,11.12981,800,-82.7562203050011,-26.71310459676906
mh8339,183.96057,8.894239,900,-82.23217802987041,-26.28175259311708
mh8340,84.63,5.0489306,700,-85.57077215024009,-28.66645436686264
mh8341,99.00156,5.198887,900,-83.46149845915494,-30.32838591508215
mh8342,93.04944,4.871136,700,-83.22540242113033,-27.38811419325013
mh8343,440.24387,11.395549,1000,-76.97800548967373,-28.19984016544538
mh8344,137.56888,10.566818,1000,-77.28495586820793,-27.02286621690537
mh8345,175.48413,10.347087,1000,-77.05760722171303,-27.14302160556933
mh8346,172.0929,12.146657,1100,-77.47045736669925,-26.85294988953919
mh8347,234.57729,13.494646,1200,-76.7998657173601,-26.79931438423416
mh8348,119.1028,8.815878,1000,-76.55344140190302,-27.15957419868614
mh8349,207.19226,15.376204,900,-77.15634537400916,-25.95616687642783
mh8350,207.82877,7.996539,1100,-77.38580863792953,-25.50599560969549
mh8351,175.2903,4.2065306,1000,-76.85049187324117,-25.16343661491343
mh8352,281.1438,14.613734,1300,-76.1956209896059,-25.86429828911688
mh8353,202.98354,13.320186,1100,-76.78004634132617,-26.06822235799569
mh8354,339.3659,6.0878143,1000,-75.90225166118434,-25.38049842003662
mh8355,174.10904,11.15916,800,-78.52600023377475,-27.90782644766839
mh8356,165.58752,12.197838,1000,-78.72251574536737,-27.95271531230413
mh8357,217.5044,15.520683,1200,-78.6368905472344,-27.6917598252974
mh8358,120.665215,6.3930464,900,-73.23452516154904,-28.4282269772465
mh8359,101.210976,6.573089,900,-73.39035887324717,-28.33254446937606
mh8360,116.279854,3.8075135,900,-73.81788021706002,-30.87351611294329
mh8361,159.03654,7.7902436,900,-74.59545657700163,-30.09275963168601
mh8362,61.369904,6.2737894,1200,-87.3312303769579,-30.13326216070119
mh8363,89.8524,6.305445,1100,-89.70457945835336,-28.14805849030368
mh8364,154.59724,13.550089,700,-89.55907106283503,-28.24100171739453
mh8365,124.17571,7.97822,900,-88.71913417134724,-28.8519209747071
mh8366,197.94102,12.478596,1500,-88.18109860128915,-28.82798719415352
mh8367,230.76564,14.04544,1100,-87.02275059006153,-27.11574178472013
mh8368,206.00412,8.414048,900,-88.03542410649992,-26.87441299476804
mh8369,165.46101,6.519889,800,-87.58531900112484,-26.12807368571819
mh8370,547.5641,21.089497,1200,-86.45047002650786,-26.00489411380522
mh8371,542.0914,31.045094,1100,-87.21031399573342,-24.50498741417431
mh8372,200.28926,12.666235,1600,-87.30689012252026,-24.33551991632359
mh8373,174.69687,9.49834,1300,-84.12219263551596,-24.67798951367598
mh8374,291.53467,22.250937,1400,-82.62022856972283,-26.89963267897044
mh8375,111.91585,7.9371743,1000,-80.83300336706421,-25.5089293785045
mh8376,127.6444,7.8488383,800,-80.71567631235038,-25.6396779407006
mh8377,97.47842,5.7232723,800,-81.38863837894945,-24.27622184365403
mh8378,117.16847,5.9793477,400,-80.96343976870186,-24.29331978834085
mh8379,236.76337,6.3493676,1100,-80.1094786253211,-24.50814323988218
mh8380,145.21843,7.3773403,1100,-80.6527829864893,-24.07229688519264
mh8381,106.96438,4.7450614,800,-81.23638367957787,-23.54792008150685
mh8382,138.98615,6.665785,1000,-78.5340157011436,-22.86438750863287
mh8383,87.82848,3.9182503,800,-77.36000526137751,-23.00567711437128
mh8384,282.1477,10.735678,1000,-72.78814786112734,-22.3305235818654
mh8385,224.10878,8.693785,1300,-72.77924906979092,-22.86367198508397
mh8386,274.82703,11.477625,1100,-72.48634644046048,-22.7898348556483
mh8387,131.1862,5.3056846,900,-72.46857310406463,-23.14575236002105
mh8388,283.13696,12.053952,900,-72.65542299123243,-22.59970433137399
mh8389,543.24817,10.245626,1300,-73.19059296543786,-22.61401383750883
mh8390,253.62685,10.2645855,1300,-72.78528737594853,-23.00347467646437
mh8391,185.73456,5.539466,900,-74.24617531972855,-23.34876101021242
mh8392,246.75987,10.90211,800,-74.90355421080938,-22.26370115481358
mh8393,118.4491,6.168217,800,-75.08936187853516,-22.45371103978597
mh8394,146.67822,5.0682435,900,-75.19023899531571,-22.34620129080047
mh8395,161.03983,5.925383,1000,-75.03388261114875,-22.16940556601512
mh8396,205.29051,8.018528,1000,-74.84098960339311,-22.11711610922862
mh8397,123.60851,3.9281185,1000,-75.81749991107397,-21.78423421506838
mh8398,135.88051,5.3898435,1100,-76.26217771960937,-21.79884837965738
mh8399,142.15767,5.835804,1200,-76.70333288807171,-21.92356175017479
mh8400,197.3798,8.116257,900,-75.51048792447902,-21.79208573517034
mh8401,292.50693,9.372585,1300,-72.67000584307091,-23.48627066925184
mh8402,187.40195,7.4320087,1100,-73.33856057240634,-22.03307988392275
mh8403,259.0326,11.449638,1200,-71.93832787363968,-21.42738842075373
mh8404,256.41776,14.572759,1200,-72.07515287295935,-21.46098965821806
mh8405,183.10146,10.5523405,1300,-72.43818397393095,-20.13432069428781
mh8406,132.6395,3.967782,1000,-72.691601777644,-19.90835112093989
mh8407,144.9513,10.175071,1100,-73.44234066990563,-18.81722744179282
mh8408,160.62357,7.876677,900,-76.74751729603884,-15.93216110338645
mh8409,136.93382,12.322076,700,-76.99662777558935,-16.44346461786195
mh8410,302.41745,6.884194,1000,-77.77463432601849,-15.96632474189047
mh8411,357.5862,8.643695,1400,-77.5309814353492,-15.90859832754627
mh8412,90.41073,6.883106,1500,-77.28083143636867,-16.00992653868122
mh8413,136.19052,5.2441363,800,-77.6666410593276,-16.1424478766108
mh8414,142.676,11.8157425,800,-77.42725696185155,-15.73680248509582
mh8415,310.39404,11.142865,2000,-77.50999585129043,-15.5561167323909
mh8416,203.86075,7.290771,1000,-77.64132228607495,-15.56773992907442
mh8417,99.709915,6.1468396,800,-77.9932400919067,-15.06297855359086
mh8418,123.6762,3.5508938,900,-77.0101663302218,-17.82483204528025
mh8419,71.92112,6.0376496,1200,-77.6043731445397,-16.66807643622725
mh8420,75.94271,3.7463903,700,-79.91174225771888,-16.13183653451598
mh8421,235.14485,4.013376,1200,-79.38563431435236,-17.43299216078782
mh8422,128.263,10.042718,1100,-79.2941440675717,-18.70841988739181
mh8423,236.62617,11.311526,900,-81.22170465872532,-20.78217119987164
mh8424,376.8061,12.301798,800,-81.08253449643922,-20.54360251868621
mh8425,264.76443,7.9098463,1400,-82.06944315755075,-20.60692976391985
mh8426,182.43509,13.245583,700,-81.95043247687757,-21.259977989867
mh8427,96.57314,4.3359985,900,-82.74103222529305,-20.41905919945763
mh8428,269.479,9.967327,1200,-83.17294395074019,-21.73712345947153
mh8429,313.98145,12.3826065,1000,-83.09373866613518,-21.45091818865342
mh8430,255.78758,8.829626,1700,-82.76468228043149,-20.86162382616041
mh8431,47.964066,2.9726505,700,-84.69842908314475,-20.1261560225845
mh8432,81.61141,4.6249933,700,-87.37008411144141,-22.3875733048171
mh8433,71.83045,3.8727384,600,-87.77112573389829,-21.45005508733394
mh8434,134.6824,6.850716,1000,-88.28544439335178,-20.57426980751629
mh8435,178.63664,9.035895,1100,-88.40888997753167,-19.89719691841114
mh8436,167.21997,7.4953556,700,-88.61086541062102,-19.78092990747761
mh8437,158.33415,7.9874816,600,-88.38574343954242,-19.76516135175927
mh8438,113.78448,5.032183,1000,-87.93018558667157,-19.87239844310566
mh8439,70.10714,3.0247765,400,-89.66050863474995,-18.00400287234837
mh8440,68.01319,5.3173513,1000,-87.60885823035906,-21.1609064472954
mh8441,34.866074,2.507629,800,-87.18894757522598,-11.80963888399018
mh8442,92.064354,5.610915,900,-87.51071092060867,-13.18177296521243
mh8443,80.045555,7.209745,900,-87.63794081674776,-13.14672040141982
mh8444,64.17313,4.9492626,800,-87.73085021924089,-13.08889637829589
mh8445,43.265423,3.607515,700,-87.02771453662996,-12.07194681639544
mh8446,41.021976,3.2213664,900,-85.6263175463975,-11.81361145308972
mh8447,55.122604,5.187329,600,-87.84372029028313,-13.03576140124651
mh8448,116.15751,6.189946,1200,-88.42006364953608,-13.82045297873031
mh8449,150.88966,6.4608574,800,-89.58437857435084,-14.93517230402176
mh8450,109.33161,7.4374366,900,-89.92402935317371,-14.74081354832417
mh8451,70.74275,4.567155,1000,-88.7618784751237,-13.14553030680728
mh8452,133.6595,5.818791,1000,-89.04475831095942,-12.75536352798864
mh8453,112.17972,6.5002975,900,-89.63618026277459,-13.06520693091313
mh8454,132.03845,9.641574,800,-88.73925525247675,-13.58236261496464
mh8455,130.14774,6.8840914,500,-89.28143321824108,-11.33243318351133
mh8456,103.68355,6.6983633,1000,-89.37088753363518,-11.90383058331804
mh8457,57.051502,4.297075,700,-89.67816293132985,-12.38745527853592
mh8458,63.055565,3.4936185,800,-89.53399626947905,-11.89532258342769
mh8459,89.97999,5.911238,900,-89.35452653687852,-11.16991721766388
mh8460,84.57661,4.6469116,900,-87.96830983298167,-11.6614949854283
mh8461,66.83645,6.2334824,1000,-87.58432746813544,-12.23363916117541
mh8462,100.790375,6.7695007,800,-87.7486638715648,-11.79665869469369
mh8463,72.33032,4.423497,1100,-83.67610742119878,-11.37329611968618
mh8464,158.24908,8.357062,1300,-84.8948887889302,-12.56507733933239
mh8465,98.5462,5.981332,700,-82.18345723178695,-10.5864636385286
mh8466,145.6477,8.313317,700,-82.33167845603413,-10.78039173112829
mh8467,84.2179,4.608808,1000,-82.92319204908837,-16.32966515827661
mh8468,110.62201,4.6632786,1200,-83.32975292997216,-16.33009547673557
mh8469,79.6407,7.3312798,900,-89.08779779011482,-29.37471754290126
mh8470,129.79771,7.672683,900,-76.20977211667588,-30.73997976343829
mh8471,101.62886,4.5200796,700,-74.04425372748364,-29.39610309501164
mh8472,91.3207,4.3593473,900,-74.02941431909524,-29.06401188215223
mh8473,233.17323,9.027826,700,-75.07713292909082,-28.04328745742676
mh8474,175.00996,11.087749,900,-78.27511702549796,-25.97530790607826
mh8475,179.71565,9.741193,1000,-78.96779871656936,-27.69108541339671
mh8476,206.99281,7.7591777,1200,-73.78328139736769,-24.35515703975369
mh8477,235.9066,11.103033,1000,-74.00828150913375,-24.36455079709584
mh8478,367.71918,23.723251,1600,-89.88623234038748,-0.5150031949946838
mh8479,199.60127,7.5114813,1200,-86.79013985834347,-1.234170846924919
mh8480,110.40284,9.455675,500,-87.94884628300697,-1.183092665407859
mh8481,131.83829,15.948188,700,-88.35112823419534,-1.156942968910972
mh8482,257.53604,13.88756,800,-88.63085649981909,-0.4384943171139675
mh8483,154.31429,12.221869,1100,-88.32619698926523,-0.325745161401282
mh8484,133.93785,8.848813,900,-82.99153045533359,-27.17538888114404
mh8485,110.73875,7.0888443,700,-83.04794063240656,-27.2570506624126
mh8486,82.36556,6.3665276,700,-82.59854566221091,-28.52669099795375
mh8487,125.04514,8.750943,1000,-76.3507365141139,-28.46036374339512
mh8488,175.07837,6.903908,1200,-77.58619872570992,-27.85255832584586
mh8489,281.3342,13.248293,900,-76.56502537917886,-26.13464825383558
mh8490,291.1137,14.230979,900,-75.58054338844502,-26.17926131942075
mh8491,222.05826,10.973791,800,-75.45206466339667,-26.3805048226995
mh8492,143.62126,6.3018904,700,-77.13203521768652,-26.39902033715406
mh8493,316.27158,10.821656,1100,-76.73997850395483,-25.88183419899113
mh8494,119.16252,7.665477,700,-77.1375881319137,-26.71366215237726
mh8495,91.4416,5.9353237,1400,-78.2256382474606,-27.47674602842268
mh8496,238.79994,15.067396,1500,-78.83882430495954,-27.76004027094088
mh8497,99.416725,7.614282,700,-87.56352815980436,-28.50389664354264
mh8498,212.1175,17.14105,900,-87.23406568366315,-27.54969249004962
mh8499,219.97787,16.469877,900,-87.70803382613391,-27.25450021657201
mh8500,402.42636,12.062275,1100,-74.74054715622806,-23.84859648706446
mh8501,141.87262,10.213929,900,-74.33305604875818,-24.61265834534799
mh8502,150.90468,13.608963,1200,-74.42694067575671,-24.71045022609658
mh8503,171.34111,11.819159,900,-74.56004314567753,-24.80433121153627
mh8504,352.45737,17.28504,1100,-84.21802085251636,-23.7169742319609
mh8505,137.3307,7.514487,1300,-84.00537422732168,-23.85908996689395
mh8506,96.156166,5.2615223,1200,-88.85957651027944,-22.94956140483234
mh8507,96.35235,4.7186007,700,-87.84530047805805,-11.68247222518097
mh8508,87.25152,6.6177,700,-87.64849920967916,-11.74605581141475
mh8509,48.427376,3.6005964,900,-86.88777202215067,-10.61009422878987
mh8510,88.794205,3.5061316,800,-88.84226937703525,-7.585972713479709
mh8511,53.088734,5.3585205,500,-86.61155995589314,-8.096569045173755
mh8512,70.79397,4.6314573,600,-87.04069631266648,-4.836499612118085
mh8513,74.97609,4.3732195,700,-87.12003096288842,-4.817001606660771
mh8514,51.134857,4.085864,500,-85.64985365684254,-8.67735359818364
mh8515,62.61994,4.4306674,600,-86.60624767535532,-7.966628527136363
mh8516,73.193054,5.5978117,400,-85.60946221612629,-1.028060540010791
mh8517,36.31284,3.2437272,600,-84.18509718061355,-3.572541091896654
mh8518,79.639435,4.2255726,800,-88.7509913946705,-7.207809369086523
mh8519,68.926056,5.14389,1000,-89.18613709721642,-6.345079254348492
mh8520,36.65526,3.0973928,400,-85.28866966688338,-7.200597262694557
mh8521,96.60771,6.892818,1200,-83.5999411864105,-5.0846429145926
mh8522,295.88058,13.677063,600,-82.68680030206653,-4.409143577152458
mh8523,62.744095,3.4391677,700,-87.54836099192926,-8.015047952200865
mh8524,79.2087,5.9512625,700,-89.84914807082686,-10.63920463003067
mh8525,90.58519,4.7195354,800,-88.10185848215261,-12.59374923660747
mh8526,128.7616,7.60568,900,-88.66773134109684,-12.56977493466766
mh8527,120.887276,7.754884,800,-84.26266379415772,-12.01135446645497
mh8528,117.91231,5.85417,800,-84.49965453563675,-12.05875379700512
mh8529,52.994987,4.5020943,400,-87.20174973704283,-16.83821505636708
mh8530,83.45452,6.8155107,800,-88.27275752863974,-20.10151614644485
mh8531,90.53995,3.0160847,400,-74.35881094488883,-21.34331046514537
mh8532,83.95114,4.3349032,700,-79.90660458795676,-23.13504159468297
mh8533,60.450336,3.7817402,900,-79.7979854324872,-23.05273859958586
mh8534,163.3439,10.482913,900,-73.42352461590971,-23.25913447920745
mh8535,85.424324,3.3061972,900,-73.70050043136676,-19.50466415618494
mh8536,185.26093,4.0715747,800,-72.66335673402016,-20.34016583682548
mh8537,288.42398,8.959819,1100,-77.8803424636953,-17.88360984008737
mh8538,177.66948,6.560948,800,-77.90898680215774,-15.15890391089409
mh8539,263.12717,23.322832,1300,-89.97261128799916,-1.419575161843824
mh8540,455.77496,18.511356,2500,-89.4056623290173,-1.25908099793535
mh8541,70.23383,6.4225607,400,-81.84658371773901,-0.8528353634058442
mh8542,72.02048,3.5818346,600,-85.11774393719688,-12.00839246012507
mh8543,81.964325,5.6194015,800,-88.06465948225755,-10.09360224772263
mh8544,63.936764,3.91905,700,-88.27610080299115,-12.51244088411861
mh8545,92.93976,5.857848,1000,-88.97953984723719,-13.67700765853757
mh8546,168.7918,7.9723306,1000,-89.74190267157991,-13.01684836646975
mh8547,101.227264,4.738882,1000,-89.76718628888356,-14.23415972332018
mh8548,87.46941,5.6938863,800,-89.0340480588465,-18.88120991544514
mh8549,46.363102,2.9292836,700,-86.55044004770095,-20.51716019752897
mh8550,130.86623,8.829842,1400,-89.66086619836251,-19.08166224486709
mh8551,65.18481,5.1580276,700,-87.94453372452564,-23.00409616835173
mh8552,48.273903,2.6341403,700,-79.55948521182006,-22.82788224860906
mh8553,119.13574,6.9656606,1100,-78.43646943284872,-22.81578813254002
mh8554,94.46978,4.5166025,900,-87.67197319232174,-57.40079329125789
mh8555,47.543823,6.0561185,1000,-84.5094376564781,-60.15364062579505
mh8556,66.59321,5.6470366,900,-76.8859932022934,-55.06922566289781
mh8557,26.792673,3.837618,800,-76.31445767859154,-55.27326234427768
mh8558,52.690937,4.2790933,800,-76.67919236518848,-55.08540367378546
mh8559,92.95424,6.9060993,1200,-76.75425560304735,-56.29425279906874
mh8560,119.84302,6.9234548,1200,-76.77504947248114,-56.11590781527258
mh8561,68.956825,4.172835,900,-78.9913532692563,-54.32187791130409
mh8562,112.11728,3.6134589,1000,-78.9102389382648,-55.4523618106648
mh8563,74.46391,5.6307034,1600,-76.21214987405463,-54.80915467950066
mh8564,100.95905,9.244001,1000,-84.24692075730798,-52.76414560394397
mh8565,202.97757,8.416313,1400,-77.52615486279359,-55.84757633192538
mh8566,77.44576,6.669811,1100,-77.27900045326751,-54.70512590845281
mh8567,180.52573,6.671853,1000,-80.15797219616732,-54.18819299462137
mh8568,28.898573,3.4807978,600,-78.17643803162348,-53.0008693696707
mh8569,33.4946,4.0845733,900,-81.40385564659891,-52.08959086990479
mh8570,31.83174,4.178808,600,-81.61286446366529,-52.09139367039218
mh8571,32.93645,4.530307,800,-81.29779200382953,-50.83238348187442
mh8572,32.924686,5.941919,800,-79.22554510139925,-51.51992736562023
mh8573,106.535446,12.470947,1100,-82.32272106974011,-47.75953929351321
mh8574,130.43658,9.846654,1300,-86.28120009451526,-51.31737393438777
mh8575,69.00316,9.142052,1000,-82.46370024268133,-47.91674368453664
mh8576,95.56273,4.0358496,900,-82.45934982474634,-48.09463729296552
mh8577,106.66467,5.4307795,900,-83.0590864543508,-48.33571467654574
mh8578,93.71961,7.2699842,1000,-83.23037128163335,-48.29579344839127
mh8579,27.63297,4.264864,400,-83.30449300334871,-50.19287055161801
mh8580,36.74647,3.555858,1000,-87.19219639383694,-51.55652227818272
mh8581,18.393145,3.347939,800,-88.97394204768398,-52.15133750356709
mh8582,27.3101,3.9384606,700,-80.90096924824353,-50.27048637970974
mh8583,25.990927,4.8550367,500,-78.14557446642631,-52.18860454830307
mh8584,95.54771,7.7620544,800,-79.60138731167469,-54.31518691678045
mh8585,28.06045,3.5106196,800,-87.07519665366411,-45.08820695457858
mh8586,131.98814,4.7247996,500,-87.89807494582217,-43.89521700552217
mh8587,71.76964,4.0366035,800,-89.37828290578253,-45.08907936828482
mh8588,49.84645,3.4511302,900,-86.72674610703727,-44.38803884483727
mh8589,26.596489,3.0487702,900,-86.7645583792398,-44.65759547606933
mh8590,126.48033,7.1874037,700,-82.16986665773766,-43.40831946433851
mh8591,87.969284,6.8988733,800,-81.56059325998932,-46.95539380286446
mh8592,154.34875,10.598924,600,-83.58840468500561,-45.89003848289885
mh8593,27.4833,2.7865996,900,-80.04477799864397,-49.28971940009747
mh8594,114.7464,8.084484,1000,-76.87538147491061,-44.73556818259748
mh8595,261.51184,7.6045303,800,-79.21460152291792,-45.34500113858699
mh8596,141.54813,13.013595,600,-78.77941585581706,-42.39098448669565
mh8597,56.75216,4.576127,1100,-80.77379689124372,-41.90238054443477
mh8598,72.37647,6.391778,1000,-78.99009458468986,-42.11382645405027
mh8599,19.223125,2.8716383,800,-76.54278026483811,-41.35528140667416
mh8600,79.75707,3.7263196,700,-76.82814166114775,-38.39322150172264
mh8601,63.22659,3.6179109,800,-76.13619620385592,-36.74418038413697
mh8602,142.53157,2.8633852,500,-78.76294124239037,-37.72315572097231
mh8603,27.796759,3.2904902,600,-77.85050402555119,-36.6161287117579
mh8604,47.05662,3.5390604,800,-78.29453282193023,-38.25032675494177
mh8605,130.38156,7.5417504,700,-82.8159548809436,-37.47112041236914
mh8606,110.07816,7.9817533,800,-81.90471801472482,-38.7565112264022
mh8607,159.92805,7.5053115,1100,-81.44199834038844,-38.90221731965777
mh8608,176.96655,11.153402,1000,-81.73916901198153,-38.86126379089261
mh8609,71.34487,5.5443964,900,-80.50940173706432,-38.85427555831345
mh8610,134.23773,7.455273,900,-83.35223369422101,-36.95546807012191
mh8611,109.85284,7.501628,800,-82.6555925385866,-38.84814941687762
mh8612,171.92441,11.294625,1400,-80.13151423365754,-39.41085783743756
mh8613,83.139435,4.7265635,900,-78.38888379066665,-39.23949325721765
mh8614,122.82197,11.34575,1000,-78.99943837262114,-41.2672087348304
mh8615,84.389656,3.7460132,800,-80.81223473878998,-39.04828470278088
mh8616,107.022835,7.694413,1100,-80.12103991140533,-32.30574635689938
mh8617,75.88606,8.072306,700,-79.87929533403779,-32.25162304997546
mh8618,43.26669,2.9502635,700,-80.29489299655236,-32.71560610218036
mh8619,205.0393,3.6374743,1000,-80.49251132182205,-32.88809659480603
mh8620,154.78691,4.4339814,500,-80.57050074292206,-33.02979294563328
mh8621,108.14546,7.9710107,900,-80.28427809373727,-34.27744607655757
mh8622,127.55644,5.7590675,900,-81.56204182878294,-34.6115363601611
mh8623,56.26677,7.3228846,800,-81.71517821439991,-34.85162965829755
mh8624,99.84457,7.8360524,1100,-81.46117840024037,-34.79678775993766
mh8625,85.31899,8.111491,600,-81.60858854290628,-34.73571767425898
mh8626,43.18308,4.0231314,700,-79.47850054348059,-35.51521798751159
mh8627,304.74832,7.318941,800,-89.24953401130415,-31.13120284453471
mh8628,193.17995,9.715622,800,-88.10529530803488,-32.2632049507781
mh8629,243.8868,9.122258,800,-88.37440375624256,-32.43356018750645
mh8630,313.879,18.636135,1100,-88.89014867857338,-32.09707569156437
mh8631,93.65319,6.282567,900,-88.83301257576886,-32.89821593754471
mh8632,107.94801,8.897027,900,-84.57503465783134,-32.77356348396492
mh8633,63.481052,5.895458,900,-85.5691710798954,-33.35661531227244
mh8634,61.630516,4.361256,800,-85.87814115826141,-33.88302421815938
mh8635,48.38756,5.951024,800,-83.85469682950686,-31.85366885146749
mh8636,84.20089,6.211456,800,-87.78258452241944,-34.33708542384567
mh8637,133.53789,7.8507714,1100,-86.81748920540161,-33.18673384725912
mh8638,115.502174,8.533033,1000,-88.70473174694777,-33.4673814223911
mh8639,72.34462,5.366129,1000,-88.48047156747538,-34.23519008352655
mh8640,183.80203,12.052223,1100,-89.31791864283637,-34.12567171785178
mh8641,57.86773,4.497677,700,-83.70566946153119,-32.88300044575551
mh8642,139.06143,11.756957,600,-89.91663941945404,-31.50204957559729
mh8643,145.79738,7.843245,600,-86.84507161399016,-30.63108893513814
mh8644,89.20684,6.2913094,1000,-86.70350163776115,-30.75452241609154
mh8645,112.31093,7.8809032,700,-88.43346319242524,-33.49941323868638
mh8646,164.76334,9.762233,700,-88.86383962873198,-33.71871605238002
mh8647,134.7575,11.389997,900,-88.93479950834526,-34.37466484626416
mh8648,228.96632,10.472935,800,-83.39935420497389,-36.664208574653
mh8649,130.94098,6.8993745,800,-84.08046589496954,-36.78598433155477
mh8650,114.112236,5.0394673,800,-85.37310848064759,-36.94994571838958
mh8651,84.455894,4.147689,700,-81.09049379091289,-39.42439480714153
mh8652,125.491806,14.074777,900,-79.5358785386346,-39.18656622805209
mh8653,116.06358,7.108828,900,-64.09334177474821,-59.54292377619075
mh8654,60.771217,3.1746626,600,-62.71761360431299,-59.34579052641605
mh8655,61.341488,3.163735,900,-67.33150076032602,-58.27063777622743
mh8656,57.318813,2.7148857,600,-67.64555156035982,-58.25400296375706
mh8657,125.284225,6.1217256,800,-66.55319626846054,-61.85876560417805
mh8658,147.58493,7.5652194,800,-60.85333849982766,-60.22296519953042
mh8659,132.31137,10.894466,800,-70.60772186842932,-58.58284676572887
mh8660,141.27466,9.224684,1200,-70.40709418937094,-58.26901803055424
mh8661,263.94986,10.220019,1000,-87.9460006098097,-55.83203695119118
mh8662,45.38725,3.956873,900,-89.78117509429107,-51.21240455673185
mh8663,34.49995,5.907342,800,-77.8702163317578,-52.15613934092912
mh8664,50.491287,4.533598,500,-81.17155309120292,-50.93010458399117
mh8665,104.54501,8.665741,900,-84.52175181541806,-51.59513280066853
mh8666,61.305653,7.396244,900,-84.84117470128707,-50.58715974324705
mh8667,47.306377,7.9725704,900,-85.22572776263263,-51.08715783355247
mh8668,89.62762,3.9918652,900,-89.2192842365488,-44.03556507242734
mh8669,75.72246,6.9624734,400,-89.01677779947963,-45.44556510850591
mh8670,103.62255,6.3058896,800,-89.32908967872635,-43.4331191892571
mh8671,144.467,9.073083,900,-88.09300485543716,-43.49268565520597
mh8672,223.65126,18.111322,700,-84.04624714014633,-44.75074558378526
mh8673,175.04724,13.718258,700,-83.90977144535574,-44.77330216039283
mh8674,320.34927,17.418032,900,-79.69099654830354,-45.93665892473487
mh8675,43.379803,2.8633163,700,-77.07687313651644,-41.4552504760436
mh8676,117.043236,4.475536,1100,-74.11789141276397,-33.32376763387704
mh8677,101.12664,8.031671,900,-73.42621087293087,-32.13573157484013
mh8678,204.65128,7.1977954,700,-73.1314277474289,-32.02117097311501
mh8679,90.39733,6.4910626,900,-73.23297647056462,-31.9472972135664
mh8680,100.27747,6.6864867,1000,-75.26890999283906,-33.37087863918904
mh8681,117.070015,3.6517324,900,-76.25667810250525,-33.68280673823028
mh8682,82.88081,2.7284036,900,-76.5573923132687,-32.99282084216141
mh8683,67.59114,4.3335185,900,-77.86266422183216,-31.21357558495776
mh8684,167.05782,6.8403406,700,-77.15839441762766,-33.84984024734
mh8685,85.337814,4.1558633,700,-73.97629147817219,-32.16225728360831
mh8686,175.10425,6.171106,800,-73.04011999016481,-30.88814164888831
mh8687,119.5196,8.053267,900,-77.91634968721661,-32.13613858352383
mh8688,99.45781,6.1964993,800,-77.7016747519997,-32.2238897237788
mh8689,85.4636,5.3439145,1000,-75.15562330241177,-35.04529228895071
mh8690,47.396145,3.2646408,800,-82.15282171993188,-32.73666388229144
mh8691,84.86527,5.669572,800,-83.441456476564,-34.66007017294303
mh8692,149.00871,5.8214583,1000,-83.90136133489005,-33.93138908216736
mh8693,103.44048,7.2392826,900,-80.02881252317465,-34.44937528316786
mh8694,64.862305,5.1940513,600,-82.39338369142224,-38.42557279119494
mh8695,95.25795,4.4377966,800,-86.53944945864568,-36.82465370685875
mh8696,88.86388,5.73197,900,-86.25119869102409,-37.02235450956772
mh8697,88.60634,5.305319,1300,-86.40562371391829,-37.04323977143768
mh8698,79.377914,5.545623,900,-86.56419772264856,-37.0393901514564
mh8699,128.6807,8.028353,800,-89.09887659162234,-37.7450709860242
mh8700,95.263565,7.969525,600,-89.24871376949051,-38.28159984975039
mh8701,69.5385,3.9767544,900,-87.39553494227994,-40.50728789957002
mh8702,79.615906,3.6882439,800,-89.294702062042,-40.24066746906159
mh8703,186.06032,7.089919,1000,-89.69605813529212,-40.66116879934186
mh8704,109.39297,5.8660026,1000,-88.42231645582852,-47.34289407813639
mh8705,99.419624,4.1661396,800,-88.96825527674204,-40.39452361135552
mh8706,106.60259,4.937252,1000,-86.13714910096128,-39.11463968477572
mh8707,139.02632,9.926199,1100,-79.98427893789702,-39.66679095199186
mh8708,31.18998,2.8843925,600,-81.22743077295674,-32.99972931941563
mh8709,60.368893,4.3493195,500,-83.53509844676448,-33.28228644019578
mh8710,53.404003,4.489972,600,-83.7784669107846,-33.4788492189838
mh8711,116.99853,8.058229,500,-88.13767608976927,-33.02417613132523
mh8712,114.91308,9.713008,1300,-87.35732442410004,-31.64215524136398
mh8713,98.15872,5.5874043,700,-86.03113185088009,-33.18683934197153
mh8714,91.23075,6.336784,1600,-84.72258016606654,-35.40589045859374
mh8715,69.8487,3.1410968,700,-83.81528396645761,-37.32339873872746
mh8716,41.160973,3.3239625,600,-81.53250492695346,-37.21054552567649
mh8717,41.16948,3.1769977,500,-78.65484448736007,-36.90923562388934
mh8718,51.340816,3.5678215,600,-89.13244957295335,-38.3856680391572
mh8719,86.08871,7.182794,600,-88.35389369080784,-38.20076479786317
mh8720,104.60782,6.0467343,800,-88.73046917485365,-36.3823782939206
mh8721,217.47743,8.579857,1400,-87.85671864131623,-58.16404339444438
mh8722,231.16724,14.441196,1000,-84.20106816469293,-56.99229762264614
mh8723,66.5733,5.491845,700,-79.44114632106312,-54.21572153059423
mh8724,29.960936,5.625171,700,-77.95388545248201,-51.51754717802883
mh8725,194.44429,9.415709,1100,-80.09974998725923,-55.93384753792126
mh8726,103.250275,8.392747,800,-69.46476705117061,-58.72626185351622
mh8727,26.673588,3.1738899,700,-78.6655098011573,-51.97693027468031
mh8728,50.297276,3.4041164,600,-77.60127042564085,-47.99215920806322
mh8729,344.86142,13.21134,1000,-84.00520043969703,-46.28292884543774
mh8730,167.66862,9.844698,800,-82.03230020207353,-45.23448877273452
mh8731,108.42164,6.0982504,1000,-83.34591762866631,-34.14034754138758
mh8732,66.30545,6.0909667,600,-77.8669279345798,-34.09139177904915
mh8733,78.13277,3.8923643,800,-81.35987677781672,-33.94698506075591
mh8734,215.85313,6.2330136,900,-81.44270631665734,-35.16008359325565
mh8735,98.46712,5.2985277,500,-77.13530423757894,-47.58331397879859
mh8736,129.81491,14.107376,900,-76.93366045578767,-45.51946744632669
mh8737,82.00884,8.677845,800,-76.47510879900766,-45.40902939539327
mh8738,68.275246,4.6157227,700,-85.70343277630296,-46.06623393885845
mh8739,264.76968,12.918684,1300,-89.71541374839468,-48.9854718190691
mh8740,54.262035,3.1914873,700,-88.77089818183148,-44.17106916195186
mh8741,107.217384,11.100407,900,-81.93505663055437,-47.93475216144446
mh8742,158.63603,4.986221,600,-80.0847982906937,-46.34831712990681
mh8743,187.55577,15.732899,800,-78.44976952056716,-42.35771592333344
mh8744,109.6753,14.292384,800,-78.08125512074207,-42.27791745628756
mh8745,49.594524,5.0229955,700,-79.50681409681621,-41.05833820837368
mh8746,64.84692,5.5170608,400,-81.24274547335939,-38.05954895022692
mh8747,58.146805,3.9541278,800,-79.16623405723189,-38.13098593944483
mh8748,295.96817,9.365029,800,-82.0076814509511,-37.68950828486206
mh8749,77.63597,4.2242017,600,-88.07373414942359,-34.01528520333559
mh8750,237.52747,10.417217,800,-87.87029853684153,-37.81563522283307
mh8751,233.03859,13.157107,400,-89.0125202781573,-38.0868898415628
mh8752,191.83345,8.8044405,600,-84.07532780276829,-40.02617637808945
mh8753,116.02105,6.316188,700,-76.29552266304873,-33.22923332282929
mh8754,84.08072,4.8184886,700,-75.90020709566164,-33.14970344459778
mh8755,154.82402,7.314885,800,-68.11051004835628,-58.63786486827814
mh8756,170.06374,9.188499,900,-69.76311758356292,-59.44018214139261
mh8757,227.47739,12.57331,1100,-61.64077054407618,-59.24781943002452
mh8758,39.131084,3.8739123,700,-79.18730393101721,-51.07528598321021
mh8759,17.178759,5.4271784,600,-76.62718650738792,-42.92075049879074
mh8760,72.139206,2.9636967,700,-76.26255113841405,-42.3777389857829
mh8761,63.799217,3.4837012,800,-80.56173627978973,-64.84588864350661
mh8762,43.43247,4.175468,700,-72.42226976248256,-64.28067337889294
mh8763,33.47324,3.0145135,600,-72.35068897399586,-64.98868778634494
mh8764,75.42257,4.748601,900,-71.28669581993152,-64.3907917063834
mh8765,67.89627,4.786991,1000,-71.13780550033326,-64.12605966349692
mh8766,36.25384,6.412157,1300,-75.24585605245143,-65.10423130062489
mh8767,100.21757,4.1896286,700,-70.83901399079595,-64.15683735866371
mh8768,68.19037,8.4552,800,-67.80487002801065,-62.71309444477829
mh8769,41.84309,4.8290534,1000,-71.5885549233179,-62.63379714234855
mh8770,94.60877,5.471987,700,-66.1635691916865,-62.3680981879144
mh8771,109.90605,5.369636,400,-60.21791637343714,-60.74005783518435
mh8772,174.72112,10.592737,900,-65.22283996992266,-58.58342333596746
mh8773,121.39366,6.534026,800,-62.75500591502282,-60.44035184155599
mh8774,289.1164,10.789112,800,-63.62017095298567,-61.99445288611492
mh8775,105.24035,11.507036,1700,-74.83463422930426,-61.18662070153789
mh8776,138.09245,12.116927,1300,-85.77267079842902,-60.49198149798094
mh8777,60.297226,8.582944,1400,-84.44381907246299,-67.57324976036858
mh8778,100.39457,4.248664,1200,-88.14774053010959,-68.0487443566889
mh8779,38.07343,5.976878,800,-70.8722901131356,-61.43181816660595
mh8780,89.071465,7.7649198,1100,-73.11163214333206,-62.24776217952063
mh8781,86.22626,12.809695,1200,-71.61786416416146,-61.16988985489284
mh8782,62.063423,4.6308365,1200,-71.39907860703858,-64.1230146269897
mh8783,28.647734,3.4012997,900,-72.0984010476541,-63.86583766768491
mh8784,61.311443,4.4079633,800,-74.69159964651573,-65.29128151991614
mh8785,215.72354,20.660572,400,-44.78712329381996,-59.22361580855675
mh8787,100.76794,3.308463,800,-157.235105,26.698643
mh8788,64.09023,4.1862197,900,-157.041168,26.766223
mh8789,38.52914,4.557515,800,-156.41642,23.955955
mh8790,166.8247,4.699983,1500,-162.839644,14.9391
mh8791,97.47479,5.722594,1300,-167.140141,2.623128
mh8792,27.057087,4.4892826,400,-164.084745,1.125696
mh8793,52.852734,3.7123928,900,-148.374707,21.756787
mh8794,166.8323,5.855135,1100,-147.141345,21.22646
mh8795,98.55562,4.646551,700,-145.291441,28.664841
mh8796,110.82616,4.5818787,800,-145.202106,28.611139
mh8797,122.07886,5.946747,700,-145.089616,28.564528
mh8798,191.03206,7.2754745,900,-145.00023,28.490208
mh8799,149.1812,6.372884,1000,-144.583894,28.445549
mh8800,146.13527,5.6027246,1200,-143.378617,28.104978
mh8801,163.74223,5.846734,900,-143.723796,28.109011
mh8802,177.73572,5.647908,1000,-143.766619,28.21321
mh8803,57.905373,2.7690501,500,-149.22436,24.974541
mh8804,49.862923,2.2601101,700,-145.069505,29.398152
mh8805,77.17266,2.8087075,900,-144.566094,29.993007
mh8806,46.190083,2.703774,800,-144.397627,30.386383
mh8807,216.76292,6.288445,900,-138.995196,27.336953
mh8808,119.76628,4.095513,1200,-137.221105,26.881587
mh8809,139.22287,5.1563888,800,-136.252553,26.357898
mh8810,151.3765,4.3559966,800,-133.189245,27.379341
mh8811,207.15533,10.246147,900,-133.575249,26.985785
mh8812,230.74736,9.627454,1200,-133.791033,26.826582
mh8813,303.08167,10.439051,800,-133.742873,26.693069
mh8814,169.21439,9.564549,700,-133.619243,26.836517
mh8815,103.32303,6.1362166,900,-133.524787,26.878905
mh8816,136.02312,5.7809854,700,-133.432317,26.898968
mh8817,106.90248,4.2441235,800,-134.848881,27.944817
mh8818,105.19184,5.5815954,800,-133.104351,29.20951
mh8819,150.12375,8.054888,500,-132.722169,29.258431
mh8820,134.62268,7.5842743,800,-132.798994,28.824297
mh8821,185.73907,9.365324,1000,-130.619643,27.767422
mh8822,164.06113,7.229729,900,-146.005009,17.053068
mh8823,89.43017,4.848203,900,-149.395801,16.606887
mh8824,43.543774,3.1312406,1000,-148.280555,16.716598
mh8825,121.24888,6.1546216,800,-146.080119,14.799946
mh8826,58.031338,3.2139525,900,-143.915116,17.805509
mh8827,106.61074,4.686847,1000,-137.024759,22.688889
mh8828,139.77596,6.368088,1000,-136.928158,23.083355
mh8829,235.1271,12.368884,1100,-136.754574,23.828466
mh8830,215.63359,12.755512,1100,-136.792954,24.082536
mh8831,262.7655,9.689011,900,-136.650332,24.183383
mh8832,361.99545,9.657104,1100,-137.091299,24.179191
mh8833,65.7777,2.8088007,700,-134.035133,20.834498
mh8834,38.781788,2.8451436,600,-135.094391,20.046967
mh8835,100.17648,2.8854203,700,-131.438407,21.363053
mh8836,92.387405,3.9461977,700,-149.555423,9.703841
mh8837,58.95,3.5212908,700,-128.858872,3.536765
mh8838,239.39175,12.964815,1000,-136.747771,23.832856
mh8839,213.51973,12.59425,1100,-136.797797,24.085471
mh8840,275.31586,9.097657,900,-136.657907,24.19401
mh8841,75.06785,2.663482,900,-146.778658,16.930686
mh8842,42.648277,3.1212027,800,-148.26127,16.724944
mh8843,66.01334,3.5774028,1000,-148.023447,16.697479
mh8844,163.89969,7.2634335,800,-145.998506,17.055723
mh8845,89.50437,5.1855073,1000,-149.386157,16.605649
mh8846,67.56363,2.959814,800,-144.99863,20.687128
mh8847,71.11738,3.1437073,800,-140.074306,14.944335
mh8848,123.43549,7.459622,900,-128.19295,27.502384
mh8849,93.64124,3.5859818,800,-128.013419,28.569594
mh8850,101.10637,4.2553806,800,-130.013189,28.299022
mh8851,102.71276,5.157947,800,-136.155385,25.169409
mh8852,138.00523,5.1161275,800,-135.129949,23.595839
mh8853,158.9285,6.019806,900,-135.213608,23.338367
mh8854,143.11397,6.427115,1000,-136.941947,23.081772
mh8855,59.533123,3.8596349,600,-121.151137,30.533659
mh8856,51.70151,2.6104898,700,-123.530775,30.785678
mh8857,83.26666,3.3919039,700,-123.681637,31.468146
mh8858,150.58525,7.116852,700,-123.779514,33.077772
mh8859,103.609344,5.898325,800,-123.621413,32.950644
mh8860,146.09111,6.6600747,1100,-121.405142,33.082739
mh8861,98.88338,9.841095,700,-121.062313,33.514156
mh8862,51.47872,3.9954567,600,-135.981842,49.54058
mh8863,43.068336,9.044332,600,-143.326952,56.490911
mh8864,38.677906,7.3256297,700,-143.308983,56.280162
mh8865,54.77295,2.1980903,700,-146.314907,45.6362
mh8866,160.47408,3.844186,1200,-148.302481,-22.919199
mh8867,164.99263,7.125676,800,-137.019283,-19.354406
mh8868,125.821915,6.5203032,800,-136.758412,-19.3268
mh8869,135.46008,4.5840826,800,-136.254365,-19.008069
mh8870,225.29077,4.901924,800,-136.103099,-18.792477
mh8871,134.08499,7.2588105,800,-135.967858,-17.605848
mh8872,139.115,6.857883,900,-147.235374,-29.495491
mh8873,81.18393,5.1937976,900,-146.914766,-29.360781
mh8874,48.761105,2.6882744,700,-133.953092,-29.800567
mh8875,101.052795,5.5534644,1000,-131.794105,-28.472948
mh8876,68.912125,3.6090457,600,-129.89114,-28.00995
mh8877,134.69598,6.320119,700,-127.633187,-27.540307
mh8878,87.146545,6.085497,700,-127.710079,-27.282787
mh8879,124.40719,7.512869,700,-127.943268,-26.887884
mh8880,59.435753,3.5374188,500,-117.288493,12.619295
mh8881,52.339832,3.5530527,700,-116.416902,12.276875
mh8882,47.61658,3.5120647,900,-116.224801,12.253964
mh8883,42.983997,3.5213394,700,-116.114494,12.356184
mh8884,47.15218,3.212916,700,-115.919586,11.958832
mh8885,53.295414,3.2441525,600,-115.002773,12.964438
mh8886,123.03589,4.6444025,900,-119.0416,13.675471
mh8887,56.955223,2.9464722,700,-114.785005,17.423512
mh8888,33.19272,2.743933,800,-116.871356,17.636516
mh8889,67.09399,3.0812974,700,-116.564237,17.516255
mh8890,148.47482,5.550664,600,-117.863442,16.512669
mh8891,73.579094,5.5575347,600,-118.332367,18.226765
mh8892,120.24534,4.9500904,800,-119.045631,21.142928
mh8893,179.12729,11.024524,900,-115.57427,26.457432
mh8894,138.21806,6.691154,1000,-115.51576,26.279352
mh8895,263.0871,7.155693,700,-118.804766,30.454696
mh8896,96.52193,8.630928,600,-118.287461,30.340297
mh8897,91.76755,6.5873046,1000,-113.019128,9.061568
mh8898,147.34224,8.963858,600,-110.953326,11.16702
mh8899,82.679924,5.4213867,700,-101.298204,13.606475
mh8900,51.509853,4.5859246,600,-99.54593,-1.041426
mh8901,53.822433,3.892556,800,-117.570086,-20.78804
mh8902,95.69629,4.6592016,1300,-113.863199,-28.535021
mh8903,78.84312,4.93196,500,-113.872706,-28.848592
mh8904,52.338566,4.590143,600,-114.844071,-29.368873
mh8905,78.372025,5.927717,600,-114.753547,-27.913261
mh8906,64.273384,5.076056,600,-108.163631,-24.52251
mh8907,65.511116,4.950527,1200,-107.59104,-24.215399
mh8908,72.464966,6.0646105,700,-105.864884,-21.436675
mh8909,82.966415,7.6443896,700,-105.645509,-21.232249
mh8910,77.08597,4.6033883,600,-95.195308,-14.460404
mh8911,88.21053,4.6686015,500,-95.825696,-14.400991
mh8912,67.44834,2.7051778,600,-95.311029,-15.523643
mh8913,71.54142,3.1893992,600,-96.270846,-15.399824
mh8914,172.79149,12.065354,700,-98.135401,-16.144416
mh8915,88.89483,6.024523,800,-97.735167,-16.045255
mh8916,120.80656,10.424198,600,-97.409967,-16.053924
mh8917,72.60831,3.8161733,600,-93.54059,-11.894764
mh8918,92.95569,3.5135326,600,-93.430531,-10.443275
mh8919,90.87802,4.919411,600,-93.38122,-10.23786
mh8920,98.32342,3.7116826,600,-93.702964,-9.920476
mh8921,84.42875,3.8741364,800,-89.109994,-6.826128
mh8922,112.85496,6.187612,600,-88.995693,-6.479985
mh8923,104.162605,6.873939,800,-87.031426,-7.107189
mh8924,38.338024,4.0242834,900,-86.77345,-7.772738
mh8925,54.097527,4.4609585,800,-86.038157,-7.508318
mh8926,57.334198,4.8976684,700,-86.032295,-7.383561
mh8927,71.02146,5.0750437,700,-85.895256,-7.337672
mh8928,53.994003,3.719998,700,-85.240431,-6.795145
mh8929,44.338825,3.2800632,600,-85.105688,-5.298542
mh8930,57.308315,3.1424098,1000,-84.933457,-5.508901
mh8931,50.03938,4.1310487,600,-84.752724,-5.47453
mh8932,65.01306,7.0503483,700,-84.0571,-5.21028
mh8933,72.66568,3.2588308,600,-85.826683,-4.81851
mh8934,83.83169,3.5643554,800,-89.125654,-6.817709
mh8935,57.62612,5.3888764,700,-89.207762,-5.323607
mh8936,247.8349,6.265221,1000,-88.331477,-3.356982
mh8937,60.94315,4.755724,700,-84.829383,-6.554479
mh8938,66.99933,4.1383767,600,-84.115917,-6.420243
mh8939,100.63509,5.8789663,700,-84.594687,-6.27455
mh8940,98.55724,6.7503314,600,-85.065669,-5.909338
mh8941,72.38534,7.6859264,800,-84.532555,-5.888705
mh8942,44.36362,4.131131,600,-84.358725,-5.212058
mh8943,65.30426,5.248672,500,-83.90389,-4.967676
mh8944,58.502792,6.1682215,400,-83.558067,-4.857701
mh8945,218.18127,14.953037,1700,-83.323124,-4.867631
mh8946,154.25447,5.826318,500,-83.203185,-4.563622
mh8947,31.128809,4.5339966,500,-82.783211,-3.925985
mh8948,35.836678,4.9863176,600,-84.802897,-4.908232
mh8949,50.69236,3.0770135,1000,-85.228839,-5.582429
mh8950,63.190937,5.2145576,600,-84.818811,-6.566195
mh8951,76.421585,3.592272,800,-86.14583,-11.443542
mh8952,44.982937,3.6321971,900,-85.172171,-11.622232
mh8953,71.39211,4.828127,600,-84.912908,-11.699969
mh8954,136.18564,6.781857,1000,-84.786318,-11.742789
mh8955,95.87166,4.6702704,800,-84.64107,-11.476834
mh8956,46.27406,3.890089,700,-84.502026,-11.70244
mh8957,93.017944,5.0214257,600,-84.528463,-11.920446
mh8958,120.50143,6.1400414,800,-84.760981,-11.907568
mh8959,68.34547,4.3527718,1000,-86.181853,-12.355969
mh8960,145.0997,10.714865,800,-83.605794,3.404191
mh8961,208.56284,19.41455,700,-83.322115,3.225086
mh8962,180.36357,8.90525,800,-83.80817,2.979971
mh8963,231.35237,22.542225,1000,-85.364916,2.649157
mh8964,119.25681,6.693472,700,-86.312973,3.345199
mh8965,230.39536,5.756981,700,-86.923225,3.422772
mh8966,127.649284,12.091243,600,-87.499637,3.386928
mh8967,80.441,7.2136345,600,-88.658921,4.59868
mh8968,42.63054,8.578704,700,-88.528308,5.197777
mh8969,140.84221,11.085526,400,-89.759785,2.247817
mh8970,194.12558,9.516103,400,-89.676525,2.275843
mh8971,125.122696,8.165504,700,-89.520734,2.472732
mh8972,80.295494,9.125474,600,-87.305487,4.402132
mh8973,94.67637,12.831505,500,-87.455761,4.400769
mh8974,273.95813,11.585459,500,-87.566769,4.520982
mh8975,141.37817,10.110036,500,-89.641946,1.567379
mh8976,134.47047,9.180446,500,-89.557942,1.548006
mh8977,138.35986,11.746704,600,-89.996448,1.47044
mh8978,141.38814,16.508202,700,-90.020812,1.570764
mh8979,185.93654,20.142784,900,-90.236366,1.662767
mh8980,157.818,16.706545,900,-90.196785,1.736882
mh8981,152.76662,14.461922,600,-90.260042,2.021716
mh8982,163.21051,14.27822,800,-90.197937,2.20332
mh8983,107.59618,6.4098945,800,-91.132278,2.232243
mh8984,87.11198,9.537872,800,-90.722048,2.96408
mh8985,121.399635,9.549376,900,-90.567171,2.918483
mh8986,42.742207,4.0040903,500,-100.910528,6.037316
mh8987,110.093544,6.813342,800,-99.600011,9.021016
mh8988,141.32623,8.857306,1200,-99.44176,9.580005
mh8989,146.50394,7.43792,800,-100.244346,10.526424
mh8990,94.985214,5.9091644,900,-100.223471,10.668959
mh8991,142.65193,8.771271,700,-99.263,14.874516
mh8992,77.804825,6.5766063,700,-100.353998,15.55132
mh8993,211.48967,11.292247,700,-103.416855,16.214458
mh8994,110.09879,4.174478,900,-104.486966,14.799453
mh8995,92.65399,6.103452,1100,-108.452659,14.642102
mh8996,229.23308,15.38273,800,-109.043576,16.645574
mh8997,91.77569,7.3454165,1100,-117.382187,22.76707
mh8998,122.493126,9.739232,1500,-130.490462,47.094827
mh8999,184.18445,5.7379394,1200,-159.640319,10.176274
mh9000,112.8517,9.184778,1200,179.937345,4.761882
mh9001,137.45178,5.560606,1000,-155.561173,-7.370465
mh9002,49.802113,3.438992,600,-157.195934,7.32621
mh9003,86.74404,4.1535444,1000,-139.562979,28.041051
mh9004,90.91277,4.416819,1000,-142.005183,10.557235
mh9005,83.830605,3.59215,600,-143.112928,26.507022
mh9006,154.23746,6.5027494,1400,-138.496224,22.812829
mh9007,58.742596,2.4460561,900,-135.907901,18.902906
mh9008,74.51042,3.5281549,800,-134.759127,18.967028
mh9009,162.75371,6.8816056,700,-125.539329,17.682637
mh9010,298.87347,14.854616,1200,-144.548566,12.167752
mh9011,80.17188,4.3998775,600,-124.718092,-16.96114
mh9012,34.02234,3.2480931,900,-132.1007,-15.305721
mh9013,82.80136,5.165252,600,-131.901727,-15.236003
mh9014,64.990074,3.6557283,800,-135.02968,-28.978327
mh9015,109.343376,4.688514,1100,-131.963402,-24.430676
mh9016,174.79749,10.2398405,1600,-129.650361,-20.56654
mh9017,188.75441,10.996133,1000,-128.656071,-19.569095
mh9018,159.6582,7.8701696,1100,-146.861063,-7.814058
mh9019,246.70123,7.387099,800,-141.480704,-14.81362
mh9020,108.31866,7.9219375,900,-127.086073,-16.716924
mh9021,180.10585,10.0742035,1000,-128.634798,-19.567503
mh9022,117.5451,5.786163,600,-132.945681,-24.943395
mh9023,125.06705,5.105926,700,-131.995869,-26.20785
mh9024,164.46979,7.9192834,500,-132.416319,-31.756376
mh9025,73.016235,3.458414,1000,-129.293371,-40.25602
mh9026,89.74363,4.858285,800,-129.720043,-50.982466
mh9027,63.303326,4.789533,500,-122.684323,-50.410152
mh9028,67.49992,4.7739778,600,-122.475054,-50.443817
mh9029,69.76907,4.0518894,800,-122.179352,-50.485072
mh9030,41.782642,3.0798378,400,-122.02587,-55.207435
mh9031,59.222557,5.661673,800,-127.040987,-11.181515
mh9032,40.589973,3.4870229,900,-127.307803,-10.960486
mh9033,126.846634,4.645367,800,-128.060253,-11.47044
mh9034,77.25953,4.572051,800,-127.919906,-11.344621
mh9035,61.523556,3.3108957,600,-124.599222,6.082102
mh9036,87.32427,3.7988355,700,-136.046729,-9.79924
mh9037,91.75795,3.7626057,800,-135.749192,-9.839311
mh9038,79.312584,4.4773736,600,-135.721832,-9.665328
mh9039,83.2511,5.2012086,800,-135.430095,-9.660534
mh9040,103.60536,6.1606555,500,-135.292422,-10.045095
mh9041,113.088425,5.64903,800,-135.401801,-10.131251
mh9042,56.93495,3.0146198,700,-134.734163,-9.369474
mh9043,33.629246,2.5699906,700,-135.604033,-8.543733
mh9044,33.044315,3.333553,700,-136.583048,-9.305151
mh9045,47.57423,4.093352,700,-136.876848,-10.266994
mh9046,93.20653,3.9985113,900,-146.25381,5.091021
mh9047,77.81912,3.5925865,800,-147.542546,5.192827
mh9048,150.64606,5.6121907,1300,-143.380985,28.105725
mh9049,69.33109,2.8973725,800,-145.001803,20.677665
mh9050,268.33685,8.578297,900,-136.649809,24.192373
mh9051,207.97736,12.683187,1000,-136.802358,24.087838
mh9052,226.6217,11.626174,1000,-136.749435,23.823191
mh9053,118.06216,4.2384863,1100,-137.226219,26.890007
mh9054,148.46886,5.2327867,1000,-143.367742,28.098901
mh9055,176.51518,5.6303473,1000,-143.762955,28.219412
mh9056,154.02136,5.6357875,800,-143.728143,28.107416
mh9057,55.670254,2.836537,700,-149.238728,24.973684
mh9058,34.80056,3.723893,800,-152.339545,16.132105
mh9059,74.570145,4.823406,800,-150.670463,16.144841
mh9060,53.616837,2.2455432,700,-150.065447,32.532738
mh9061,23.735353,2.4949167,1000,-154.777592,47.703757
mh9062,73.719536,2.6053195,600,-150.592797,15.79257
mh9063,73.32463,4.8936224,800,-150.669474,16.15235
mh9064,77.47779,3.3098226,1000,-151.343581,15.96902
mh9065,32.541187,4.004041,700,-152.34225,16.122484
mh9066,84.53788,3.7808516,800,-153.564779,15.066078
mh9067,91.808624,2.837524,900,-144.504069,-8.61327
mh9068,44.49646,4.6886563,800,-142.497571,-6.500205
mh9069,33.184032,2.4259906,500,-135.053342,45.017991
mh9070,37.742596,2.2578042,700,-135.066068,45.024103
mh9071,44.72667,3.0219347,800,-138.252553,43.142815
mh9072,108.72931,4.0035305,900,-160.921753,-29.108081
mh9073,13.0020685,2.3139613,700,-139.819943,45.728074
mh9074,38.58705,4.776588,900,-142.012557,-6.278464
mh9075,36.36243,2.6789615,900,-141.358192,-6.482831
mh9076,45.229073,3.1836,600,-141.128023,-5.869997
mh9077,318.41113,3.8629835,700,-139.984687,-7.492747
mh9078,78.87931,2.7563791,500,-131.935043,22.064405
mh9079,73.07162,4.134404,600,-133.183906,22.088052
mh9080,65.68106,2.9319093,800,-140.397207,38.857145
mh9081,13.75278,2.3731554,600,-140.603089,52.303807
mh9082,16.854801,2.6127808,600,-140.446676,52.301589
mh9083,79.818245,2.6004298,800,-139.402486,39.160675
mh9084,91.06932,5.040142,500,-100.495761,13.639911
mh9085,68.81023,4.572153,600,-101.079228,11.253613
mh9086,75.91665,4.5946517,600,-98.09484,12.889795
mh9087,92.25873,5.133779,500,-100.505427,13.637299
mh9088,42.363594,3.939471,1000,-119.535786,6.683957
mh9089,52.64931,5.218497,1300,-119.301619,6.912619
mh9090,81.2252,6.364897,900,-117.365125,7.315992
mh9091,92.8538,4.1608634,700,-97.698132,-9.017637
mh9092,131.0208,8.2831135,600,-106.887547,-17.472479
mh9093,69.83567,4.232027,500,-106.849402,-17.638871
mh9094,89.67866,4.192465,800,-108.341017,-16.167349
mh9095,139.97159,4.5330076,600,-108.389446,-16.364103
mh9096,90.06143,4.403456,900,-108.34435,-16.561186
mh9097,142.71237,8.50481,500,-109.333203,-15.728765
mh9098,58.405426,4.1877303,1000,-105.220279,-13.410172
mh9099,94.51068,6.696117,700,-105.13366,-13.492663
mh9100,89.07201,6.17644,700,-104.988187,-13.423647
mh9101,122.35196,6.8177733,700,-99.842413,8.894434
mh9102,108.02022,9.148994,600,-100.094506,8.943034
mh9103,101.993,5.8707604,800,-98.647055,13.447446
mh9104,90.3025,5.095113,500,-100.505983,13.629727
mh9105,73.18383,4.627845,600,-100.727479,13.562685
mh9106,81.26103,5.5479956,600,-100.940773,13.786404
mh9107,67.857185,4.547545,600,-101.073488,11.249538
mh9108,62.164955,5.041006,600,-99.31175,4.997378
mh9109,76.49832,5.933356,1000,-99.692516,3.968638
mh9110,60.935726,4.086954,600,-98.467468,6.52876
mh9111,46.566887,4.26303,400,-98.18239,6.624558
mh9112,68.27326,6.1379437,600,-98.146972,6.756956
mh9113,63.002537,6.125003,600,-98.032138,6.820537
mh9114,78.982834,6.639061,600,-97.872089,6.79066
mh9115,102.50391,5.337939,500,-97.478763,6.763482
mh9116,55.53868,4.175854,500,-97.589441,7.009966
mh9117,50.557346,5.1457953,600,-97.502932,7.032234
mh9118,63.17809,6.0356803,600,-97.39542,7.082969
mh9119,84.53046,6.627498,600,-97.282466,7.03545
mh9120,120.49871,5.4034,600,-97.151219,6.885916
mh9121,35.725193,3.7579355,700,-95.118914,5.556485
mh9122,51.56831,4.9802938,500,-95.350132,5.464432
mh9123,64.65109,6.117597,700,-95.280453,5.60768
mh9124,80.6285,5.2216406,800,-99.84771,4.195959
mh9125,60.400383,4.6583295,600,-99.618289,3.761505
mh9126,95.1052,4.7783732,600,-115.400896,-31.84161
mh9127,115.145645,4.424775,800,-115.113937,-31.885416
mh9128,118.46285,8.685547,800,-115.525119,-32.454166
mh9129,113.42885,8.079949,600,-113.956658,-32.782107
mh9130,99.43917,5.8903656,500,-114.196125,-32.066708
mh9131,207.35876,7.244784,700,-114.075981,-31.735831
mh9132,112.66692,5.881361,1100,-115.358901,-35.268102
mh9133,92.01984,9.487849,800,-114.417349,-30.949472
mh9134,78.511375,8.518062,600,-114.640085,-31.007705
mh9135,90.09654,8.232928,700,-113.918576,-30.644897
mh9136,108.116325,7.612584,400,-113.666649,-30.619202
mh9137,110.70291,7.464691,500,-113.468572,-30.629101
mh9138,107.257385,9.081881,700,-119.011539,-31.592862
mh9139,111.60058,9.437791,1000,-118.821162,-31.495239
mh9140,105.06335,8.524547,800,-118.526417,-31.639231
mh9141,113.13023,9.453814,800,-118.840001,-31.501042
mh9142,111.16387,8.734764,700,-118.875832,-31.580568
mh9143,106.22289,9.087484,700,-119.0226,-31.600293
mh9144,227.52208,17.349249,600,-119.168926,-31.696533
mh9145,228.54138,16.754877,700,-119.251289,-31.719117
mh9146,114.92358,10.8510065,700,-119.734838,-31.799249
mh9147,117.162315,9.32894,700,-119.613931,-31.734925
mh9148,86.413025,8.1443815,700,-119.715616,-31.663154
mh9149,99.58522,8.789091,600,-118.542908,-32.127057
mh9150,59.376392,6.0777054,1200,-118.200036,-32.912018
mh9151,91.34568,8.237352,900,-117.114526,-32.254616
mh9152,68.5688,6.29827,900,-117.344891,-32.119454
mh9153,97.6746,9.061878,600,-117.717436,-32.189782
mh9154,91.07022,9.2298565,1100,-117.523431,-32.437908
mh9155,82.110916,4.522761,500,-112.818095,-31.817587
mh9156,53.903694,3.1935415,800,-116.688623,-39.571018
mh9157,75.89891,6.137239,600,-114.072775,-40.025756
mh9158,48.339237,4.561781,600,-114.081109,-40.219751
mh9159,60.114796,7.0486813,600,-114.085133,-41.083545
mh9160,90.85105,6.0930915,800,-114.731224,-41.6245
mh9161,77.2731,3.416933,600,-115.071204,-42.610786
mh9162,74.46554,5.1703863,900,-117.855576,-44.781509
mh9163,75.16883,6.562089,800,-117.03235,-45.956596
mh9164,70.96844,6.08533,700,-119.555049,-50.382062
mh9165,93.31512,4.621508,700,-103.501037,-53.480959
mh9166,65.1649,4.811482,600,-103.684009,-54.068394
mh9167,62.851234,4.6501126,700,-104.157951,-53.233693
mh9168,66.95517,4.032671,1000,-101.329961,-53.721587
mh9169,84.207405,5.401876,700,-101.824196,-55.220182
mh9170,129.7941,5.944908,1000,-101.669817,-55.0523
mh9171,38.521175,3.6962805,700,-95.562123,-49.584675
mh9172,55.948605,3.4980886,700,-111.463965,-56.990809
mh9173,166.1263,4.0509677,800,-108.807532,-53.978207
mh9174,162.2162,4.973033,500,-108.530191,-54.055253
mh9175,83.80074,3.554072,700,-107.83747,-53.230642
mh9176,65.00365,4.2963276,800,-115.068186,-44.352622
mh9177,150.9615,6.520234,500,-112.176815,-42.181927
mh9178,107.62894,6.2517705,700,-112.120197,-41.568934
mh9179,85.36895,5.923109,600,-111.088398,-40.973774
mh9180,78.629196,3.5886686,600,-110.299365,-41.481891
mh9181,49.044884,4.225099,600,-110.037847,-41.439472
mh9182,103.40248,4.3299785,700,-113.505316,-40.057006
mh9183,34.5794,3.3595922,500,-113.396008,-40.301699
mh9184,65.72051,4.5114346,800,-114.216502,-39.323604
mh9185,82.75521,5.67846,1100,-115.252268,-38.071989
mh9186,55.73432,5.200876,500,-116.104742,-38.633779
mh9187,59.39956,6.809102,400,-116.563583,-38.597184
mh9188,59.745773,3.1899097,500,-117.114861,-41.444641
mh9189,63.37445,4.0893292,500,-116.747678,-41.354556
mh9190,73.969284,6.877118,600,-116.436977,-41.285526
mh9191,120.037025,9.196463,700,-116.850355,-42.393762
mh9192,74.48201,6.492161,600,-116.713824,-42.334246
mh9193,70.27292,5.6033177,700,-118.395373,-42.997911
mh9194,58.839237,4.265509,700,-118.572514,-43.075556
mh9195,89.57043,4.5278373,700,-118.067198,-43.991408
mh9196,42.74655,4.4047527,800,-118.472164,-43.873142
mh9197,63.966988,5.6400285,700,-118.359451,-44.527178
mh9198,224.09485,9.706135,600,-116.691173,-45.013995
mh9199,81.496124,3.883774,700,-114.603989,-50.816148
mh9200,68.5697,4.469542,1400,-116.731756,-48.805692
mh9201,89.85475,6.454587,700,-116.529078,-47.581692
mh9202,87.45005,6.147518,800,-116.127746,-47.327488
mh9203,64.82013,3.7147038,700,-119.160307,-53.400031
mh9204,77.865814,3.7225585,600,-119.655879,-55.815936
mh9205,54.475777,4.0913267,800,-127.205614,-45.000713
mh9206,58.312946,3.733151,800,-125.247745,-42.688234
mh9207,38.74125,3.0495186,700,-125.249767,-41.63107
mh9208,91.42712,4.906867,600,-127.281678,-41.787134
mh9209,33.151096,2.7298636,600,-126.903033,-40.521438
mh9210,98.93387,5.542068,1000,-136.675558,-40.825665
mh9211,61.29009,3.5931973,900,-137.461708,-39.358263
mh9212,74.9741,3.8290975,700,-134.341274,-37.578902
mh9213,89.012825,3.964007,800,-135.041437,-37.96526
mh9214,66.80242,5.577237,800,-133.830208,-36.572205
mh9215,108.98775,5.529719,900,-135.338836,-36.647492
mh9216,77.97622,3.3315077,700,-138.35578,-35.680895
mh9217,113.325874,5.5000834,400,-136.569334,-35.917456
mh9218,75.57677,3.2045705,700,-138.354596,-35.675386
mh9219,68.65386,3.7460692,900,-135.881073,-35.535234
mh9220,97.91458,3.9403696,900,-135.74021,-34.227391
mh9221,86.84322,5.283342,1100,-135.308662,-34.62561
mh9222,96.53985,5.9957457,900,-141.242035,-34.503368
mh9223,88.25994,5.6054654,900,-142.101236,-32.851484
mh9224,58.65536,3.7040555,1100,-141.787138,-32.822243
mh9225,108.73998,6.451704,600,-123.106797,-27.859199
mh9226,83.47552,5.157449,700,-123.256597,-27.833428
mh9227,94.608955,6.1194577,700,-123.32001,-28.007626
mh9228,59.583977,5.5158143,600,-124.03621,-27.478243
mh9229,65.32398,5.2821264,600,-124.108597,-27.240102
mh9230,86.16563,6.5250425,800,-123.854328,-26.577304
mh9231,111.12206,8.543716,800,-124.291121,-26.448574
mh9232,100.77535,5.856763,500,-124.193654,-26.280512
mh9233,70.302605,5.218433,800,-124.047803,-26.267301
mh9234,52.48878,4.74131,900,-126.690804,-26.60612
mh9235,150.46272,9.680419,700,-128.038885,-26.707909
mh9236,120.139465,5.497275,1300,-130.695825,-26.242993
mh9237,115.14854,6.8672576,800,-130.478276,-26.056591
mh9238,102.70878,7.6278834,1000,-138.0817,-23.727651
mh9239,84.89767,4.2065477,800,-143.249763,-30.230915
mh9240,198.81137,13.20612,700,-149.687746,-28.93261
mh9241,139.43896,4.027395,800,-147.60554,-22.223917
mh9242,141.43301,4.990671,1300,-148.120257,-22.255276
mh9243,135.1012,5.3160763,700,-147.833235,-22.444321
mh9244,352.44345,7.7266507,700,-148.945528,-17.837725
mh9245,245.19438,8.708894,600,-148.944662,-17.540283
mh9246,87.26418,5.3028445,1100,-145.755244,16.601226
mh9247,72.26625,2.979481,1000,-129.215702,25.903899
mh9248,136.932,3.912694,900,-129.276744,25.595026
mh9249,114.891365,4.9678407,700,-123.461939,29.811397
mh9250,159.66943,7.955293,1200,-123.686647,29.822945
mh9251,91.235275,5.5872154,1100,-124.563879,33.187021
mh9252,69.36331,4.130248,700,-128.893605,35.07757
mh9253,103.106575,4.380039,800,-149.961675,36.192634
mh9254,196.52304,6.969458,1000,-151.351871,38.159387
mh9255,41.686543,2.6749928,700,-157.251353,24.246337
mh9256,92.93324,4.344337,900,-152.137476,11.240793
mh9257,119.16216,6.1100273,1000,-118.353612,13.249918
mh9258,49.740215,4.8119397,1000,-126.671075,5.620075
mh9259,30.648846,4.3344197,700,-128.522718,4.246893
mh9260,35.301155,3.1944013,600,-136.911234,-0.792353
mh9261,64.25203,3.7310987,700,-145.490744,-8.30255
mh9262,94.24536,6.537242,700,-146.798872,-10.317002
mh9263,118.65723,5.5842485,800,-145.802896,-9.945791
mh9264,139.4625,5.550653,1000,-145.698346,-21.0062
mh9265,145.86272,7.0235453,900,-146.551617,-21.095581
mh9266,220.52408,6.9433827,1500,-148.94264,-24.772866
mh9267,91.07312,6.287216,700,-146.038763,-28.430576
mh9268,79.42914,6.362531,800,-144.392803,-28.901639
mh9269,184.86856,4.027625,800,-142.546247,-30.599227
mh9270,227.75864,14.192929,1000,-133.020114,-32.16192
mh9271,238.64304,15.001183,1500,-133.195495,-32.17079
mh9272,56.17121,3.1524196,900,-132.875616,-32.788231
mh9273,166.72879,6.290536,800,-130.860534,-33.855975
mh9274,215.32846,7.999042,1200,-130.720923,-33.632754
mh9275,143.04628,4.290866,700,-130.60076,-33.445995
mh9276,66.32861,5.102069,1000,-127.935001,-33.216086
mh9277,72.94294,5.4653606,700,-127.793973,-33.103035
mh9278,65.43022,3.5948863,800,-135.996182,-40.702837
mh9279,110.393616,3.6116807,900,-134.8569,-43.314104
mh9280,152.6278,4.3533974,1000,-167.497317,42.965245
mh9281,30.822226,2.550254,500,-125.567033,37.580807
mh9282,39.74606,2.8006842,600,-125.523587,37.291543
mh9283,81.01634,4.325064,700,-129.246208,34.168181
mh9284,78.10689,3.8209364,800,-132.519112,31.618699
mh9285,72.25901,2.9702342,600,-139.263466,18.978524
mh9286,65.07115,4.99404,400,-122.384321,21.737202
mh9287,77.64267,3.9753964,700,-118.957556,20.645224
mh9288,88.159134,5.4947195,700,-119.661666,20.470844
mh9289,68.085396,4.7892475,900,-115.077217,23.548991
mh9290,66.23179,6.9772215,500,-111.543883,21.674224
mh9291,167.47914,11.587669,900,-108.407302,20.582752
mh9292,186.76,16.287573,700,-108.391827,20.087082
mh9293,248.23161,17.670485,900,-108.205193,19.799076
mh9294,179.1072,10.600616,900,-108.180542,19.96164
mh9295,119.740036,4.94449,700,-106.731384,20.136281
mh9296,322.96664,12.414618,1000,-107.092506,18.361142
mh9297,52.555744,3.2951365,700,-112.577565,13.513882
mh9298,68.45677,3.8761604,600,-112.016222,12.400266
mh9299,123.47948,5.127915,1000,-111.906415,12.122825
mh9300,44.80286,3.749936,700,-114.515014,11.697551
mh9301,54.234707,4.167067,700,-110.268196,7.08107
mh9302,93.32381,6.512548,800,-109.898849,7.339663
mh9303,86.646675,5.4431176,800,-113.163939,8.313075
mh9304,101.40101,3.4486113,600,-142.000758,25.662824
mh9305,90.944984,3.6185346,900,-141.899385,20.926496
mh9306,85.95062,3.9092588,900,-142.018419,20.902697
mh9307,109.40075,4.573405,900,-142.980759,18.190639
mh9308,48.215267,2.8589706,600,-132.707242,20.252895
mh9309,78.84131,4.619301,700,-129.704509,21.319425
mh9310,218.49129,6.1708436,800,-124.351058,23.238125
mh9311,79.569214,4.9359226,1100,-122.39977,23.325735
mh9312,193.24728,13.917323,700,-122.437335,26.326875
mh9313,191.2098,7.5217676,800,-125.30555,22.10172
mh9314,285.43686,10.930398,600,-125.600976,22.751373
mh9315,226.10518,6.648494,800,-124.337139,23.242442
mh9316,89.22168,6.5540123,400,-122.367638,21.505692
mh9317,38.371685,3.685227,600,-120.894405,21.031095
mh9318,79.620255,4.6003447,600,-120.095953,20.817724
mh9319,90.314804,3.4940488,600,-125.718201,26.843137
mh9320,89.022964,3.7993665,800,-130.447749,31.431281
mh9321,115.36409,4.952821,1000,-144.235388,16.822273
mh9322,86.366875,3.622583,700,-145.091439,36.02332
mh9323,81.30663,3.4911306,500,-145.604201,33.867997
mh9324,66.20048,2.7642138,700,-146.964629,31.795603
mh9325,84.64647,3.6851218,900,-145.009248,21.289884
mh9326,66.86432,2.7069,700,-146.967688,31.794414
mh9327,66.66886,2.5580971,500,-147.339617,37.871698
mh9328,19.462925,3.4118748,600,-135.910754,52.704241
mh9329,21.863825,2.4475071,600,-136.673089,52.490787
mh9330,30.472569,2.98415,600,-138.901189,53.228929
mh9331,59.33567,3.9092112,400,-135.572326,41.581957
mh9332,118.77559,6.168658,1000,-132.25434,29.367637
mh9333,117.19634,4.652318,700,-129.982208,27.973719
mh9334,161.52051,10.032961,1000,-128.767471,28.596714
mh9335,170.13087,7.538911,700,-132.616906,29.4908
mh9336,134.34723,5.26215,900,-133.598297,30.314292
mh9337,137.86804,5.820348,600,-127.335215,23.143424
mh9338,65.935524,4.3285685,700,-134.672797,22.944202
mh9339,64.31646,3.636529,700,-134.891211,22.847226
mh9340,44.88376,2.69172,500,-135.362923,22.662545
mh9341,167.19681,8.0019245,500,-134.303381,23.04692
mh9342,132.1208,4.3487954,700,-164.384026,18.877711
mh9343,202.7745,8.195781,900,-170.994319,13.278489
mh9344,120.686386,5.1240716,900,-170.872319,13.385644
mh9345,169.23248,14.162201,800,-176.021422,-15.267599
mh9346,290.2653,23.194818,500,-174.919915,-14.760214
mh9347,439.84012,14.512403,600,-174.62045,-14.834684
mh9348,160.9401,9.194725,1300,-174.434418,-14.900851
mh9349,225.53726,17.4348,600,-176.206181,-17.528476
mh9350,294.1725,14.644885,700,-179.303838,-18.609307
mh9351,380.40778,34.514263,800,-178.372595,-19.874728
mh9352,159.38261,15.838057,800,-178.789686,-22.476049
mh9353,272.80182,11.621744,800,-178.977635,-21.465187
mh9354,230.91142,9.570104,1000,-179.416958,-21.836873
mh9355,101.173874,6.104658,500,-179.338033,-21.992665
mh9356,506.67728,9.115723,1600,-178.455345,-23.377904
mh9357,215.48709,12.404833,500,-177.499791,-24.491897
mh9358,140.3455,16.759739,1000,-177.333822,-23.716922
mh9359,173.51813,9.30308,600,-177.578032,-23.887834
mh9360,119.762115,6.047356,700,-178.495281,-26.539199
mh9361,76.494705,4.110862,700,-158.726632,-24.412472
mh9362,124.32448,3.9946477,600,-159.110251,-20.984236
mh9363,258.31754,8.54347,1000,-147.239278,-25.006163
mh9364,117.02423,5.510722,900,-146.670962,-24.67362
mh9365,74.34392,3.516829,1000,-145.314855,-34.091108
mh9366,128.29015,7.1290655,1000,-144.492842,-34.106505
mh9367,120.621956,6.332272,800,-142.951664,-35.058456
mh9368,257.5214,9.671615,1000,-142.148313,-34.714891
mh9369,248.69383,10.920719,1000,-142.830285,-36.042418
mh9370,195.23988,9.437816,700,-143.701603,-38.538834
mh9371,236.15689,7.8525767,1300,-143.218787,-39.548925
mh9372,61.114536,3.1894696,800,-134.807705,-42.570563
mh9373,90.32603,5.637274,800,-135.568467,-42.750542
mh9374,116.902245,5.912359,900,-125.669032,-48.168292
mh9375,100.36434,5.4018645,700,-125.828641,-30.421937
mh9376,74.98531,4.891198,700,-125.971772,-29.976127
mh9377,92.05603,6.5357604,900,-126.714447,-28.901475
mh9378,122.381096,7.5367346,700,-123.939114,-31.75444
mh9379,101.47304,9.266168,800,-127.484974,-33.473164
mh9380,72.7607,5.2347035,800,-125.758629,-33.487781
mh9381,53.96939,7.624631,700,-75.955946,-56.052712
mh9382,217.05249,7.731683,1200,-78.208414,-55.803203
mh9383,153.60112,10.644771,1000,-117.7348,-60.971211
mh9384,199.00829,11.461985,1700,-144.674025,-65.755207
mh9385,177.82368,15.6843195,1500,-144.986157,-66.892182
mh9386,47.649155,7.687099,1200,-145.329291,-67.427995
mh9387,61.629612,13.569833,1200,-143.732952,-67.784655
mh9388,62.099075,10.317068,1700,-142.685708,-67.470473
mh9389,36.37582,6.923863,1100,-148.692883,-67.262948
mh9390,112.38549,10.996351,1300,-149.253974,-67.553427
mh9391,102.39677,11.096637,1400,-149.290801,-67.77871
mh9392,82.43813,14.642485,800,-139.695917,-67.512131
mh9393,109.07534,15.412595,1000,-139.678205,-67.374737
mh9394,111.57217,11.186292,1200,-139.869511,-67.223182
mh9395,95.94514,12.203844,1600,-140.308507,-67.122877
mh9396,130.35478,13.997956,900,-140.564637,-67.027268
mh9397,74.498116,9.065241,1100,-141.304467,-67.139554
mh9398,139.2616,10.095073,900,-144.800262,-66.160927
mh9399,299.5337,20.819262,2000,-149.120737,-65.67405
mh9400,476.1857,29.78178,1900,-128.533734,-59.361855
mh9401,418.68173,27.78189,400,-127.518901,-59.67719
mh9402,418.00558,28.405615,1800,-125.972957,-60.058926
mh9403,119.47526,12.399867,400,-122.675495,-59.331147
mh9404,74.672585,3.2642453,800,-133.312283,-37.252595
mh9405,56.45318,3.1726167,1000,-133.779881,-37.017189
mh9406,241.37929,9.040075,600,-131.359802,-36.952653
mh9407,146.2826,8.659356,400,-133.153163,-36.445845
mh9408,54.315426,4.792641,400,-130.05216,-38.38614
mh9409,45.17948,2.9177666,1100,-128.835337,-39.384288
mh9410,85.45148,4.745753,1000,-132.580985,-38.612231
mh9411,93.27241,5.587685,600,-136.441425,-38.242422
mh9412,168.48395,5.996578,1100,-139.292982,-39.211409
mh9413,213.8502,9.975792,700,-140.036915,-38.142604
mh9414,70.906,2.9982326,700,-137.604968,-36.125692
mh9415,47.246292,4.0236006,700,-136.991708,-36.176397
mh9416,57.74647,3.097253,1000,-139.237348,-36.601306
mh9417,52.58452,2.8789485,900,-138.4681,-37.628322
mh9418,59.472675,3.225447,900,-138.400691,-37.982693
mh9419,72.17721,2.874814,900,-138.207531,-38.154831
mh9420,52.572575,3.2563612,700,-138.627902,-38.111675
mh9421,81.25886,5.216266,600,-135.885444,-38.38625
mh9422,89.79358,4.331852,700,-135.779074,-38.415646
mh9423,135.08636,6.2925014,1100,-142.915955,-39.017594
mh9424,100.60903,4.94668,1000,-139.534218,-36.60089
mh9425,219.5504,6.3032002,1100,-141.411982,-36.061947
mh9426,211.53003,7.5482454,800,-141.61511,-35.868758
mh9427,132.6916,6.3858333,1000,-142.905267,-39.017225
mh9428,93.082375,4.549198,800,-137.324743,-38.710726
mh9429,94.49331,3.4058883,900,-138.223294,-38.982483
mh9430,161.00543,5.169169,1000,-137.671166,-38.837523
mh9431,181.12912,9.559845,1000,-144.248836,-33.232052
mh9432,61.16847,3.111529,800,-144.893351,-34.436482
mh9433,75.94669,3.6278632,800,-144.475556,-34.307199
mh9434,113.26325,9.424316,1100,-143.422285,-34.12198
mh9435,121.41502,5.1634464,1000,-145.73422,-34.865135
mh9436,161.39708,8.522665,1600,-140.602531,-35.424942
mh9437,256.9484,17.826612,1500,-140.452875,-35.589179
mh9438,130.82243,7.6201777,800,-142.423126,-33.31117
mh9439,147.552,8.403434,700,-142.295249,-33.36115
mh9440,90.83241,5.5389566,1000,-144.008006,-30.696262
mh9441,174.91241,6.670692,1000,-143.383604,-30.882353
mh9442,143.59647,6.4500985,900,-143.300003,-31.105909
mh9443,128.80286,6.2792287,1000,-130.751873,-26.611786
mh9444,74.18592,3.9276357,600,-129.461449,-26.60519
mh9445,158.18266,7.3271046,1000,-128.682201,-26.394531
mh9446,114.91525,7.473731,700,-131.12486,-25.663715
mh9447,104.498505,7.020407,700,-133.074183,-22.300486
mh9448,78.7329,6.904189,1400,-129.896299,-22.89442
mh9449,220.47394,11.271195,1000,-128.403413,-23.221921
mh9450,139.28586,8.043465,800,-128.099761,-23.773284
mh9451,49.616966,3.5529485,500,-125.948527,-25.340689
mh9452,51.694454,4.537718,700,-125.876105,-25.187428
mh9453,57.05078,4.798806,1100,-125.629251,-25.23729
mh9454,74.216324,6.2160296,1000,-125.363008,-25.147474
mh9455,219.69899,11.178154,1500,-126.804137,-24.435523
mh9456,257.1378,20.202852,1300,-123.259416,-24.400503
mh9457,220.13895,5.7749977,600,-118.637271,-27.853127
mh9458,86.83472,6.372616,800,-118.33167,-27.857127
mh9459,159.1082,8.526467,1200,-118.892446,-28.106671
mh9460,140.66982,7.419634,800,-119.588554,-27.34117
mh9461,112.352196,6.3728824,400,-113.385462,-29.934072
mh9462,87.04302,5.223193,600,-113.22747,-30.127368
mh9463,115.46453,5.249228,600,-113.590397,-30.170306
mh9464,112.14533,9.033931,1300,-117.669863,-32.668171
mh9465,78.99912,8.984886,800,-117.908775,-31.8825
mh9466,81.08312,7.3684645,1000,-118.228266,-32.037746
mh9467,132.16115,8.983787,1400,-118.160657,-31.291084
mh9468,119.27745,8.663025,1200,-116.166427,-31.789969
mh9469,89.656395,7.2062087,600,-115.962567,-31.75376
mh9470,170.28906,14.905334,600,-116.448358,-30.819963
mh9471,88.23895,9.293393,1100,-116.167708,-30.989002
mh9472,75.70816,5.9945393,700,-124.462871,-26.442432
mh9473,49.37228,3.9238873,1000,-125.117932,-27.236862
mh9474,97.64383,5.962394,900,-126.061354,-25.963676
mh9475,82.110916,6.142887,700,-125.899231,-26.026918
mh9476,123.95618,5.6185017,800,-126.186991,-26.04621
mh9477,126.302246,10.280563,1000,-127.471884,-27.122364
mh9478,74.3964,5.735509,800,-129.244762,-26.262513
mh9479,68.34131,3.8111122,500,-130.100512,-26.587944
mh9480,83.63876,7.92036,700,-140.09191,-27.274954
mh9481,138.34258,7.5025897,600,-138.823259,-28.572253
mh9482,122.37422,6.7916164,1400,-147.82977,-29.845184
mh9483,110.552155,4.7785277,800,-148.207853,-26.65166
mh9484,64.14344,3.594419,700,-148.141005,-22.036199
mh9485,102.2042,6.0206122,1400,-148.96324,-22.309587
mh9486,108.15777,4.408327,1500,-148.811668,-22.3064
mh9487,211.95605,9.231073,800,-151.325113,-21.625243
mh9488,88.41812,7.386845,700,-142.78521,-18.225433
mh9489,174.30214,7.3106875,1000,-141.81012,-28.120076
mh9490,91.18569,4.6681156,1000,-146.20997,-10.439411
mh9491,221.99147,9.60257,1000,-145.716389,-10.700468
mh9492,183.5217,9.283617,1900,-147.347878,-13.121755
mh9493,60.81447,2.4593694,800,-147.117664,-6.64136
mh9494,56.017014,4.416203,800,-147.209886,-1.487879
mh9495,62.78029,3.5601127,800,-147.550143,-4.306715
mh9496,77.56901,4.2948284,1100,-146.872522,-8.795047
mh9497,62.05673,3.0134513,1000,-149.053431,-9.810296
mh9498,70.04561,3.3735747,800,-148.333894,-11.269799
mh9499,48.012928,2.8925805,800,-147.623509,-11.79082
mh9500,43.95207,3.1723092,700,-145.973778,-11.582038
mh9501,179.1405,8.458919,1000,-150.020123,-6.334719
mh9502,66.8654,4.261382,600,-147.268588,-18.036172
mh9503,199.86505,5.499307,900,-149.915013,-16.987542
mh9504,86.7701,7.4848804,700,-151.723479,-17.716796
mh9505,120.348495,5.639635,700,-151.572896,-17.731079
mh9506,111.456696,4.1571856,800,-152.082702,-17.91582
mh9507,106.37257,6.4192853,900,-147.017643,-20.471632
mh9508,68.74761,5.8342214,800,-135.364621,-17.332138
mh9509,81.57123,5.140919,400,-135.270917,-17.514202
mh9510,84.00543,6.5422316,1700,-135.814356,-17.202051
mh9511,131.96298,7.200358,900,-133.816713,-18.196758
mh9512,168.56105,11.931309,1000,-135.013711,-18.417765
mh9513,133.23709,4.726674,1300,-134.588347,-18.179178
mh9514,74.6657,4.5581255,600,-123.498062,-16.022684
mh9515,98.885185,5.514157,400,-123.496044,-16.259596
mh9516,67.41957,6.877729,600,-121.336206,-16.326223
mh9517,53.7466,4.3077345,400,-121.198503,-16.290671
mh9518,67.41957,6.877729,600,-121.336206,-16.326223
mh9519,68.56536,6.9691195,600,-121.340206,-16.335029
mh9520,158.42862,7.8437104,1100,-120.421487,-17.155675
mh9521,65.6921,3.5702069,700,-119.968082,-14.597521
mh9522,77.178085,3.5049622,600,-120.030097,-14.519224
mh9523,126.08181,7.9288845,700,-130.731446,-21.543832
mh9524,49.102436,3.1914346,600,-135.036011,-14.349715
mh9525,55.282955,2.8871393,700,-134.531609,-14.42453
mh9526,70.92952,3.4816306,600,-134.440238,-14.574893
mh9527,70.393814,3.4186752,600,-134.444324,-14.570526
mh9528,68.25824,3.2476869,1100,-132.695591,-16.737195
mh9529,90.1997,7.2984037,500,-125.081888,-17.524098
mh9530,59.05334,3.3107762,700,-120.194855,-14.667274
mh9531,37.901314,3.3282993,600,-119.569022,-15.586552
mh9532,90.30015,5.8384914,600,-120.641216,-14.617823
mh9533,107.605415,6.632765,1700,-122.187984,-21.620264
mh9534,67.22719,4.5802345,600,-121.245671,-21.390185
mh9535,65.89498,5.174829,700,-120.584219,-21.192116
mh9536,53.401108,4.0780888,900,-128.429765,-0.763415
mh9537,90.16966,5.8915815,800,-128.532033,-1.072849
mh9538,37.78603,3.1611636,600,-128.062302,-0.972771
mh9539,65.22752,4.6259274,800,-128.56445,-1.31226
mh9540,49.356895,3.897921,1200,-128.300828,-1.196044
mh9541,73.26057,5.69591,800,-127.655774,-1.46758
mh9542,52.62144,4.281365,700,-127.679667,-1.662108
mh9543,56.38911,4.344237,1100,-135.518565,-0.56226
mh9544,94.67465,3.6292243,900,-131.879774,-6.955626
mh9545,84.09086,3.732371,800,-136.050142,-9.794827
mh9546,97.97756,3.6420772,700,-135.739991,-9.830662
mh9547,83.2511,5.367146,800,-135.428,-9.664288
mh9548,180.09319,7.845338,1000,-135.358675,-9.857598
mh9549,108.95083,5.806818,600,-135.279486,-10.027637
mh9550,111.51569,5.763448,800,-135.404777,-10.134868
mh9551,177.2686,7.5527177,800,-132.073242,-19.210369
mh9552,137.74805,8.175295,700,-131.941376,-19.350702
mh9553,147.13756,5.4948907,700,-131.537268,-19.12333
mh9554,143.01895,12.368194,600,-123.669141,-28.245329
mh9555,171.61493,10.160116,1200,-123.779416,-28.001693
mh9556,91.02932,4.749274,700,-127.087057,-29.180688
mh9557,199.74957,10.921352,1600,-126.751607,-35.615225
mh9558,287.15854,12.922311,1200,-125.700046,-35.72677
mh9559,176.06056,10.89231,1200,-124.150303,-35.594425
mh9560,62.163868,3.8128054,700,-125.763884,-37.719949
mh9561,64.24153,3.2887053,700,-125.980052,-37.864656
mh9562,54.449715,3.70303,900,-127.218406,-37.174013
mh9563,51.763226,3.4704478,800,-126.467397,-37.158653
mh9564,288.16553,20.289454,1000,-123.739949,-36.600852
mh9565,415.99017,25.235365,500,-124.101778,-36.552447
mh9566,250.41896,15.667401,1000,-122.789129,-36.467913
mh9567,168.80176,12.190186,900,-123.747143,26.111789
mh9568,100.709656,10.430683,1300,-67.096987,28.605492
mh9569,117.62165,6.7187467,900,-67.287429,25.988151
mh9570,69.065414,6.3227224,1000,-65.300971,29.669958
mh9571,96.64011,5.317121,1000,-63.674598,32.833747
mh9572,50.50975,8.23317,1000,-65.679661,32.778679
mh9573,70.43255,6.4526954,1000,-65.236243,33.322758
mh9574,56.80609,7.670638,1000,-66.029585,31.963087
mh9575,52.092613,9.944123,1300,-68.087899,31.524077
mh9576,44.50442,4.75586,1200,-67.095138,30.963337
mh9577,175.70547,15.964826,1000,-63.76839,30.38841
mh9578,157.43866,13.166924,1000,-63.864985,30.435899
mh9579,44.167072,3.301671,700,-152.989364,33.713007
mh9580,172.50572,8.170379,800,-157.79221,39.325056
mh9581,92.83515,2.5750353,800,-163.171062,40.524382
mh9582,168.93604,7.3591294,1000,-133.940078,27.19326
mh9583,140.94835,4.1231866,900,-133.185373,27.393392
mh9584,204.24535,9.190027,1100,-133.795655,26.832321
mh9585,261.75092,6.85886,800,-135.982908,30.5631
mh9586,124.15363,5.9851975,700,-133.219423,30.078335
mh9587,106.56223,4.007207,900,-177.221857,46.195522
mh9588,64.610916,5.5473475,800,-122.851492,-28.656798
mh9589,117.92153,9.763178,700,-125.974509,-27.470121
mh9590,111.15319,8.442213,900,-121.961198,-27.506523
mh9591,141.51663,13.1343775,700,-121.820702,-27.503075
mh9592,74.061226,6.373627,1400,-126.332154,-26.651088
mh9593,75.25516,4.8862553,900,-127.015137,-14.056668
mh9594,118.93268,5.7272573,1500,-172.584651,-1.324093
mh9595,171.69238,11.250782,1100,-172.464735,-1.402527
mh9596,144.59549,8.670198,1000,-172.334998,-1.437687
mh9597,242.53722,13.252086,1300,-172.804319,-4.085594
mh9598,80.68189,4.368807,900,-173.81815,-1.455773
mh9599,212.52036,8.2092705,1300,-176.339782,-5.726065
mh9600,139.03719,7.4575024,800,-173.326592,-8.215303
